0	0	0	0	0	0
256	0	0	83	17	26
512	0	0	161	17	41
768	0	0	223	16	57
1024	0	0	274	15	65
1280	0	0	311	13	67
1536	0	0	341	12	68
1792	0	0	368	11	69
2048	0	0	407	10	72
2304	0	0	457	10	75
2560	0	0	517	10	78
2816	0	0	615	10	84
3072	0	0	763	12	96
3328	0	0	965	10	101
3584	0	0	1016	8	92
3840	0	0	1023	12	87
4095	0	0	1023	23	84
0	256	0	17	78	39
256	256	0	75	73	16
512	256	0	158	63	17
768	256	0	226	42	16
1024	256	0	279	14	36
1280	256	0	315	13	50
1536	256	0	343	12	56
1792	256	0	371	10	61
2048	256	0	411	10	66
2304	256	0	461	10	70
2560	256	0	521	10	74
2816	256	0	622	10	81
3072	256	0	772	11	94
3328	256	0	890	11	98
3584	256	0	1018	8	89
3840	256	0	1023	7	87
4095	256	0	1023	40	84
0	512	0	16	144	59
256	512	0	30	143	15
512	512	0	143	140	14
768	512	0	208	125	15
1024	512	0	262	109	14
1280	512	0	307	88	12
1536	512	0	343	60	12
1792	512	0	379	21	16
2048	512	0	424	10	37
2304	512	0	475	10	48
2560	512	0	538	9	58
2816	512	0	649	10	72
3072	512	0	801	12	83
3328	512	0	909	11	84
3584	512	0	992	10	78
3840	512	0	1022	7	79
4095	512	0	1023	86	84
0	768	0	14	192	91
256	768	0	14	192	70
512	768	0	103	186	12
768	768	0	183	179	11
1024	768	0	236	167	12
1280	768	0	282	152	11
1536	768	0	326	139	10
1792	768	0	372	126	10
2048	768	0	425	111	11
2304	768	0	484	88	16
2560	768	0	575	56	21
2816	768	0	712	11	34
3072	768	0	843	11	52
3328	768	0	941	11	61
3584	768	0	1004	9	61
3840	768	0	1022	7	62
4095	768	0	1023	127	84
0	1024	0	11	237	113
256	1024	0	11	237	108
512	1024	0	40	222	11
768	1024	0	150	215	10
1024	1024	0	209	205	10
1280	1024	0	263	200	10
1536	1024	0	315	194	10
1792	1024	0	363	186	10
2048	1024	0	412	177	10
2304	1024	0	474	166	9
2560	1024	0	576	158	10
2816	1024	0	724	154	19
3072	1024	0	856	134	25
3328	1024	0	965	97	29
3584	1024	0	1020	31	23
3840	1024	0	1023	7	25
4095	1024	0	1023	166	84
0	1280	0	10	274	121
256	1280	0	10	274	111
512	1280	0	10	254	58
768	1280	0	118	252	10
1024	1280	0	193	248	10
1280	1280	0	251	245	10
1536	1280	0	303	239	10
1792	1280	0	350	233	10
2048	1280	0	401	227	9
2304	1280	0	465	221	9
2560	1280	0	574	225	11
2816	1280	0	721	229	12
3072	1280	0	844	214	11
3328	1280	0	952	190	16
3584	1280	0	1017	156	18
3840	1280	0	1023	137	19
4095	1280	0	1023	204	85
0	1536	0	10	311	130
256	1536	0	10	311	121
512	1536	0	10	311	90
768	1536	0	70	295	10
1024	1536	0	173	290	10
1280	1536	0	235	286	10
1536	1536	0	288	281	9
1792	1536	0	339	277	10
2048	1536	0	393	275	9
2304	1536	0	470	280	10
2560	1536	0	585	292	11
2816	1536	0	707	292	12
3072	1536	0	818	277	11
3328	1536	0	931	255	10
3584	1536	0	1011	221	8
3840	1536	0	1023	197	8
4095	1536	0	1023	241	88
0	1792	0	9	348	140
256	1792	0	9	349	133
512	1792	0	10	349	107
768	1792	0	9	330	36
1024	1792	0	148	328	9
1280	1792	0	219	327	10
1536	1792	0	278	326	10
1792	1792	0	334	326	11
2048	1792	0	397	331	10
2304	1792	0	485	345	11
2560	1792	0	583	350	11
2816	1792	0	691	348	12
3072	1792	0	794	331	11
3328	1792	0	905	311	10
3584	1792	0	1001	280	8
3840	1792	0	1023	289	83
4095	1792	0	1023	279	91
0	2048	0	10	408	163
256	2048	0	10	409	158
512	2048	0	10	411	130
768	2048	0	10	375	74
1024	2048	0	115	378	10
1280	2048	0	206	378	11
1536	2048	0	278	383	11
1792	2048	0	345	392	11
2048	2048	0	413	400	12
2304	2048	0	488	404	11
2560	2048	0	575	404	12
2816	2048	0	668	395	11
3072	2048	0	768	379	11
3328	2048	0	878	359	10
3584	2048	0	989	334	9
3840	2048	0	1023	327	84
4095	2048	0	1023	316	96
0	2304	0	11	488	184
256	2304	0	11	489	180
512	2304	0	11	491	157
768	2304	0	11	495	122
1024	2304	0	42	454	11
1280	2304	0	199	461	11
1536	2304	0	281	464	12
1792	2304	0	348	464	12
2048	2304	0	410	463	11
2304	2304	0	479	461	11
2560	2304	0	559	455	12
2816	2304	0	647	444	11
3072	2304	0	741	426	11
3328	2304	0	851	407	10
3584	2304	0	976	387	9
3840	2304	0	1023	367	84
4095	2304	0	1023	352	101
0	2560	0	12	558	203
256	2560	0	12	558	199
512	2560	0	12	560	182
768	2560	0	11	564	151
1024	2560	0	12	534	75
1280	2560	0	168	536	11
1536	2560	0	262	536	11
1792	2560	0	333	532	11
2048	2560	0	394	526	11
2304	2560	0	457	518	11
2560	2560	0	532	508	10
2816	2560	0	616	495	11
3072	2560	0	711	478	10
3328	2560	0	825	464	10
3584	2560	0	962	447	9
3840	2560	0	1023	418	83
4095	2560	0	1023	396	106
0	2816	0	11	614	206
256	2816	0	11	614	202
512	2816	0	11	616	197
768	2816	0	11	619	166
1024	2816	0	11	624	118
1280	2816	0	95	597	10
1536	2816	0	226	593	10
1792	2816	0	305	588	10
2048	2816	0	366	583	10
2304	2816	0	427	575	10
2560	2816	0	498	566	10
2816	2816	0	582	554	10
3072	2816	0	683	542	10
3328	2816	0	801	531	9
3584	2816	0	944	520	9
3840	2816	0	1023	479	71
4095	2816	0	1023	448	112
0	3072	0	10	677	216
256	3072	0	10	678	212
512	3072	0	10	680	200
768	3072	0	10	685	183
1024	3072	0	10	692	147
1280	3072	0	10	655	59
1536	3072	0	182	654	10
1792	3072	0	268	648	10
2048	3072	0	335	644	9
2304	3072	0	397	638	9
2560	3072	0	467	634	9
2816	3072	0	552	625	9
3072	3072	0	653	616	9
3328	3072	0	774	607	9
3584	3072	0	918	598	9
3840	3072	0	1023	554	15
4095	3072	0	1023	510	113
0	3328	0	9	761	227
256	3328	0	9	762	224
512	3328	0	9	765	214
768	3328	0	9	770	195
1024	3328	0	9	778	165
1280	3328	0	9	789	110
1536	3328	0	122	738	9
1792	3328	0	236	735	9
2048	3328	0	309	730	9
2304	3328	0	373	727	9
2560	3328	0	441	722	9
2816	3328	0	525	716	9
3072	3328	0	624	709	9
3328	3328	0	744	700	8
3584	3328	0	869	679	9
3840	3328	0	1006	649	8
4095	3328	0	1023	584	98
0	3584	0	8	845	225
256	3584	0	9	846	222
512	3584	0	8	848	226
768	3584	0	8	851	205
1024	3584	0	8	857	185
1280	3584	0	8	865	143
1536	3584	0	9	829	36
1792	3584	0	196	828	8
2048	3584	0	280	825	8
2304	3584	0	347	822	8
2560	3584	0	412	816	8
2816	3584	0	491	807	8
3072	3584	0	583	795	8
3328	3584	0	691	779	8
3584	3584	0	816	763	7
3840	3584	0	977	754	7
4095	3584	0	1022	672	7
0	3840	0	8	946	236
256	3840	0	8	947	234
512	3840	0	8	951	227
768	3840	0	8	957	214
1024	3840	0	8	968	192
1280	3840	0	8	983	159
1536	3840	0	7	1001	99
1792	3840	0	141	923	8
2048	3840	0	241	917	7
2304	3840	0	311	912	7
2560	3840	0	371	906	7
2816	3840	0	448	902	7
3072	3840	0	542	897	7
3328	3840	0	652	893	7
3584	3840	0	788	887	7
3840	3840	0	950	881	7
4095	3840	0	1020	795	7
0	4095	0	7	1021	244
256	4095	0	7	1022	242
512	4095	0	8	1023	235
768	4095	0	7	1022	222
1024	4095	0	7	1022	203
1280	4095	0	7	1022	174
1536	4095	0	7	1023	128
1792	4095	0	12	1023	9
2048	4095	0	207	1022	8
2304	4095	0	286	1023	7
2560	4095	0	350	1023	7
2816	4095	0	420	1022	7
3072	4095	0	510	1021	7
3328	4095	0	620	1022	7
3584	4095	0	748	1021	7
3840	4095	0	931	1023	98
4095	4095	0	1022	951	7
0	0	256	17	24	73
256	0	256	82	17	74
512	0	256	160	17	77
768	0	256	222	16	84
1024	0	256	273	15	86
1280	0	256	310	13	85
1536	0	256	340	12	84
1792	0	256	368	11	83
2048	0	256	407	10	85
2304	0	256	456	10	87
2560	0	256	516	10	89
2816	0	256	615	10	95
3072	0	256	763	11	108
3328	0	256	965	10	111
3584	0	256	1016	8	101
3840	0	256	1023	11	95
4095	0	256	1023	23	93
0	256	256	17	78	72
256	256	256	72	72	72
512	256	256	157	61	69
768	256	256	225	40	66
1024	256	256	278	14	69
1280	256	256	314	13	73
1536	256	256	343	11	75
1792	256	256	370	10	77
2048	256	256	411	10	80
2304	256	256	460	10	83
2560	256	256	521	10	86
2816	256	256	622	10	92
3072	256	256	772	11	105
3328	256	256	890	11	109
3584	256	256	1018	8	99
3840	256	256	1023	7	94
4095	256	256	1023	39	93
0	512	256	16	144	84
256	512	256	16	143	66
512	512	256	142	140	60
768	512	256	208	125	65
1024	512	256	262	108	61
1280	512	256	307	87	50
1536	512	256	343	60	46
1792	512	256	379	21	46
2048	512	256	424	10	58
2304	512	256	474	10	66
2560	512	256	537	9	74
2816	512	256	649	10	88
3072	512	256	801	12	96
3328	512	256	909	11	95
3584	512	256	992	10	88
3840	512	256	1023	15	88
4095	512	256	1023	86	93
0	768	256	14	192	105
256	768	256	14	191	89
512	768	256	99	186	50
768	768	256	182	179	46
1024	768	256	236	165	52
1280	768	256	283	151	48
1536	768	256	327	138	45
1792	768	256	372	126	42
2048	768	256	425	110	42
2304	768	256	484	88	43
2560	768	256	575	56	47
2816	768	256	712	11	58
3072	768	256	843	12	73
3328	768	256	941	11	77
3584	768	256	1004	9	74
3840	768	256	1022	7	75
4095	768	256	1023	127	93
0	1024	256	11	237	123
256	1024	256	11	224	106
512	1024	256	20	223	38
768	1024	256	147	215	37
1024	1024	256	208	205	35
1280	1024	256	264	199	39
1536	1024	256	316	192	37
1792	1024	256	364	185	38
2048	1024	256	413	175	39
2304	1024	256	475	164	38
2560	1024	256	576	158	43
2816	1024	256	724	154	50
3072	1024	256	856	134	53
3328	1024	256	965	97	52
3584	1024	256	1020	31	43
3840	1024	256	1023	7	45
4095	1024	256	1023	166	94
0	1280	256	10	274	131
256	1280	256	10	274	121
512	1280	256	10	254	73
768	1280	256	108	252	27
1024	1280	256	189	248	27
1280	1280	256	250	245	28
1536	1280	256	303	239	30
1792	1280	256	352	231	31
2048	1280	256	403	225	32
2304	1280	256	468	219	33
2560	1280	256	579	223	39
2816	1280	256	724	228	45
3072	1280	256	845	213	46
3328	1280	256	952	190	45
3584	1280	256	1017	156	39
3840	1280	256	1023	137	38
4095	1280	256	1023	203	94
0	1536	256	10	310	141
256	1536	256	10	311	133
512	1536	256	10	295	96
768	1536	256	29	295	10
1024	1536	256	164	291	11
1280	1536	256	231	286	14
1536	1536	256	287	281	17
1792	1536	256	340	277	19
2048	1536	256	395	274	22
2304	1536	256	473	278	25
2560	1536	256	591	289	32
2816	1536	256	713	288	36
3072	1536	256	824	273	38
3328	1536	256	937	252	37
3584	1536	256	1012	219	38
3840	1536	256	1023	249	94
4095	1536	256	1023	241	97
0	1792	256	9	348	151
256	1792	256	10	348	145
512	1792	256	9	349	120
768	1792	256	9	330	57
1024	1792	256	132	329	9
1280	1792	256	212	327	10
1536	1792	256	275	327	10
1792	1792	256	333	326	10
2048	1792	256	397	331	10
2304	1792	256	488	343	11
2560	1792	256	589	348	12
2816	1792	256	699	344	20
3072	1792	256	803	327	24
3328	1792	256	917	306	27
3584	1792	256	1006	274	25
3840	1792	256	1023	289	95
4095	1792	256	1023	279	101
0	2048	256	10	408	171
256	2048	256	10	409	167
512	2048	256	10	410	141
768	2048	256	10	375	90
1024	2048	256	84	379	10
1280	2048	256	196	378	11
1536	2048	256	271	383	11
1792	2048	256	341	392	11
2048	2048	256	411	400	12
2304	2048	256	488	403	11
2560	2048	256	578	402	12
2816	2048	256	674	393	11
3072	2048	256	777	375	11
3328	2048	256	892	354	10
3584	2048	256	998	325	9
3840	2048	256	1023	327	97
4095	2048	256	1023	315	105
0	2304	256	11	488	193
256	2304	256	11	488	189
512	2304	256	11	491	175
768	2304	256	11	495	136
1024	2304	256	11	455	49
1280	2304	256	183	461	11
1536	2304	256	271	466	12
1792	2304	256	342	465	12
2048	2304	256	406	464	11
2304	2304	256	477	461	11
2560	2304	256	558	454	12
2816	2304	256	649	443	11
3072	2304	256	746	424	11
3328	2304	256	861	404	10
3584	2304	256	983	380	9
3840	2304	256	1023	367	97
4095	2304	256	1023	352	111
0	2560	256	11	557	215
256	2560	256	12	558	210
512	2560	256	12	560	194
768	2560	256	11	563	163
1024	2560	256	12	534	100
1280	2560	256	141	537	11
1536	2560	256	250	537	11
1792	2560	256	326	533	11
2048	2560	256	390	527	11
2304	2560	256	453	519	11
2560	2560	256	529	509	10
2816	2560	256	616	495	11
3072	2560	256	713	477	10
3328	2560	256	830	462	10
3584	2560	256	967	443	9
3840	2560	256	1023	417	95
4095	2560	256	1023	396	117
0	2816	256	11	613	217
256	2816	256	11	614	213
512	2816	256	11	616	209
768	2816	256	11	619	179
1024	2816	256	11	624	136
1280	2816	256	11	599	14
1536	2816	256	213	595	10
1792	2816	256	296	590	10
2048	2816	256	361	584	10
2304	2816	256	423	577	10
2560	2816	256	494	567	10
2816	2816	256	580	555	10
3072	2816	256	682	542	10
3328	2816	256	803	530	10
3584	2816	256	949	518	9
3840	2816	256	1023	478	85
4095	2816	256	1023	448	122
0	3072	256	10	677	225
256	3072	256	10	677	222
512	3072	256	10	680	209
768	3072	256	10	684	193
1024	3072	256	10	691	154
1280	3072	256	10	655	84
1536	3072	256	164	656	10
1792	3072	256	259	651	10
2048	3072	256	329	646	9
2304	3072	256	392	640	9
2560	3072	256	462	635	9
2816	3072	256	549	626	9
3072	3072	256	651	617	9
3328	3072	256	774	607	9
3584	3072	256	920	597	9
3840	3072	256	1023	554	39
4095	3072	256	1023	508	116
0	3328	256	9	761	234
256	3328	256	9	762	232
512	3328	256	9	765	222
768	3328	256	9	770	203
1024	3328	256	9	778	175
1280	3328	256	9	789	125
1536	3328	256	85	740	9
1792	3328	256	225	737	9
2048	3328	256	302	733	9
2304	3328	256	367	729	9
2560	3328	256	436	724	9
2816	3328	256	521	718	9
3072	3328	256	620	710	9
3328	3328	256	742	701	8
3584	3328	256	869	679	9
3840	3328	256	1007	648	8
4095	3328	256	1023	581	95
0	3584	256	9	845	233
256	3584	256	8	845	231
512	3584	256	8	847	220
768	3584	256	8	851	214
1024	3584	256	8	857	182
1280	3584	256	8	865	146
1536	3584	256	9	829	65
1792	3584	256	182	830	8
2048	3584	256	271	826	8
2304	3584	256	341	824	8
2560	3584	256	406	818	8
2816	3584	256	486	809	8
3072	3584	256	579	797	8
3328	3584	256	688	780	7
3584	3584	256	814	763	7
3840	3584	256	977	754	7
4095	3584	256	1021	671	7
0	3840	256	8	945	242
256	3840	256	8	946	240
512	3840	256	8	950	233
768	3840	256	8	957	219
1024	3840	256	7	968	198
1280	3840	256	8	982	167
1536	3840	256	7	1000	112
1792	3840	256	119	926	8
2048	3840	256	233	921	7
2304	3840	256	306	916	7
2560	3840	256	367	910	7
2816	3840	256	443	905	7
3072	3840	256	537	900	7
3328	3840	256	648	894	7
3584	3840	256	784	889	7
3840	3840	256	948	882	7
4095	3840	256	1020	796	7
0	4095	256	7	1021	249
256	4095	256	8	1022	247
512	4095	256	7	1022	241
768	4095	256	7	1021	227
1024	4095	256	8	1021	209
1280	4095	256	7	1022	180
1536	4095	256	7	1022	137
1792	4095	256	7	1023	38
2048	4095	256	196	1022	8
2304	4095	256	279	1022	7
2560	4095	256	344	1023	7
2816	4095	256	415	1022	7
3072	4095	256	503	1021	7
3328	4095	256	614	1022	7
3584	4095	256	744	1022	7
3840	4095	256	930	1023	109
4095	4095	256	1023	955	7
0	0	512	17	38	147
256	0	512	77	17	145
512	0	512	157	16	143
768	0	512	221	16	141
1024	0	512	270	14	136
1280	0	512	308	13	130
1536	0	512	339	12	125
1792	0	512	367	11	121
2048	0	512	406	10	122
2304	0	512	455	10	123
2560	0	512	515	10	124
2816	0	512	614	10	132
3072	0	512	761	11	145
3328	0	512	882	11	148
3584	0	512	1016	8	136
3840	0	512	1023	7	131
4095	0	512	1023	19	122
0	256	512	17	82	143
256	256	512	64	70	147
512	256	512	155	59	143
768	256	512	223	38	138
1024	256	512	275	14	131
1280	256	512	312	13	126
1536	256	512	341	11	121
1792	256	512	370	10	118
2048	256	512	410	10	119
2304	256	512	459	10	120
2560	256	512	520	10	122
2816	256	512	621	10	130
3072	256	512	770	12	143
3328	256	512	888	11	147
3584	256	512	982	10	142
3840	256	512	1022	7	129
4095	256	512	1023	36	122
0	512	512	16	143	129
256	512	512	16	142	127
512	512	512	140	140	140
768	512	512	205	124	129
1024	512	512	261	107	122
1280	512	512	305	86	114
1536	512	512	342	58	105
1792	512	512	379	19	104
2048	512	512	424	10	107
2304	512	512	473	10	110
2560	512	512	536	10	114
2816	512	512	648	10	127
3072	512	512	800	12	137
3328	512	512	908	11	135
3584	512	512	991	10	125
3840	512	512	1023	7	119
4095	512	512	1023	84	123
0	768	512	14	191	135
256	768	512	14	190	127
512	768	512	95	186	121
768	768	512	180	178	112
1024	768	512	235	165	122
1280	768	512	282	151	116
1536	768	512	327	138	107
1792	768	512	372	125	101
2048	768	512	424	110	100
2304	768	512	483	87	99
2560	768	512	575	55	102
2816	768	512	711	11	112
3072	768	512	841	11	122
3328	768	512	940	11	121
3584	768	512	1004	9	113
3840	768	512	1023	11	108
4095	768	512	1023	126	124
0	1024	512	11	235	163
256	1024	512	11	222	136
512	1024	512	11	222	108
768	1024	512	145	214	104
1024	1024	512	208	204	99
1280	1024	512	263	199	104
1536	1024	512	316	192	99
1792	1024	512	364	185	98
2048	1024	512	412	175	99
2304	1024	512	474	164	96
2560	1024	512	575	158	102
2816	1024	512	724	154	111
3072	1024	512	856	133	112
3328	1024	512	964	97	106
3584	1024	512	1020	30	95
3840	1024	512	1023	167	126
4095	1024	512	1023	166	125
0	1280	512	10	273	162
256	1280	512	10	273	155
512	1280	512	10	253	118
768	1280	512	106	252	93
1024	1280	512	188	248	93
1280	1280	512	249	244	93
1536	1280	512	303	239	94
1792	1280	512	351	231	95
2048	1280	512	402	225	94
2304	1280	512	468	219	93
2560	1280	512	579	223	102
2816	1280	512	724	228	110
3072	1280	512	845	213	107
3328	1280	512	951	189	103
3584	1280	512	1016	156	92
3840	1280	512	1023	208	127
4095	1280	512	1023	203	127
0	1536	512	10	309	171
256	1536	512	10	310	165
512	1536	512	10	294	135
768	1536	512	21	295	88
1024	1536	512	163	291	87
1280	1536	512	230	286	87
1536	1536	512	286	281	87
1792	1536	512	339	277	89
2048	1536	512	394	274	88
2304	1536	512	473	278	90
2560	1536	512	590	290	100
2816	1536	512	713	288	105
3072	1536	512	824	273	103
3328	1536	512	936	252	97
3584	1536	512	1012	219	98
3840	1536	512	1023	247	128
4095	1536	512	1023	239	128
0	1792	512	9	347	180
256	1792	512	9	348	176
512	1792	512	9	348	159
768	1792	512	9	329	111
1024	1792	512	123	329	80
1280	1792	512	208	327	81
1536	1792	512	273	327	82
1792	1792	512	332	326	85
2048	1792	512	398	331	84
2304	1792	512	487	343	87
2560	1792	512	588	348	92
2816	1792	512	699	343	100
3072	1792	512	803	326	97
3328	1792	512	917	306	92
3584	1792	512	1006	274	85
3840	1792	512	1023	288	129
4095	1792	512	1023	277	132
0	2048	512	10	408	192
256	2048	512	10	408	189
512	2048	512	10	410	179
768	2048	512	10	374	137
1024	2048	512	34	380	76
1280	2048	512	186	380	78
1536	2048	512	265	384	81
1792	2048	512	338	392	84
2048	2048	512	409	400	89
2304	2048	512	488	403	86
2560	2048	512	579	402	91
2816	2048	512	676	392	93
3072	2048	512	779	374	90
3328	2048	512	894	353	86
3584	2048	512	997	325	81
3840	2048	512	1023	326	130
4095	2048	512	1023	314	135
0	2304	512	11	487	227
256	2304	512	11	487	224
512	2304	512	11	490	203
768	2304	512	11	494	180
1024	2304	512	11	455	119
1280	2304	512	157	462	75
1536	2304	512	258	467	77
1792	2304	512	335	466	79
2048	2304	512	402	464	80
2304	2304	512	474	461	81
2560	2304	512	558	454	83
2816	2304	512	651	442	83
3072	2304	512	750	422	80
3328	2304	512	868	402	78
3584	2304	512	986	376	74
3840	2304	512	1023	366	130
4095	2304	512	1023	351	139
0	2560	512	12	556	241
256	2560	512	12	557	237
512	2560	512	12	559	223
768	2560	512	11	563	201
1024	2560	512	12	533	149
1280	2560	512	57	540	63
1536	2560	512	227	539	64
1792	2560	512	313	536	64
2048	2560	512	381	530	65
2304	2560	512	448	521	66
2560	2560	512	526	510	66
2816	2560	512	616	495	70
3072	2560	512	716	476	69
3328	2560	512	837	460	67
3584	2560	512	972	437	66
3840	2560	512	1023	417	128
4095	2560	512	1023	395	143
0	2816	512	11	612	249
256	2816	512	11	613	245
512	2816	512	11	615	231
768	2816	512	11	618	206
1024	2816	512	10	623	174
1280	2816	512	11	599	107
1536	2816	512	173	599	46
1792	2816	512	274	594	42
2048	2816	512	348	588	44
2304	2816	512	413	580	45
2560	2816	512	487	569	47
2816	2816	512	576	556	48
3072	2816	512	682	542	52
3328	2816	512	806	529	53
3584	2816	512	954	513	54
3840	2816	512	1023	478	120
4095	2816	512	1023	447	145
0	3072	512	10	675	244
256	3072	512	10	676	240
512	3072	512	10	678	238
768	3072	512	10	683	216
1024	3072	512	10	690	190
1280	3072	512	10	655	132
1536	3072	512	65	664	18
1792	3072	512	228	658	21
2048	3072	512	310	652	23
2304	3072	512	377	646	25
2560	3072	512	451	639	28
2816	3072	512	539	630	30
3072	3072	512	645	619	32
3328	3072	512	773	607	36
3584	3072	512	925	596	37
3840	3072	512	1023	553	92
4095	3072	512	1023	509	143
0	3328	512	9	760	253
256	3328	512	9	760	250
512	3328	512	9	763	241
768	3328	512	9	769	228
1024	3328	512	9	777	200
1280	3328	512	9	788	160
1536	3328	512	9	744	77
1792	3328	512	183	745	9
2048	3328	512	278	741	9
2304	3328	512	350	736	9
2560	3328	512	421	729	9
2816	3328	512	507	722	9
3072	3328	512	608	713	9
3328	3328	512	735	703	8
3584	3328	512	867	680	11
3840	3328	512	1012	646	17
4095	3328	512	1023	582	125
0	3584	512	8	844	259
256	3584	512	9	844	256
512	3584	512	8	847	246
768	3584	512	9	850	227
1024	3584	512	8	856	212
1280	3584	512	8	864	181
1536	3584	512	9	828	115
1792	3584	512	121	836	8
2048	3584	512	243	833	8
2304	3584	512	321	829	8
2560	3584	512	389	824	8
2816	3584	512	470	815	8
3072	3584	512	565	802	8
3328	3584	512	677	785	7
3584	3584	512	807	767	7
3840	3584	512	975	755	7
4095	3584	512	1023	669	15
0	3840	512	8	944	257
256	3840	512	8	945	255
512	3840	512	8	949	251
768	3840	512	8	956	238
1024	3840	512	8	967	218
1280	3840	512	8	981	189
1536	3840	512	7	1000	145
1792	3840	512	8	933	40
2048	3840	512	201	932	7
2304	3840	512	286	926	7
2560	3840	512	352	920	7
2816	3840	512	426	913	7
3072	3840	512	521	908	7
3328	3840	512	635	901	7
3584	3840	512	772	893	7
3840	3840	512	940	885	7
4095	3840	512	1020	798	7
0	4095	512	8	1022	264
256	4095	512	7	1021	262
512	4095	512	7	1021	255
768	4095	512	7	1022	245
1024	4095	512	15	1023	226
1280	4095	512	8	1021	200
1536	4095	512	7	1022	163
1792	4095	512	7	1022	99
2048	4095	512	152	1022	7
2304	4095	512	255	1023	7
2560	4095	512	327	1022	7
2816	4095	512	397	1022	7
3072	4095	512	484	1023	7
3328	4095	512	595	1023	7
3584	4095	512	727	1022	7
3840	4095	512	928	1023	139
4095	4095	512	1023	965	7
0	0	768	17	48	206
256	0	768	67	17	212
512	0	768	154	16	202
768	0	768	218	16	195
1024	0	768	267	14	189
1280	0	768	306	13	180
1536	0	768	336	11	172
1792	0	768	365	11	167
2048	0	768	405	10	167
2304	0	768	454	10	167
2560	0	768	514	10	167
2816	0	768	613	10	176
3072	0	768	758	11	191
3328	0	768	880	11	194
3584	0	768	975	10	187
3840	0	768	1023	9	167
4095	0	768	1023	9	160
0	256	768	17	85	199
256	256	768	44	66	211
512	256	768	149	56	207
768	256	768	220	33	201
1024	256	768	272	14	188
1280	256	768	310	13	178
1536	256	768	339	11	170
1792	256	768	368	10	165
2048	256	768	409	10	166
2304	256	768	458	10	166
2560	256	768	518	10	166
2816	256	768	620	10	175
3072	256	768	767	12	190
3328	256	768	886	11	193
3584	256	768	980	10	185
3840	256	768	1022	7	169
4095	256	768	1023	29	160
0	512	768	16	144	188
256	512	768	16	142	198
512	512	768	131	136	201
768	512	768	202	122	190
1024	512	768	257	105	180
1280	512	768	302	84	169
1536	512	768	339	57	158
1792	512	768	378	15	157
2048	512	768	423	10	159
2304	512	768	471	10	159
2560	512	768	535	9	160
2816	512	768	647	10	175
3072	512	768	798	12	186
3328	512	768	906	11	182
3584	512	768	991	10	169
3840	512	768	1023	62	164
4095	512	768	1023	80	160
0	768	768	14	189	168
256	768	768	14	188	184
512	768	768	87	184	181
768	768	768	177	177	177
1024	768	768	232	163	167
1280	768	768	280	150	159
1536	768	768	325	137	155
1792	768	768	372	124	153
2048	768	768	423	109	152
2304	768	768	482	87	151
2560	768	768	574	54	154
2816	768	768	710	11	165
3072	768	768	840	11	174
3328	768	768	938	11	171
3584	768	768	1003	9	158
3840	768	768	1023	120	165
4095	768	768	1023	124	161
0	1024	768	11	220	172
256	1024	768	11	220	169
512	1024	768	11	220	155
768	1024	768	141	213	159
1024	1024	768	206	204	154
1280	1024	768	262	198	161
1536	1024	768	315	192	154
1792	1024	768	363	184	153
2048	1024	768	412	174	148
2304	1024	768	473	164	149
2560	1024	768	574	158	155
2816	1024	768	723	153	165
3072	1024	768	855	133	165
3328	1024	768	964	96	158
3584	1024	768	1020	30	140
3840	1024	768	1023	166	165
4095	1024	768	1023	165	162
0	1280	768	10	271	197
256	1280	768	10	271	194
512	1280	768	10	252	164
768	1280	768	100	252	151
1024	1280	768	187	248	151
1280	1280	768	248	244	149
1536	1280	768	302	238	151
1792	1280	768	350	231	150
2048	1280	768	402	225	149
2304	1280	768	467	219	148
2560	1280	768	578	224	158
2816	1280	768	723	227	165
3072	1280	768	842	213	162
3328	1280	768	950	189	155
3584	1280	768	1016	156	138
3840	1280	768	1023	207	166
4095	1280	768	1023	203	163
0	1536	768	10	308	202
256	1536	768	10	308	198
512	1536	768	10	293	175
768	1536	768	10	295	147
1024	1536	768	161	290	145
1280	1536	768	228	286	144
1536	1536	768	285	281	144
1792	1536	768	339	276	146
2048	1536	768	394	274	145
2304	1536	768	473	279	145
2560	1536	768	590	290	158
2816	1536	768	712	288	163
3072	1536	768	823	273	159
3328	1536	768	936	251	151
3584	1536	768	1012	219	138
3840	1536	768	1023	247	166
4095	1536	768	1023	239	164
0	1792	768	9	346	212
256	1792	768	10	346	209
512	1792	768	10	347	197
768	1792	768	9	329	161
1024	1792	768	120	329	140
1280	1792	768	207	327	141
1536	1792	768	272	327	142
1792	1792	768	331	325	144
2048	1792	768	398	331	142
2304	1792	768	487	343	144
2560	1792	768	587	348	152
2816	1792	768	698	343	160
3072	1792	768	801	326	156
3328	1792	768	916	305	149
3584	1792	768	1006	274	135
3840	1792	768	1023	287	167
4095	1792	768	1023	276	166
0	2048	768	10	406	229
256	2048	768	10	407	227
512	2048	768	10	409	219
768	2048	768	10	373	181
1024	2048	768	23	380	139
1280	2048	768	184	379	140
1536	2048	768	265	385	145
1792	2048	768	337	393	149
2048	2048	768	409	400	154
2304	2048	768	487	403	148
2560	2048	768	578	402	155
2816	2048	768	675	392	157
3072	2048	768	778	374	151
3328	2048	768	892	353	146
3584	2048	768	997	325	135
3840	2048	768	1023	325	167
4095	2048	768	1023	312	168
0	2304	768	11	485	264
256	2304	768	11	486	252
512	2304	768	11	489	243
768	2304	768	11	494	225
1024	2304	768	11	454	176
1280	2304	768	154	462	146
1536	2304	768	258	468	149
1792	2304	768	334	466	150
2048	2304	768	402	464	151
2304	2304	768	473	461	152
2560	2304	768	556	454	153
2816	2304	768	650	442	153
3072	2304	768	749	422	150
3328	2304	768	867	402	141
3584	2304	768	986	376	134
3840	2304	768	1023	365	166
4095	2304	768	1023	349	171
0	2560	768	11	555	273
256	2560	768	11	556	270
512	2560	768	12	558	264
768	2560	768	11	562	241
1024	2560	768	12	533	198
1280	2560	768	46	540	144
1536	2560	768	225	539	144
1792	2560	768	312	535	144
2048	2560	768	380	529	143
2304	2560	768	447	521	143
2560	2560	768	525	510	141
2816	2560	768	615	495	144
3072	2560	768	715	476	142
3328	2560	768	836	459	135
3584	2560	768	972	438	131
3840	2560	768	1023	416	164
4095	2560	768	1023	393	174
0	2816	768	11	611	277
256	2816	768	11	611	274
512	2816	768	11	613	262
768	2816	768	11	616	253
1024	2816	768	11	622	215
1280	2816	768	11	597	161
1536	2816	768	171	598	132
1792	2816	768	273	593	132
2048	2816	768	347	587	132
2304	2816	768	413	579	131
2560	2816	768	486	569	131
2816	2816	768	575	556	129
3072	2816	768	681	542	132
3328	2816	768	806	529	130
3584	2816	768	953	514	126
3840	2816	768	1023	477	157
4095	2816	768	1023	445	174
0	3072	768	10	674	280
256	3072	768	10	675	277
512	3072	768	10	677	267
768	3072	768	10	682	248
1024	3072	768	10	689	227
1280	3072	768	10	654	180
1536	3072	768	57	664	119
1792	3072	768	226	657	119
2048	3072	768	309	652	119
2304	3072	768	377	646	119
2560	3072	768	450	639	120
2816	3072	768	539	630	120
3072	3072	768	644	619	120
3328	3072	768	772	607	122
3584	3072	768	924	596	122
3840	3072	768	1023	552	137
4095	3072	768	1023	508	172
0	3328	768	9	758	278
256	3328	768	9	759	276
512	3328	768	9	762	274
768	3328	768	9	768	258
1024	3328	768	9	776	234
1280	3328	768	9	787	202
1536	3328	768	9	742	146
1792	3328	768	173	746	108
2048	3328	768	273	742	109
2304	3328	768	347	737	109
2560	3328	768	418	730	109
2816	3328	768	505	723	109
3072	3328	768	606	713	109
3328	3328	768	734	703	108
3584	3328	768	866	680	112
3840	3328	768	1011	646	109
4095	3328	768	1023	583	161
0	3584	768	9	843	279
256	3584	768	9	843	276
512	3584	768	9	846	267
768	3584	768	8	850	266
1024	3584	768	8	856	239
1280	3584	768	8	863	215
1536	3584	768	9	828	163
1792	3584	768	68	839	93
2048	3584	768	230	835	94
2304	3584	768	313	831	94
2560	3584	768	382	826	94
2816	3584	768	464	816	95
3072	3584	768	560	804	96
3328	3584	768	674	787	97
3584	3584	768	804	767	97
3840	3584	768	974	755	99
4095	3584	768	1023	666	74
0	3840	768	8	942	283
256	3840	768	8	943	281
512	3840	768	8	947	275
768	3840	768	8	955	263
1024	3840	768	8	965	247
1280	3840	768	8	980	221
1536	3840	768	8	998	185
1792	3840	768	8	932	121
2048	3840	768	174	939	82
2304	3840	768	271	932	82
2560	3840	768	342	926	83
2816	3840	768	417	918	84
3072	3840	768	512	912	86
3328	3840	768	627	904	87
3584	3840	768	765	896	88
3840	3840	768	935	887	90
4095	3840	768	985	775	24
0	4095	768	7	1021	288
256	4095	768	7	1022	286
512	4095	768	7	1022	280
768	4095	768	7	1021	268
1024	4095	768	7	1022	253
1280	4095	768	7	1021	228
1536	4095	768	7	1020	196
1792	4095	768	7	1021	148
2048	4095	768	7	1022	41
2304	4095	768	208	999	8
2560	4095	768	295	993	8
2816	4095	768	362	985	9
3072	4095	768	443	976	9
3328	4095	768	544	970	14
3584	4095	768	771	1023	180
3840	4095	768	924	1023	176
4095	4095	768	971	930	9
0	0	1024	17	54	259
256	0	1024	54	17	270
512	0	1024	149	16	259
768	0	1024	215	16	248
1024	0	1024	263	14	235
1280	0	1024	303	13	224
1536	0	1024	333	11	214
1792	0	1024	363	10	208
2048	0	1024	403	10	207
2304	0	1024	453	10	207
2560	0	1024	512	10	206
2816	0	1024	612	10	217
3072	0	1024	755	11	234
3328	0	1024	877	11	236
3584	0	1024	973	10	227
3840	0	1024	1019	8	207
4095	0	1024	1022	7	198
0	256	1024	16	87	250
256	256	1024	16	67	276
512	256	1024	140	52	269
768	256	1024	216	25	262
1024	256	1024	267	14	239
1280	256	1024	306	13	226
1536	256	1024	336	11	214
1792	256	1024	366	10	207
2048	256	1024	407	10	206
2304	256	1024	456	10	205
2560	256	1024	517	10	205
2816	256	1024	619	10	216
3072	256	1024	764	12	233
3328	256	1024	884	11	235
3584	256	1024	978	10	226
3840	256	1024	1021	8	206
4095	256	1024	1023	24	194
0	512	1024	16	145	233
256	512	1024	16	143	250
512	512	1024	120	133	260
768	512	1024	197	119	245
1024	512	1024	253	103	232
1280	512	1024	299	82	218
1536	512	1024	337	54	206
1792	512	1024	377	10	203
2048	512	1024	421	10	203
2304	512	1024	470	10	201
2560	512	1024	533	9	201
2816	512	1024	646	11	215
3072	512	1024	795	12	231
3328	512	1024	904	11	225
3584	512	1024	990	10	210
3840	512	1024	1023	56	201
4095	512	1024	1023	76	195
0	768	1024	13	187	215
256	768	1024	13	186	221
512	768	1024	74	183	215
768	768	1024	172	176	230
1024	768	1024	229	162	218
1280	768	1024	278	149	207
1536	768	1024	324	136	202
1792	768	1024	371	123	200
2048	768	1024	421	108	197
2304	768	1024	481	85	196
2560	768	1024	573	52	199
2816	768	1024	708	11	213
3072	768	1024	838	12	221
3328	768	1024	937	11	216
3584	768	1024	1002	9	200
3840	768	1024	1023	118	201
4095	768	1024	1023	122	195
0	1024	1024	12	218	211
256	1024	1024	12	218	212
512	1024	1024	12	218	214
768	1024	1024	136	211	207
1024	1024	1024	202	202	202
1280	1024	1024	261	198	201
1536	1024	1024	314	192	200
1792	1024	1024	361	184	197
2048	1024	1024	410	174	194
2304	1024	1024	472	163	193
2560	1024	1024	572	157	202
2816	1024	1024	722	153	214
3072	1024	1024	854	132	214
3328	1024	1024	962	95	204
3584	1024	1024	1019	28	183
3840	1024	1024	1023	164	201
4095	1024	1024	1023	163	196
0	1280	1024	10	269	228
256	1280	1024	10	250	208
512	1280	1024	10	251	204
768	1280	1024	93	251	200
1024	1280	1024	184	247	199
1280	1280	1024	246	244	195
1536	1280	1024	300	238	199
1792	1280	1024	349	231	198
2048	1280	1024	400	225	195
2304	1280	1024	466	218	192
2560	1280	1024	578	223	208
2816	1280	1024	721	227	216
3072	1280	1024	840	213	210
3328	1280	1024	949	189	202
3584	1280	1024	1016	155	182
3840	1280	1024	1023	206	202
4095	1280	1024	1023	202	197
0	1536	1024	10	306	237
256	1536	1024	10	306	235
512	1536	1024	10	291	209
768	1536	1024	10	294	197
1024	1536	1024	158	290	193
1280	1536	1024	226	285	192
1536	1536	1024	283	280	190
1792	1536	1024	338	277	192
2048	1536	1024	393	273	190
2304	1536	1024	472	278	191
2560	1536	1024	589	290	208
2816	1536	1024	711	288	214
3072	1536	1024	822	273	207
3328	1536	1024	933	251	199
3584	1536	1024	1011	219	182
3840	1536	1024	1023	246	203
4095	1536	1024	1023	239	198
0	1792	1024	10	345	244
256	1792	1024	10	345	241
512	1792	1024	9	346	234
768	1792	1024	9	328	203
1024	1792	1024	115	329	188
1280	1792	1024	205	327	188
1536	1792	1024	271	327	189
1792	1792	1024	330	325	193
2048	1792	1024	397	332	189
2304	1792	1024	486	343	192
2560	1792	1024	586	348	203
2816	1792	1024	697	343	212
3072	1792	1024	800	326	206
3328	1792	1024	915	305	197
3584	1792	1024	1005	274	180
3840	1792	1024	1023	286	203
4095	1792	1024	1023	275	200
0	2048	1024	10	405	267
256	2048	1024	10	406	265
512	2048	1024	10	408	260
768	2048	1024	10	372	223
1024	2048	1024	10	380	189
1280	2048	1024	181	379	189
1536	2048	1024	263	385	196
1792	2048	1024	337	393	201
2048	2048	1024	408	401	208
2304	2048	1024	486	403	200
2560	2048	1024	577	402	208
2816	2048	1024	674	392	211
3072	2048	1024	776	374	202
3328	2048	1024	891	353	194
3584	2048	1024	996	325	181
3840	2048	1024	1023	324	203
4095	2048	1024	1023	311	201
0	2304	1024	11	484	292
256	2304	1024	11	485	290
512	2304	1024	11	488	283
768	2304	1024	12	492	270
1024	2304	1024	11	454	226
1280	2304	1024	150	463	201
1536	2304	1024	256	467	205
1792	2304	1024	333	466	207
2048	2304	1024	400	464	207
2304	2304	1024	472	461	208
2560	2304	1024	555	454	208
2816	2304	1024	649	441	208
3072	2304	1024	748	422	203
3328	2304	1024	864	402	190
3584	2304	1024	985	377	181
3840	2304	1024	1023	364	202
4095	2304	1024	1023	348	203
0	2560	1024	11	554	313
256	2560	1024	12	555	311
512	2560	1024	11	557	301
768	2560	1024	11	561	282
1024	2560	1024	12	532	243
1280	2560	1024	29	540	203
1536	2560	1024	223	538	203
1792	2560	1024	310	535	203
2048	2560	1024	379	529	200
2304	2560	1024	445	521	200
2560	2560	1024	524	510	196
2816	2560	1024	613	495	201
3072	2560	1024	714	476	197
3328	2560	1024	834	459	187
3584	2560	1024	971	438	180
3840	2560	1024	1023	415	200
4095	2560	1024	1023	391	204
0	2816	1024	11	610	306
256	2816	1024	11	610	303
512	2816	1024	11	612	293
768	2816	1024	11	615	290
1024	2816	1024	11	620	258
1280	2816	1024	11	597	211
1536	2816	1024	168	598	192
1792	2816	1024	271	593	191
2048	2816	1024	346	586	190
2304	2816	1024	411	579	189
2560	2816	1024	484	568	188
2816	2816	1024	574	555	184
3072	2816	1024	680	541	188
3328	2816	1024	804	528	184
3584	2816	1024	953	514	178
3840	2816	1024	1023	476	194
4095	2816	1024	1023	444	204
0	3072	1024	10	673	308
256	3072	1024	10	673	306
512	3072	1024	10	676	298
768	3072	1024	10	680	282
1024	3072	1024	10	687	266
1280	3072	1024	10	652	224
1536	3072	1024	44	663	180
1792	3072	1024	224	657	179
2048	3072	1024	308	652	178
2304	3072	1024	376	645	178
2560	3072	1024	449	638	178
2816	3072	1024	538	629	178
3072	3072	1024	643	618	176
3328	3072	1024	771	607	179
3584	3072	1024	922	596	177
3840	3072	1024	1023	552	179
4095	3072	1024	1023	507	203
0	3328	1024	9	756	313
256	3328	1024	9	757	311
512	3328	1024	9	760	304
768	3328	1024	9	766	290
1024	3328	1024	9	774	275
1280	3328	1024	9	785	243
1536	3328	1024	9	741	194
1792	3328	1024	171	746	170
2048	3328	1024	272	742	170
2304	3328	1024	346	737	170
2560	3328	1024	417	730	170
2816	3328	1024	504	722	170
3072	3328	1024	605	713	169
3328	3328	1024	733	703	167
3584	3328	1024	866	680	170
3840	3328	1024	1010	646	167
4095	3328	1024	1023	581	192
0	3584	1024	9	841	302
256	3584	1024	8	842	299
512	3584	1024	9	844	311
768	3584	1024	8	848	295
1024	3584	1024	8	855	270
1280	3584	1024	8	863	252
1536	3584	1024	9	827	207
1792	3584	1024	58	839	158
2048	3584	1024	228	835	158
2304	3584	1024	312	830	158
2560	3584	1024	381	825	158
2816	3584	1024	463	816	158
3072	3584	1024	560	804	158
3328	3584	1024	671	787	156
3584	3584	1024	803	767	155
3840	3584	1024	972	755	156
4095	3584	1024	1023	668	145
0	3840	1024	8	939	309
256	3840	1024	8	940	308
512	3840	1024	8	945	302
768	3840	1024	8	952	295
1024	3840	1024	8	963	278
1280	3840	1024	7	978	257
1536	3840	1024	7	996	224
1792	3840	1024	8	931	174
2048	3840	1024	172	938	148
2304	3840	1024	270	932	148
2560	3840	1024	341	925	148
2816	3840	1024	416	918	149
3072	3840	1024	510	912	149
3328	3840	1024	626	904	150
3584	3840	1024	764	896	150
3840	3840	1024	934	886	151
4095	3840	1024	987	777	119
0	4095	1024	7	1021	313
256	4095	1024	7	1022	312
512	4095	1024	7	1021	306
768	4095	1024	7	1022	296
1024	4095	1024	7	1020	282
1280	4095	1024	7	1022	260
1536	4095	1024	7	1023	231
1792	4095	1024	10	1023	191
2048	4095	1024	7	1022	133
2304	4095	1024	203	986	116
2560	4095	1024	291	981	116
2816	4095	1024	361	978	117
3072	4095	1024	539	1023	224
3328	4095	1024	640	1023	218
3584	4095	1024	766	1023	217
3840	4095	1024	919	1023	213
4095	4095	1024	932	894	106
0	0	1280	17	50	310
256	0	1280	42	16	322
512	0	1280	146	16	312
768	0	1280	212	15	297
1024	0	1280	259	14	282
1280	0	1280	299	13	267
1536	0	1280	330	11	253
1792	0	1280	360	10	247
2048	0	1280	402	10	247
2304	0	1280	451	10	245
2560	0	1280	511	10	244
2816	0	1280	611	10	256
3072	0	1280	753	11	276
3328	0	1280	875	11	278
3584	0	1280	970	10	267
3840	0	1280	1018	8	243
4095	0	1280	1023	7	228
0	256	1280	16	83	302
256	256	1280	16	69	318
512	256	1280	128	45	330
768	256	1280	210	15	316
1024	256	1280	261	14	289
1280	256	1280	302	12	271
1536	256	1280	332	11	255
1792	256	1280	363	10	248
2048	256	1280	405	10	247
2304	256	1280	455	10	245
2560	256	1280	515	10	244
2816	256	1280	619	10	257
3072	256	1280	761	12	275
3328	256	1280	881	11	277
3584	256	1280	975	10	266
3840	256	1280	1020	8	241
4095	256	1280	1023	16	227
0	512	1280	15	144	278
256	512	1280	15	141	294
512	512	1280	104	129	315
768	512	1280	190	116	300
1024	512	1280	248	100	284
1280	512	1280	295	79	266
1536	512	1280	334	51	253
1792	512	1280	374	10	250
2048	512	1280	419	10	246
2304	512	1280	468	10	243
2560	512	1280	531	10	242
2816	512	1280	646	11	258
3072	512	1280	792	12	275
3328	512	1280	902	11	269
3584	512	1280	988	10	251
3840	512	1280	1023	50	236
4095	512	1280	1023	72	227
0	768	1280	13	185	249
256	768	1280	13	185	259
512	768	1280	52	181	263
768	768	1280	164	173	280
1024	768	1280	224	160	266
1280	768	1280	274	147	254
1536	768	1280	321	135	248
1792	768	1280	368	122	246
2048	768	1280	420	106	242
2304	768	1280	479	83	238
2560	768	1280	572	49	244
2816	768	1280	706	11	260
3072	768	1280	835	11	268
3328	768	1280	934	11	260
3584	768	1280	1001	9	241
3840	768	1280	1023	115	236
4095	768	1280	1023	120	228
0	1024	1280	11	216	238
256	1024	1280	11	216	242
512	1024	1280	11	216	255
768	1024	1280	129	210	246
1024	1024	1280	199	202	249
1280	1024	1280	258	197	247
1536	1024	1280	311	191	245
1792	1024	1280	360	183	242
2048	1024	1280	408	172	238
2304	1024	1280	471	163	238
2560	1024	1280	570	156	249
2816	1024	1280	721	152	263
3072	1024	1280	852	131	263
3328	1024	1280	960	93	250
3584	1024	1280	1019	26	223
3840	1024	1280	1023	163	236
4095	1024	1280	1023	162	229
0	1280	1280	10	249	241
256	1280	1280	10	249	241
512	1280	1280	10	250	244
768	1280	1280	82	250	246
1024	1280	1280	180	247	244
1280	1280	1280	244	244	244
1536	1280	1280	298	236	240
1792	1280	1280	347	230	237
2048	1280	1280	399	224	237
2304	1280	1280	464	218	237
2560	1280	1280	578	222	255
2816	1280	1280	719	226	265
3072	1280	1280	839	212	259
3328	1280	1280	948	188	247
3584	1280	1280	1015	155	223
3840	1280	1280	1023	205	237
4095	1280	1280	1023	201	230
0	1536	1280	10	305	265
256	1536	1280	10	305	265
512	1536	1280	10	290	242
768	1536	1280	10	292	242
1024	1536	1280	153	290	238
1280	1536	1280	223	285	236
1536	1536	1280	281	279	235
1792	1536	1280	336	276	237
2048	1536	1280	392	273	235
2304	1536	1280	472	278	236
2560	1536	1280	588	289	256
2816	1536	1280	708	287	264
3072	1536	1280	819	272	255
3328	1536	1280	931	251	244
3584	1536	1280	1010	219	224
3840	1536	1280	1023	245	237
4095	1536	1280	1023	238	231
0	1792	1280	9	343	273
256	1792	1280	9	344	272
512	1792	1280	9	345	268
768	1792	1280	9	327	243
1024	1792	1280	108	328	234
1280	1792	1280	202	327	234
1536	1792	1280	269	326	234
1792	1792	1280	328	325	240
2048	1792	1280	397	332	235
2304	1792	1280	486	344	237
2560	1792	1280	585	348	250
2816	1792	1280	695	343	262
3072	1792	1280	798	326	253
3328	1792	1280	913	305	242
3584	1792	1280	1004	274	224
3840	1792	1280	1023	285	238
4095	1792	1280	1023	275	232
0	2048	1280	10	404	305
256	2048	1280	10	405	305
512	2048	1280	10	407	280
768	2048	1280	10	371	265
1024	2048	1280	10	379	235
1280	2048	1280	178	380	234
1536	2048	1280	262	386	245
1792	2048	1280	336	394	250
2048	2048	1280	407	401	260
2304	2048	1280	485	403	250
2560	2048	1280	575	401	259
2816	2048	1280	673	392	261
3072	2048	1280	774	374	251
3328	2048	1280	889	353	240
3584	2048	1280	996	325	224
3840	2048	1280	1023	323	238
4095	2048	1280	1023	311	234
0	2304	1280	11	484	328
256	2304	1280	11	484	327
512	2304	1280	11	487	323
768	2304	1280	12	492	314
1024	2304	1280	11	454	273
1280	2304	1280	145	463	252
1536	2304	1280	253	468	256
1792	2304	1280	331	466	258
2048	2304	1280	399	463	258
2304	2304	1280	470	461	259
2560	2304	1280	554	453	259
2816	2304	1280	647	441	259
3072	2304	1280	747	421	253
3328	2304	1280	861	402	237
3584	2304	1280	984	377	225
3840	2304	1280	1023	364	237
4095	2304	1280	1023	347	234
0	2560	1280	12	553	344
256	2560	1280	11	554	342
512	2560	1280	12	556	335
768	2560	1280	11	559	321
1024	2560	1280	12	531	288
1280	2560	1280	11	539	256
1536	2560	1280	220	538	256
1792	2560	1280	308	534	256
2048	2560	1280	378	528	253
2304	2560	1280	444	519	251
2560	2560	1280	522	510	246
2816	2560	1280	611	494	252
3072	2560	1280	713	476	248
3328	2560	1280	832	459	234
3584	2560	1280	969	438	226
3840	2560	1280	1023	414	235
4095	2560	1280	1023	390	236
0	2816	1280	11	608	350
256	2816	1280	11	609	348
512	2816	1280	11	611	340
768	2816	1280	11	614	324
1024	2816	1280	10	619	299
1280	2816	1280	11	596	258
1536	2816	1280	163	598	244
1792	2816	1280	269	593	243
2048	2816	1280	344	586	241
2304	2816	1280	410	578	239
2560	2816	1280	483	568	237
2816	2816	1280	572	555	232
3072	2816	1280	677	541	238
3328	2816	1280	803	527	233
3584	2816	1280	951	514	224
3840	2816	1280	1023	475	230
4095	2816	1280	1023	443	236
0	3072	1280	10	671	335
256	3072	1280	10	672	333
512	3072	1280	10	674	327
768	3072	1280	10	679	325
1024	3072	1280	10	686	304
1280	3072	1280	10	650	267
1536	3072	1280	24	662	230
1792	3072	1280	222	656	230
2048	3072	1280	306	650	228
2304	3072	1280	374	645	228
2560	3072	1280	448	637	227
2816	3072	1280	536	629	227
3072	3072	1280	641	618	224
3328	3072	1280	769	607	227
3584	3072	1280	920	596	225
3840	3072	1280	1023	551	218
4095	3072	1280	1023	506	234
0	3328	1280	9	755	341
256	3328	1280	9	755	339
512	3328	1280	9	758	334
768	3328	1280	9	764	323
1024	3328	1280	9	772	311
1280	3328	1280	9	784	283
1536	3328	1280	9	740	239
1792	3328	1280	167	746	220
2048	3328	1280	270	742	220
2304	3328	1280	345	736	220
2560	3328	1280	416	729	219
2816	3328	1280	502	721	219
3072	3328	1280	603	713	218
3328	3328	1280	731	703	214
3584	3328	1280	864	679	218
3840	3328	1280	1009	646	215
4095	3328	1280	1023	581	225
0	3584	1280	9	840	344
256	3584	1280	9	840	342
512	3584	1280	9	843	335
768	3584	1280	8	847	322
1024	3584	1280	8	853	301
1280	3584	1280	8	861	289
1536	3584	1280	9	826	248
1792	3584	1280	42	838	210
2048	3584	1280	226	835	209
2304	3584	1280	311	830	209
2560	3584	1280	380	824	209
2816	3584	1280	461	816	208
3072	3584	1280	558	804	207
3328	3584	1280	669	786	203
3584	3584	1280	801	767	202
3840	3584	1280	970	755	206
4095	3584	1280	1023	667	185
0	3840	1280	8	937	335
256	3840	1280	8	938	334
512	3840	1280	8	942	332
768	3840	1280	8	950	323
1024	3840	1280	8	961	310
1280	3840	1280	8	976	292
1536	3840	1280	7	995	264
1792	3840	1280	8	930	218
2048	3840	1280	168	938	198
2304	3840	1280	268	932	197
2560	3840	1280	339	924	198
2816	3840	1280	414	918	198
3072	3840	1280	509	911	198
3328	3840	1280	625	904	199
3584	3840	1280	762	896	199
3840	3840	1280	932	886	200
4095	3840	1280	990	779	173
0	4095	1280	7	1022	339
256	4095	1280	7	1021	337
512	4095	1280	7	1021	332
768	4095	1280	7	1022	326
1024	4095	1280	7	1021	312
1280	4095	1280	7	1023	293
1536	4095	1280	8	1021	267
1792	4095	1280	7	1022	233
2048	4095	1280	7	1021	185
2304	4095	1280	201	986	172
2560	4095	1280	290	981	173
2816	4095	1280	446	1023	258
3072	4095	1280	530	1023	254
3328	4095	1280	636	1023	254
3584	4095	1280	761	1023	253
3840	4095	1280	908	1023	242
4095	4095	1280	945	906	167
0	0	1536	16	45	359
256	0	1536	36	16	369
512	0	1536	142	16	360
768	0	1536	207	15	343
1024	0	1536	254	14	326
1280	0	1536	295	12	309
1536	0	1536	326	11	293
1792	0	1536	358	10	286
2048	0	1536	400	10	286
2304	0	1536	450	10	282
2560	0	1536	509	9	282
2816	0	1536	610	10	296
3072	0	1536	750	12	317
3328	0	1536	872	11	319
3584	0	1536	968	10	306
3840	0	1536	1017	8	278
4095	0	1536	1023	7	262
0	256	1536	16	79	349
256	256	1536	16	69	363
512	256	1536	109	34	387
768	256	1536	201	15	357
1024	256	1536	254	14	336
1280	256	1536	297	12	314
1536	256	1536	328	11	296
1792	256	1536	361	10	289
2048	256	1536	404	10	287
2304	256	1536	453	10	283
2560	256	1536	513	10	282
2816	256	1536	618	10	297
3072	256	1536	759	12	318
3328	256	1536	878	11	319
3584	256	1536	972	10	305
3840	256	1536	1019	8	276
4095	256	1536	1023	11	259
0	512	1536	15	142	319
256	512	1536	15	138	333
512	512	1536	81	124	366
768	512	1536	181	112	350
1024	512	1536	243	96	333
1280	512	1536	290	75	312
1536	512	1536	330	46	299
1792	512	1536	371	10	294
2048	512	1536	417	10	291
2304	512	1536	466	10	284
2560	512	1536	529	9	282
2816	512	1536	645	11	301
3072	512	1536	789	12	320
3328	512	1536	899	11	313
3584	512	1536	986	10	292
3840	512	1536	1023	42	270
4095	512	1536	1023	70	260
0	768	1536	13	184	285
256	768	1536	13	183	296
512	768	1536	13	179	308
768	768	1536	155	170	328
1024	768	1536	219	157	311
1280	768	1536	270	145	299
1536	768	1536	319	134	294
1792	768	1536	367	121	292
2048	768	1536	417	105	286
2304	768	1536	476	80	282
2560	768	1536	569	45	289
2816	768	1536	703	11	307
3072	768	1536	832	11	315
3328	768	1536	931	11	305
3584	768	1536	1000	9	281
3840	768	1536	1023	113	270
4095	768	1536	1023	119	260
0	1024	1536	11	215	269
256	1024	1536	11	215	274
512	1024	1536	11	214	294
768	1024	1536	118	208	293
1024	1024	1536	195	201	297
1280	1024	1536	254	195	293
1536	1024	1536	309	190	291
1792	1024	1536	358	182	287
2048	1024	1536	407	172	282
2304	1024	1536	468	162	281
2560	1024	1536	567	155	296
2816	1024	1536	720	151	312
3072	1024	1536	850	129	311
3328	1024	1536	958	91	296
3584	1024	1536	1018	22	263
3840	1024	1536	1023	161	271
4095	1024	1536	1023	162	261
0	1280	1536	10	248	270
256	1280	1536	10	248	272
512	1280	1536	10	249	280
768	1280	1536	66	249	287
1024	1280	1536	175	246	284
1280	1280	1536	240	243	289
1536	1280	1536	295	236	285
1792	1280	1536	345	230	281
2048	1280	1536	397	224	280
2304	1280	1536	463	217	281
2560	1280	1536	576	223	305
2816	1280	1536	717	225	313
3072	1280	1536	836	211	309
3328	1280	1536	945	188	294
3584	1280	1536	1014	154	264
3840	1280	1536	1023	204	272
4095	1280	1536	1023	200	262
0	1536	1536	10	288	277
256	1536	1536	10	288	278
512	1536	1536	10	289	280
768	1536	1536	10	291	285
1024	1536	1536	146	288	284
1280	1536	1536	219	284	280
1536	1536	1536	278	278	278
1792	1536	1536	334	276	279
2048	1536	1536	390	273	280
2304	1536	1536	470	278	293
2560	1536	1536	586	289	312
2816	1536	1536	706	287	314
3072	1536	1536	817	272	304
3328	1536	1536	929	250	290
3584	1536	1536	1010	219	265
3840	1536	1536	1023	244	272
4095	1536	1536	1023	237	264
0	1792	1536	9	342	302
256	1792	1536	10	343	302
512	1792	1536	9	323	283
768	1792	1536	9	325	282
1024	1792	1536	98	328	277
1280	1792	1536	199	327	278
1536	1792	1536	267	326	279
1792	1792	1536	326	324	288
2048	1792	1536	396	333	279
2304	1792	1536	485	343	282
2560	1792	1536	583	347	299
2816	1792	1536	692	343	312
3072	1792	1536	796	326	301
3328	1792	1536	909	305	287
3584	1792	1536	1003	274	266
3840	1792	1536	1023	285	273
4095	1792	1536	1023	275	265
0	2048	1536	10	404	320
256	2048	1536	10	404	319
512	2048	1536	10	407	318
768	2048	1536	10	370	307
1024	2048	1536	10	378	280
1280	2048	1536	174	380	281
1536	2048	1536	260	386	294
1792	2048	1536	335	395	300
2048	2048	1536	406	402	309
2304	2048	1536	483	403	299
2560	2048	1536	572	401	310
2816	2048	1536	670	391	311
3072	2048	1536	772	374	299
3328	2048	1536	886	352	286
3584	2048	1536	995	325	266
3840	2048	1536	1023	322	273
4095	2048	1536	1023	311	266
0	2304	1536	11	483	364
256	2304	1536	11	484	364
512	2304	1536	11	487	348
768	2304	1536	11	491	343
1024	2304	1536	11	455	320
1280	2304	1536	137	463	302
1536	2304	1536	249	468	307
1792	2304	1536	329	466	308
2048	2304	1536	397	463	309
2304	2304	1536	469	460	309
2560	2304	1536	552	453	310
2816	2304	1536	645	440	310
3072	2304	1536	744	421	303
3328	2304	1536	859	402	283
3584	2304	1536	983	377	268
3840	2304	1536	1023	363	272
4095	2304	1536	1023	347	267
0	2560	1536	11	552	373
256	2560	1536	11	553	371
512	2560	1536	11	554	367
768	2560	1536	11	558	357
1024	2560	1536	12	531	329
1280	2560	1536	12	539	310
1536	2560	1536	216	539	308
1792	2560	1536	305	534	306
2048	2560	1536	375	527	304
2304	2560	1536	442	519	302
2560	2560	1536	520	509	296
2816	2560	1536	609	494	303
3072	2560	1536	710	476	297
3328	2560	1536	830	459	288
3584	2560	1536	967	438	268
3840	2560	1536	1023	413	271
4095	2560	1536	1023	389	268
0	2816	1536	11	607	375
256	2816	1536	11	608	373
512	2816	1536	11	609	367
768	2816	1536	11	613	355
1024	2816	1536	11	618	336
1280	2816	1536	11	595	303
1536	2816	1536	157	597	296
1792	2816	1536	265	593	294
2048	2816	1536	342	585	292
2304	2816	1536	408	578	289
2560	2816	1536	481	568	286
2816	2816	1536	570	555	280
3072	2816	1536	675	541	287
3328	2816	1536	799	527	280
3584	2816	1536	950	515	268
3840	2816	1536	1023	474	266
4095	2816	1536	1023	442	268
0	3072	1536	10	669	372
256	3072	1536	10	670	371
512	3072	1536	10	673	365
768	3072	1536	10	677	356
1024	3072	1536	10	684	339
1280	3072	1536	10	649	308
1536	3072	1536	10	661	280
1792	3072	1536	218	656	277
2048	3072	1536	304	650	276
2304	3072	1536	372	645	275
2560	3072	1536	446	637	274
2816	3072	1536	534	629	273
3072	3072	1536	639	618	269
3328	3072	1536	767	606	274
3584	3072	1536	918	595	270
3840	3072	1536	1023	551	255
4095	3072	1536	1023	505	266
0	3328	1536	9	753	369
256	3328	1536	9	754	367
512	3328	1536	9	757	362
768	3328	1536	9	763	360
1024	3328	1536	9	771	345
1280	3328	1536	9	782	324
1536	3328	1536	9	738	283
1792	3328	1536	162	745	267
2048	3328	1536	268	741	267
2304	3328	1536	343	736	267
2560	3328	1536	413	729	266
2816	3328	1536	500	721	265
3072	3328	1536	601	713	264
3328	3328	1536	729	703	259
3584	3328	1536	861	678	264
3840	3328	1536	1006	646	260
4095	3328	1536	1023	580	256
0	3584	1536	8	839	368
256	3584	1536	9	839	366
512	3584	1536	9	841	359
768	3584	1536	9	845	347
1024	3584	1536	8	852	350
1280	3584	1536	8	860	324
1536	3584	1536	9	825	289
1792	3584	1536	19	838	256
2048	3584	1536	223	834	256
2304	3584	1536	309	830	256
2560	3584	1536	378	824	255
2816	3584	1536	459	816	253
3072	3584	1536	555	803	252
3328	3584	1536	667	786	247
3584	3584	1536	799	767	245
3840	3584	1536	967	754	250
4095	3584	1536	1023	669	230
0	3840	1536	8	935	366
256	3840	1536	8	936	365
512	3840	1536	8	940	361
768	3840	1536	8	947	353
1024	3840	1536	7	959	340
1280	3840	1536	8	973	326
1536	3840	1536	7	993	302
1792	3840	1536	8	929	260
2048	3840	1536	165	938	242
2304	3840	1536	266	931	241
2560	3840	1536	338	924	242
2816	3840	1536	413	917	242
3072	3840	1536	507	911	242
3328	3840	1536	623	903	242
3584	3840	1536	760	895	243
3840	3840	1536	929	886	243
4095	3840	1536	991	781	218
0	4095	1536	7	1021	369
256	4095	1536	7	1022	368
512	4095	1536	7	1022	364
768	4095	1536	7	1021	355
1024	4095	1536	8	1022	341
1280	4095	1536	7	1020	326
1536	4095	1536	7	1021	303
1792	4095	1536	15	1023	272
2048	4095	1536	7	1022	231
2304	4095	1536	199	985	218
2560	4095	1536	369	1023	293
2816	4095	1536	438	1023	291
3072	4095	1536	526	1023	291
3328	4095	1536	627	1023	287
3584	4095	1536	751	1023	284
3840	4095	1536	902	1023	280
4095	4095	1536	946	908	213
0	0	1792	16	44	406
256	0	1792	19	16	418
512	0	1792	136	16	413
768	0	1792	200	15	385
1024	0	1792	249	13	367
1280	0	1792	290	12	348
1536	0	1792	322	11	331
1792	0	1792	356	10	324
2048	0	1792	399	10	323
2304	0	1792	447	10	319
2560	0	1792	507	9	318
2816	0	1792	610	10	336
3072	0	1792	749	11	357
3328	0	1792	869	11	359
3584	0	1792	965	10	344
3840	0	1792	1016	8	312
4095	0	1792	1023	9	294
0	256	1792	16	80	389
256	256	1792	16	71	403
512	256	1792	82	16	442
768	256	1792	190	14	418
1024	256	1792	248	13	377
1280	256	1792	291	12	354
1536	256	1792	323	11	335
1792	256	1792	359	10	327
2048	256	1792	402	10	325
2304	256	1792	451	10	320
2560	256	1792	512	10	319
2816	256	1792	617	10	336
3072	256	1792	757	12	359
3328	256	1792	875	11	358
3584	256	1792	970	10	343
3840	256	1792	1018	8	311
4095	256	1792	1022	7	301
0	512	1792	15	139	357
256	512	1792	15	136	369
512	512	1792	42	119	416
768	512	1792	169	107	398
1024	512	1792	235	91	377
1280	512	1792	283	69	355
1536	512	1792	326	40	348
1792	512	1792	368	10	337
2048	512	1792	414	10	333
2304	512	1792	462	10	325
2560	512	1792	527	9	322
2816	512	1792	645	11	342
3072	512	1792	786	12	363
3328	512	1792	895	11	356
3584	512	1792	985	10	333
3840	512	1792	1023	32	304
4095	512	1792	1023	65	292
0	768	1792	13	182	320
256	768	1792	13	181	330
512	768	1792	13	177	371
768	768	1792	143	166	373
1024	768	1792	212	155	356
1280	768	1792	265	143	342
1536	768	1792	316	131	338
1792	768	1792	364	119	335
2048	768	1792	414	103	329
2304	768	1792	473	77	324
2560	768	1792	566	39	330
2816	768	1792	700	11	352
3072	768	1792	828	12	361
3328	768	1792	927	11	347
3584	768	1792	998	9	322
3840	768	1792	1023	109	305
4095	768	1792	1023	117	293
0	1024	1792	11	213	302
256	1024	1792	11	213	308
512	1024	1792	11	211	329
768	1024	1792	105	206	337
1024	1024	1792	189	200	340
1280	1024	1792	251	194	337
1536	1024	1792	306	188	334
1792	1024	1792	355	181	330
2048	1024	1792	404	171	324
2304	1024	1792	466	161	324
2560	1024	1792	563	153	342
2816	1024	1792	718	150	360
3072	1024	1792	847	127	357
3328	1024	1792	955	88	340
3584	1024	1792	1017	17	304
3840	1024	1792	1023	159	306
4095	1024	1792	1023	160	294
0	1280	1792	10	248	301
256	1280	1792	10	248	304
512	1280	1792	10	249	315
768	1280	1792	40	249	330
1024	1280	1792	169	245	327
1280	1280	1792	235	241	333
1536	1280	1792	292	235	328
1792	1280	1792	343	229	324
2048	1280	1792	395	223	323
2304	1280	1792	461	217	325
2560	1280	1792	575	222	351
2816	1280	1792	714	224	361
3072	1280	1792	833	210	355
3328	1280	1792	943	187	337
3584	1280	1792	1013	154	305
3840	1280	1792	1023	203	306
4095	1280	1792	1023	200	295
0	1536	1792	10	287	304
256	1536	1792	10	287	305
512	1536	1792	10	288	311
768	1536	1792	10	289	323
1024	1536	1792	138	288	322
1280	1536	1792	215	283	323
1536	1536	1792	275	278	322
1792	1536	1792	333	276	323
2048	1536	1792	388	272	323
2304	1536	1792	469	278	338
2560	1536	1792	583	288	358
2816	1536	1792	703	286	361
3072	1536	1792	813	271	349
3328	1536	1792	926	250	333
3584	1536	1792	1009	219	307
3840	1536	1792	1023	243	307
4095	1536	1792	1023	237	297
0	1792	1792	9	342	332
256	1792	1792	9	342	333
512	1792	1792	9	322	313
768	1792	1792	9	325	317
1024	1792	1792	83	327	321
1280	1792	1792	194	327	322
1536	1792	1792	263	326	323
1792	1792	1792	323	323	323
2048	1792	1792	395	334	339
2304	1792	1792	482	343	353
2560	1792	1792	581	347	360
2816	1792	1792	689	342	358
3072	1792	1792	793	325	346
3328	1792	1792	907	304	331
3584	1792	1792	1001	274	307
3840	1792	1792	1023	284	308
4095	1792	1792	1023	274	298
0	2048	1792	10	404	358
256	2048	1792	10	404	358
512	2048	1792	10	407	358
768	2048	1792	10	369	349
1024	2048	1792	10	377	323
1280	2048	1792	169	380	326
1536	2048	1792	256	387	340
1792	2048	1792	333	395	347
2048	2048	1792	405	403	358
2304	2048	1792	480	402	346
2560	2048	1792	569	400	358
2816	2048	1792	667	390	359
3072	2048	1792	769	373	344
3328	2048	1792	883	352	328
3584	2048	1792	993	325	310
3840	2048	1792	1023	322	308
4095	2048	1792	1023	311	299
0	2304	1792	11	483	388
256	2304	1792	12	484	388
512	2304	1792	12	487	386
768	2304	1792	11	448	369
1024	2304	1792	11	455	365
1280	2304	1792	126	464	350
1536	2304	1792	245	467	356
1792	2304	1792	326	465	357
2048	2304	1792	395	463	359
2304	2304	1792	466	461	357
2560	2304	1792	548	452	358
2816	2304	1792	641	440	358
3072	2304	1792	741	420	349
3328	2304	1792	856	401	327
3584	2304	1792	981	377	310
3840	2304	1792	1023	362	308
4095	2304	1792	1023	347	300
0	2560	1792	11	551	400
256	2560	1792	12	552	399
512	2560	1792	12	554	407
768	2560	1792	12	557	401
1024	2560	1792	12	530	368
1280	2560	1792	12	538	360
1536	2560	1792	210	538	356
1792	2560	1792	302	533	355
2048	2560	1792	372	526	352
2304	2560	1792	439	518	349
2560	2560	1792	518	508	342
2816	2560	1792	606	493	350
3072	2560	1792	707	475	343
3328	2560	1792	828	459	332
3584	2560	1792	966	439	311
3840	2560	1792	1023	412	306
4095	2560	1792	1023	389	300
0	2816	1792	11	606	399
256	2816	1792	11	607	398
512	2816	1792	11	608	393
768	2816	1792	10	611	384
1024	2816	1792	11	616	392
1280	2816	1792	11	593	345
1536	2816	1792	148	597	343
1792	2816	1792	262	591	341
2048	2816	1792	339	584	339
2304	2816	1792	405	577	335
2560	2816	1792	479	567	332
2816	2816	1792	567	554	325
3072	2816	1792	672	541	333
3328	2816	1792	797	527	325
3584	2816	1792	948	515	312
3840	2816	1792	1023	473	303
4095	2816	1792	1023	441	300
0	3072	1792	10	668	400
256	3072	1792	10	669	399
512	3072	1792	10	671	395
768	3072	1792	10	676	387
1024	3072	1792	10	683	373
1280	3072	1792	10	647	345
1536	3072	1792	10	660	328
1792	3072	1792	213	655	324
2048	3072	1792	301	649	322
2304	3072	1792	369	644	320
2560	3072	1792	443	637	320
2816	3072	1792	531	628	318
3072	3072	1792	636	618	314
3328	3072	1792	764	606	318
3584	3072	1792	914	595	315
3840	3072	1792	1023	550	294
4095	3072	1792	1023	504	298
0	3328	1792	9	752	404
256	3328	1792	9	753	403
512	3328	1792	9	756	399
768	3328	1792	9	762	392
1024	3328	1792	9	770	380
1280	3328	1792	9	781	361
1536	3328	1792	9	737	326
1792	3328	1792	156	745	313
2048	3328	1792	265	740	312
2304	3328	1792	341	736	312
2560	3328	1792	411	729	311
2816	3328	1792	497	721	310
3072	3328	1792	599	712	309
3328	3328	1792	725	701	304
3584	3328	1792	859	678	310
3840	3328	1792	1004	646	305
4095	3328	1792	1023	579	290
0	3584	1792	9	838	391
256	3584	1792	9	838	389
512	3584	1792	9	840	383
768	3584	1792	8	844	399
1024	3584	1792	8	850	382
1280	3584	1792	8	859	358
1536	3584	1792	9	824	327
1792	3584	1792	9	837	304
2048	3584	1792	220	833	302
2304	3584	1792	307	830	302
2560	3584	1792	376	824	301
2816	3584	1792	456	816	298
3072	3584	1792	553	803	296
3328	3584	1792	665	786	293
3584	3584	1792	796	766	287
3840	3584	1792	965	754	294
4095	3584	1792	1023	668	268
0	3840	1792	8	933	399
256	3840	1792	7	934	397
512	3840	1792	7	938	393
768	3840	1792	8	945	385
1024	3840	1792	8	956	375
1280	3840	1792	8	971	360
1536	3840	1792	7	991	338
1792	3840	1792	8	926	301
2048	3840	1792	159	937	285
2304	3840	1792	263	931	284
2560	3840	1792	336	923	284
2816	3840	1792	411	917	285
3072	3840	1792	505	910	285
3328	3840	1792	620	902	285
3584	3840	1792	757	894	285
3840	3840	1792	926	885	285
4095	3840	1792	993	782	260
0	4095	1792	7	1022	403
256	4095	1792	7	1023	400
512	4095	1792	7	1021	396
768	4095	1792	7	1022	387
1024	4095	1792	7	1021	375
1280	4095	1792	7	1021	358
1536	4095	1792	8	1022	336
1792	4095	1792	7	1021	311
2048	4095	1792	7	1021	275
2304	4095	1792	197	986	261
2560	4095	1792	366	1023	326
2816	4095	1792	431	1023	322
3072	4095	1792	518	1023	322
3328	4095	1792	623	1023	321
3584	4095	1792	743	1023	317
3840	4095	1792	896	1023	316
4095	4095	1792	947	910	256
0	0	2048	16	49	452
256	0	2048	16	30	461
512	0	2048	126	15	454
768	0	2048	192	14	426
1024	0	2048	243	13	407
1280	0	2048	284	12	385
1536	0	2048	318	11	368
1792	0	2048	354	10	362
2048	0	2048	398	10	360
2304	0	2048	445	10	356
2560	0	2048	505	9	355
2816	0	2048	610	10	374
3072	0	2048	748	11	399
3328	0	2048	867	11	398
3584	0	2048	962	10	381
3840	0	2048	1016	8	345
4095	0	2048	1022	7	332
0	256	2048	16	81	425
256	256	2048	16	73	437
512	256	2048	61	16	494
768	256	2048	180	14	456
1024	256	2048	240	13	417
1280	256	2048	283	12	392
1536	256	2048	319	11	372
1792	256	2048	356	10	365
2048	256	2048	401	10	363
2304	256	2048	448	10	358
2560	256	2048	509	9	356
2816	256	2048	617	10	375
3072	256	2048	756	12	399
3328	256	2048	872	11	399
3584	256	2048	967	10	380
3840	256	2048	1017	8	344
4095	256	2048	1023	7	331
0	512	2048	14	136	391
256	512	2048	14	133	402
512	512	2048	14	117	481
768	512	2048	155	102	445
1024	512	2048	225	85	421
1280	512	2048	276	63	397
1536	512	2048	322	33	390
1792	512	2048	365	10	378
2048	512	2048	411	10	372
2304	512	2048	459	10	364
2560	512	2048	525	9	361
2816	512	2048	644	11	379
3072	512	2048	784	12	402
3328	512	2048	892	11	398
3584	512	2048	982	10	376
3840	512	2048	1023	25	338
4095	512	2048	1023	59	323
0	768	2048	13	180	351
256	768	2048	13	179	361
512	768	2048	12	174	400
768	768	2048	128	163	416
1024	768	2048	203	152	399
1280	768	2048	258	140	384
1536	768	2048	312	129	380
1792	768	2048	361	116	376
2048	768	2048	411	99	371
2304	768	2048	469	74	366
2560	768	2048	562	34	373
2816	768	2048	697	11	398
3072	768	2048	825	12	406
3328	768	2048	923	11	391
3584	768	2048	996	9	362
3840	768	2048	1023	106	338
4095	768	2048	1023	114	324
0	1024	2048	11	211	336
256	1024	2048	11	211	342
512	1024	2048	11	209	363
768	1024	2048	84	203	389
1024	1024	2048	182	199	383
1280	1024	2048	245	193	380
1536	1024	2048	302	187	377
1792	1024	2048	351	179	372
2048	1024	2048	401	169	367
2304	1024	2048	463	160	367
2560	1024	2048	557	151	386
2816	1024	2048	715	148	407
3072	1024	2048	844	125	404
3328	1024	2048	951	85	384
3584	1024	2048	1016	8	343
3840	1024	2048	1023	157	339
4095	1024	2048	1023	159	325
0	1280	2048	10	248	333
256	1280	2048	10	248	336
512	1280	2048	10	248	349
768	1280	2048	10	247	376
1024	1280	2048	162	245	370
1280	1280	2048	231	241	375
1536	1280	2048	288	234	370
1792	1280	2048	340	227	366
2048	1280	2048	393	222	366
2304	1280	2048	460	217	369
2560	1280	2048	574	222	397
2816	1280	2048	711	223	409
3072	1280	2048	830	209	402
3328	1280	2048	939	186	381
3584	1280	2048	1012	153	345
3840	1280	2048	1023	201	340
4095	1280	2048	1023	199	326
0	1536	2048	10	286	332
256	1536	2048	10	286	334
512	1536	2048	10	287	342
768	1536	2048	10	289	359
1024	1536	2048	127	286	365
1280	1536	2048	210	282	365
1536	1536	2048	272	277	365
1792	1536	2048	330	275	365
2048	1536	2048	387	273	367
2304	1536	2048	468	278	383
2560	1536	2048	581	287	405
2816	1536	2048	701	286	409
3072	1536	2048	810	270	395
3328	1536	2048	923	249	377
3584	1536	2048	1007	218	348
3840	1536	2048	1023	242	341
4095	1536	2048	1023	236	327
0	1792	2048	9	320	343
256	1792	2048	9	321	344
512	1792	2048	9	322	345
768	1792	2048	9	324	352
1024	1792	2048	60	327	364
1280	1792	2048	188	327	372
1536	1792	2048	260	325	384
1792	1792	2048	323	325	368
2048	1792	2048	394	334	383
2304	1792	2048	480	343	399
2560	1792	2048	577	347	407
2816	1792	2048	685	341	405
3072	1792	2048	790	325	392
3328	1792	2048	903	303	374
3584	1792	2048	1000	274	348
3840	1792	2048	1023	283	342
4095	1792	2048	1023	274	329
0	2048	2048	10	404	400
256	2048	2048	10	405	400
512	2048	2048	10	364	361
768	2048	2048	10	369	362
1024	2048	2048	10	376	363
1280	2048	2048	161	380	371
1536	2048	2048	253	388	386
1792	2048	2048	331	396	394
2048	2048	2048	404	404	408
2304	2048	2048	477	402	406
2560	2048	2048	566	400	407
2816	2048	2048	663	390	401
3072	2048	2048	765	373	387
3328	2048	2048	878	352	371
3584	2048	2048	991	326	350
3840	2048	2048	1023	321	342
4095	2048	2048	1023	310	330
0	2304	2048	11	484	426
256	2304	2048	11	484	426
512	2304	2048	12	487	426
768	2304	2048	11	449	396
1024	2304	2048	11	456	396
1280	2304	2048	112	464	399
1536	2304	2048	240	467	403
1792	2304	2048	322	465	405
2048	2304	2048	393	463	407
2304	2304	2048	464	461	403
2560	2304	2048	546	451	406
2816	2304	2048	637	439	405
3072	2304	2048	737	420	396
3328	2304	2048	852	401	369
3584	2304	2048	979	378	353
3840	2304	2048	1023	362	342
4095	2304	2048	1023	347	331
0	2560	2048	12	551	442
256	2560	2048	11	551	442
512	2560	2048	11	553	440
768	2560	2048	12	556	438
1024	2560	2048	12	529	405
1280	2560	2048	12	537	408
1536	2560	2048	203	538	405
1792	2560	2048	297	533	402
2048	2560	2048	369	525	399
2304	2560	2048	436	517	397
2560	2560	2048	514	507	386
2816	2560	2048	603	492	397
3072	2560	2048	704	474	389
3328	2560	2048	825	458	375
3584	2560	2048	964	439	352
3840	2560	2048	1023	412	341
4095	2560	2048	1023	433	369
0	2816	2048	11	605	424
256	2816	2048	11	606	447
512	2816	2048	11	607	444
768	2816	2048	11	610	439
1024	2816	2048	10	615	430
1280	2816	2048	11	592	385
1536	2816	2048	137	596	391
1792	2816	2048	257	591	387
2048	2816	2048	336	584	385
2304	2816	2048	402	576	379
2560	2816	2048	476	566	376
2816	2816	2048	564	554	367
3072	2816	2048	670	540	377
3328	2816	2048	794	527	369
3584	2816	2048	945	515	363
3840	2816	2048	1023	472	338
4095	2816	2048	1023	489	375
0	3072	2048	10	668	430
256	3072	2048	10	668	429
512	3072	2048	10	670	426
768	3072	2048	10	675	419
1024	3072	2048	10	682	423
1280	3072	2048	10	645	383
1536	3072	2048	10	657	373
1792	3072	2048	208	654	367
2048	3072	2048	297	649	366
2304	3072	2048	367	644	365
2560	3072	2048	440	636	363
2816	3072	2048	529	628	362
3072	3072	2048	633	617	357
3328	3072	2048	761	606	362
3584	3072	2048	911	594	358
3840	3072	2048	1023	549	330
4095	3072	2048	1023	559	384
0	3328	2048	9	751	439
256	3328	2048	9	752	438
512	3328	2048	9	755	435
768	3328	2048	9	761	428
1024	3328	2048	9	769	418
1280	3328	2048	9	780	408
1536	3328	2048	9	735	367
1792	3328	2048	149	745	357
2048	3328	2048	261	739	356
2304	3328	2048	338	734	355
2560	3328	2048	408	728	355
2816	3328	2048	495	720	354
3072	3328	2048	597	712	352
3328	3328	2048	722	701	346
3584	3328	2048	855	678	353
3840	3328	2048	1001	646	346
4095	3328	2048	1023	641	394
0	3584	2048	8	837	446
256	3584	2048	8	838	445
512	3584	2048	8	840	440
768	3584	2048	8	843	431
1024	3584	2048	8	849	416
1280	3584	2048	8	857	394
1536	3584	2048	9	823	364
1792	3584	2048	9	836	350
2048	3584	2048	215	833	346
2304	3584	2048	303	829	346
2560	3584	2048	374	823	344
2816	3584	2048	453	814	340
3072	3584	2048	551	802	337
3328	3584	2048	662	785	334
3584	3584	2048	793	765	327
3840	3584	2048	961	754	335
4095	3584	2048	1023	735	406
0	3840	2048	7	931	435
256	3840	2048	7	933	434
512	3840	2048	7	936	430
768	3840	2048	7	944	425
1024	3840	2048	8	955	415
1280	3840	2048	7	969	400
1536	3840	2048	7	988	378
1792	3840	2048	8	924	340
2048	3840	2048	153	937	326
2304	3840	2048	260	929	325
2560	3840	2048	333	923	324
2816	3840	2048	409	916	324
3072	3840	2048	502	909	324
3328	3840	2048	617	902	325
3584	3840	2048	754	894	325
3840	3840	2048	922	885	325
4095	3840	2048	993	784	302
0	4095	2048	8	1021	439
256	4095	2048	7	1022	438
512	4095	2048	11	1023	433
768	4095	2048	7	1021	426
1024	4095	2048	7	1021	414
1280	4095	2048	7	1021	396
1536	4095	2048	7	1022	375
1792	4095	2048	7	1022	348
2048	4095	2048	8	1021	318
2304	4095	2048	193	986	303
2560	4095	2048	363	1023	362
2816	4095	2048	428	1023	359
3072	4095	2048	512	1023	357
3328	4095	2048	615	1023	355
3584	4095	2048	738	1023	353
3840	4095	2048	887	1023	349
4095	4095	2048	955	919	300
0	0	2304	16	53	488
256	0	2304	16	38	497
512	0	2304	113	15	491
768	0	2304	185	14	472
1024	0	2304	237	13	447
1280	0	2304	277	12	423
1536	0	2304	313	11	406
1792	0	2304	352	10	401
2048	0	2304	396	10	399
2304	0	2304	443	10	394
2560	0	2304	503	10	394
2816	0	2304	610	10	417
3072	0	2304	747	12	443
3328	0	2304	864	11	442
3584	0	2304	960	10	423
3840	0	2304	1015	8	384
4095	0	2304	1023	12	358
0	256	2304	15	81	485
256	256	2304	15	73	468
512	256	2304	26	15	528
768	256	2304	169	14	494
1024	256	2304	233	13	457
1280	256	2304	276	12	430
1536	256	2304	314	11	412
1792	256	2304	354	10	406
2048	256	2304	398	10	403
2304	256	2304	446	10	397
2560	256	2304	507	10	395
2816	256	2304	617	10	419
3072	256	2304	754	12	444
3328	256	2304	869	11	442
3584	256	2304	964	10	423
3840	256	2304	1016	8	381
4095	256	2304	1023	7	363
0	512	2304	14	134	451
256	512	2304	14	131	432
512	512	2304	14	116	508
768	512	2304	136	95	494
1024	512	2304	214	78	467
1280	512	2304	268	56	443
1536	512	2304	316	23	437
1792	512	2304	361	10	424
2048	512	2304	406	10	415
2304	512	2304	456	10	406
2560	512	2304	522	9	402
2816	512	2304	644	11	426
3072	512	2304	781	12	449
3328	512	2304	888	11	445
3584	512	2304	980	10	425
3840	512	2304	1023	13	374
4095	512	2304	1023	56	356
0	768	2304	12	177	415
256	768	2304	12	176	390
512	768	2304	12	171	429
768	768	2304	107	158	464
1024	768	2304	193	148	446
1280	768	2304	252	137	433
1536	768	2304	307	126	430
1792	768	2304	357	113	425
2048	768	2304	408	96	422
2304	768	2304	465	69	413
2560	768	2304	557	26	421
2816	768	2304	693	11	449
3072	768	2304	820	12	456
3328	768	2304	919	11	439
3584	768	2304	995	9	407
3840	768	2304	1023	103	375
4095	768	2304	1023	113	357
0	1024	2304	11	210	380
256	1024	2304	11	209	386
512	1024	2304	11	207	398
768	1024	2304	53	201	436
1024	1024	2304	173	197	432
1280	1024	2304	239	191	429
1536	1024	2304	298	186	425
1792	1024	2304	348	177	419
2048	1024	2304	398	168	414
2304	1024	2304	461	158	414
2560	1024	2304	556	150	422
2816	1024	2304	712	146	461
3072	1024	2304	839	122	456
3328	1024	2304	948	80	434
3584	1024	2304	1014	8	388
3840	1024	2304	1023	156	376
4095	1024	2304	1023	158	358
0	1280	2304	10	247	371
256	1280	2304	10	247	374
512	1280	2304	10	247	383
768	1280	2304	10	246	417
1024	1280	2304	150	244	427
1280	1280	2304	224	238	422
1536	1280	2304	284	233	416
1792	1280	2304	336	227	413
2048	1280	2304	390	221	413
2304	1280	2304	459	216	419
2560	1280	2304	571	222	452
2816	1280	2304	706	223	461
3072	1280	2304	824	208	454
3328	1280	2304	935	185	432
3584	1280	2304	1011	152	389
3840	1280	2304	1023	200	377
4095	1280	2304	1023	197	359
0	1536	2304	10	286	368
256	1536	2304	10	286	364
512	1536	2304	10	287	375
768	1536	2304	10	287	398
1024	1536	2304	112	285	411
1280	1536	2304	204	280	412
1536	1536	2304	269	277	412
1792	1536	2304	327	274	413
2048	1536	2304	385	273	416
2304	1536	2304	467	279	436
2560	1536	2304	578	287	457
2816	1536	2304	698	285	462
3072	1536	2304	805	269	446
3328	1536	2304	919	248	425
3584	1536	2304	1006	218	394
3840	1536	2304	1023	241	379
4095	1536	2304	1023	236	360
0	1792	2304	9	320	370
256	1792	2304	10	321	373
512	1792	2304	10	322	378
768	1792	2304	9	324	390
1024	1792	2304	21	326	412
1280	1792	2304	181	326	424
1536	1792	2304	255	325	437
1792	1792	2304	322	327	419
2048	1792	2304	393	335	436
2304	1792	2304	478	343	452
2560	1792	2304	574	346	460
2816	1792	2304	682	340	457
3072	1792	2304	786	324	443
3328	1792	2304	898	303	423
3584	1792	2304	998	274	393
3840	1792	2304	1023	282	380
4095	1792	2304	1023	273	362
0	2048	2304	10	404	410
256	2048	2304	10	362	382
512	2048	2304	9	364	385
768	2048	2304	10	368	407
1024	2048	2304	10	374	410
1280	2048	2304	152	382	454
1536	2048	2304	248	389	457
1792	2048	2304	329	398	458
2048	2048	2304	400	403	455
2304	2048	2304	474	402	459
2560	2048	2304	563	399	459
2816	2048	2304	659	389	453
3072	2048	2304	762	372	437
3328	2048	2304	874	351	419
3584	2048	2304	989	326	396
3840	2048	2304	1023	321	381
4095	2048	2304	1023	310	364
0	2304	2304	11	485	467
256	2304	2304	12	485	468
512	2304	2304	11	487	471
768	2304	2304	11	451	439
1024	2304	2304	11	457	443
1280	2304	2304	89	465	451
1536	2304	2304	234	466	456
1792	2304	2304	318	465	458
2048	2304	2304	389	462	459
2304	2304	2304	460	460	449
2560	2304	2304	542	450	453
2816	2304	2304	633	438	445
3072	2304	2304	734	420	431
3328	2304	2304	848	401	416
3584	2304	2304	977	378	399
3840	2304	2304	1023	361	382
4095	2304	2304	1023	385	401
0	2560	2304	12	551	478
256	2560	2304	11	551	478
512	2560	2304	12	553	479
768	2560	2304	12	556	480
1024	2560	2304	12	529	457
1280	2560	2304	12	535	458
1536	2560	2304	195	536	458
1792	2560	2304	292	531	455
2048	2560	2304	366	525	451
2304	2560	2304	433	516	448
2560	2560	2304	511	507	438
2816	2560	2304	600	491	448
3072	2560	2304	700	474	439
3328	2560	2304	820	457	425
3584	2560	2304	962	440	397
3840	2560	2304	1023	411	381
4095	2560	2304	1023	433	407
0	2816	2304	11	605	480
256	2816	2304	11	605	480
512	2816	2304	11	607	479
768	2816	2304	11	609	477
1024	2816	2304	11	584	434
1280	2816	2304	11	590	428
1536	2816	2304	122	595	443
1792	2816	2304	252	590	440
2048	2816	2304	332	583	436
2304	2816	2304	398	575	430
2560	2816	2304	472	566	426
2816	2816	2304	559	552	415
3072	2816	2304	666	540	426
3328	2816	2304	790	526	416
3584	2816	2304	941	515	410
3840	2816	2304	1023	472	378
4095	2816	2304	1023	490	413
0	3072	2304	10	667	478
256	3072	2304	10	667	478
512	3072	2304	10	669	476
768	3072	2304	10	674	472
1024	3072	2304	10	680	466
1280	3072	2304	10	644	424
1536	3072	2304	10	656	422
1792	3072	2304	202	653	415
2048	3072	2304	294	647	413
2304	3072	2304	364	642	413
2560	3072	2304	437	635	411
2816	3072	2304	526	626	409
3072	3072	2304	630	617	404
3328	3072	2304	758	605	409
3584	3072	2304	907	593	405
3840	3072	2304	1022	548	395
4095	3072	2304	1023	559	421
0	3328	2304	9	750	476
256	3328	2304	9	751	476
512	3328	2304	9	754	473
768	3328	2304	9	759	468
1024	3328	2304	9	767	460
1280	3328	2304	9	778	456
1536	3328	2304	9	734	413
1792	3328	2304	138	744	404
2048	3328	2304	257	739	403
2304	3328	2304	335	733	403
2560	3328	2304	405	727	402
2816	3328	2304	492	719	400
3072	3328	2304	593	712	399
3328	3328	2304	718	701	391
3584	3328	2304	851	678	399
3840	3328	2304	997	646	392
4095	3328	2304	1023	641	430
0	3584	2304	8	836	479
256	3584	2304	8	836	477
512	3584	2304	8	838	474
768	3584	2304	8	842	466
1024	3584	2304	8	848	453
1280	3584	2304	8	856	434
1536	3584	2304	9	822	405
1792	3584	2304	9	834	399
2048	3584	2304	210	832	393
2304	3584	2304	300	828	392
2560	3584	2304	372	822	390
2816	3584	2304	450	814	386
3072	3584	2304	547	802	382
3328	3584	2304	659	784	377
3584	3584	2304	789	765	369
3840	3584	2304	957	753	378
4095	3584	2304	1023	736	442
0	3840	2304	7	930	478
256	3840	2304	7	931	477
512	3840	2304	7	935	474
768	3840	2304	7	942	469
1024	3840	2304	8	953	459
1280	3840	2304	7	968	446
1536	3840	2304	7	986	426
1792	3840	2304	8	921	383
2048	3840	2304	145	935	368
2304	3840	2304	256	928	367
2560	3840	2304	331	922	367
2816	3840	2304	406	916	366
3072	3840	2304	498	909	367
3328	3840	2304	614	901	367
3584	3840	2304	750	893	367
3840	3840	2304	918	883	367
4095	3840	2304	1023	849	465
0	4095	2304	7	1021	482
256	4095	2304	7	1021	481
512	4095	2304	7	1022	477
768	4095	2304	7	1023	467
1024	4095	2304	7	1021	456
1280	4095	2304	10	1023	438
1536	4095	2304	7	1020	418
1792	4095	2304	7	1022	391
2048	4095	2304	7	1022	360
2304	4095	2304	310	1023	411
2560	4095	2304	363	1023	407
2816	4095	2304	424	1023	401
3072	4095	2304	505	1023	398
3328	4095	2304	609	1023	397
3584	4095	2304	731	1023	394
3840	4095	2304	881	1023	392
4095	4095	2304	955	920	339
0	0	2560	15	55	534
256	0	2560	15	43	541
512	0	2560	100	14	531
768	0	2560	176	13	514
1024	0	2560	229	12	488
1280	0	2560	270	11	463
1536	0	2560	309	10	449
1792	0	2560	350	10	446
2048	0	2560	393	10	444
2304	0	2560	441	10	439
2560	0	2560	502	10	438
2816	0	2560	610	10	468
3072	0	2560	746	12	496
3328	0	2560	862	11	494
3584	0	2560	956	10	473
3840	0	2560	1013	8	430
4095	0	2560	1023	7	402
0	256	2560	14	81	516
256	256	2560	14	74	526
512	256	2560	14	30	562
768	256	2560	157	13	539
1024	256	2560	223	12	512
1280	256	2560	268	11	472
1536	256	2560	309	10	457
1792	256	2560	351	10	453
2048	256	2560	395	10	449
2304	256	2560	443	10	442
2560	256	2560	506	9	442
2816	256	2560	617	11	471
3072	256	2560	753	12	498
3328	256	2560	867	11	495
3584	256	2560	961	10	473
3840	256	2560	1015	8	431
4095	256	2560	1023	7	396
0	512	2560	13	131	484
256	512	2560	13	129	495
512	512	2560	13	115	540
768	512	2560	110	86	550
1024	512	2560	200	69	521
1280	512	2560	257	45	496
1536	512	2560	309	10	492
1792	512	2560	357	10	478
2048	512	2560	402	10	467
2304	512	2560	451	10	455
2560	512	2560	519	9	452
2816	512	2560	644	11	482
3072	512	2560	777	12	506
3328	512	2560	884	11	499
3584	512	2560	975	10	476
3840	512	2560	1022	7	432
4095	512	2560	1023	48	395
0	768	2560	12	174	445
256	768	2560	12	172	455
512	768	2560	12	167	462
768	768	2560	73	153	519
1024	768	2560	181	143	500
1280	768	2560	244	133	493
1536	768	2560	302	123	489
1792	768	2560	353	110	482
2048	768	2560	403	91	480
2304	768	2560	462	64	471
2560	768	2560	552	10	480
2816	768	2560	691	11	512
3072	768	2560	815	12	509
3328	768	2560	914	11	483
3584	768	2560	991	9	437
3840	768	2560	1023	98	421
4095	768	2560	1023	110	396
0	1024	2560	11	208	416
256	1024	2560	10	207	422
512	1024	2560	10	205	438
768	1024	2560	10	200	489
1024	1024	2560	163	195	491
1280	1024	2560	233	190	488
1536	1024	2560	292	183	483
1792	1024	2560	343	175	476
2048	1024	2560	394	166	471
2304	1024	2560	458	156	472
2560	1024	2560	557	149	486
2816	1024	2560	709	143	527
3072	1024	2560	835	119	520
3328	1024	2560	944	75	495
3584	1024	2560	1011	8	445
3840	1024	2560	1023	153	423
4095	1024	2560	1023	156	397
0	1280	2560	10	247	408
256	1280	2560	10	247	413
512	1280	2560	10	246	422
768	1280	2560	10	245	464
1024	1280	2560	137	242	485
1280	1280	2560	216	236	480
1536	1280	2560	278	231	474
1792	1280	2560	332	225	470
2048	1280	2560	387	220	471
2304	1280	2560	458	217	482
2560	1280	2560	571	222	517
2816	1280	2560	702	221	528
3072	1280	2560	819	206	518
3328	1280	2560	930	184	492
3584	1280	2560	1009	151	446
3840	1280	2560	1023	198	424
4095	1280	2560	1023	197	398
0	1536	2560	10	285	403
256	1536	2560	10	285	406
512	1536	2560	10	285	412
768	1536	2560	10	285	441
1024	1536	2560	91	284	470
1280	1536	2560	196	279	469
1536	1536	2560	264	276	470
1792	1536	2560	323	274	470
2048	1536	2560	383	273	477
2304	1536	2560	468	280	501
2560	1536	2560	576	287	523
2816	1536	2560	693	284	528
3072	1536	2560	800	268	508
3328	1536	2560	914	248	484
3584	1536	2560	1004	218	450
3840	1536	2560	1023	240	426
4095	1536	2560	1023	235	400
0	1792	2560	9	321	410
256	1792	2560	10	321	412
512	1792	2560	9	322	416
768	1792	2560	10	324	435
1024	1792	2560	10	326	464
1280	1792	2560	173	326	488
1536	1792	2560	249	324	501
1792	1792	2560	320	329	482
2048	1792	2560	392	337	501
2304	1792	2560	475	344	518
2560	1792	2560	571	345	526
2816	1792	2560	676	340	522
3072	1792	2560	781	323	504
3328	1792	2560	893	302	482
3584	1792	2560	996	274	449
3840	1792	2560	1023	281	428
4095	1792	2560	1023	273	403
0	2048	2560	10	362	415
256	2048	2560	10	363	417
512	2048	2560	10	365	423
768	2048	2560	10	369	460
1024	2048	2560	10	376	468
1280	2048	2560	140	385	521
1536	2048	2560	245	392	524
1792	2048	2560	326	399	525
2048	2048	2560	397	402	521
2304	2048	2560	470	402	525
2560	2048	2560	558	398	525
2816	2048	2560	654	388	517
3072	2048	2560	757	370	498
3328	2048	2560	869	351	478
3584	2048	2560	987	327	453
3840	2048	2560	1023	320	430
4095	2048	2560	1023	309	405
0	2304	2560	11	487	508
256	2304	2560	12	487	509
512	2304	2560	11	448	459
768	2304	2560	11	453	489
1024	2304	2560	12	459	501
1280	2304	2560	52	467	527
1536	2304	2560	226	466	524
1792	2304	2560	313	464	521
2048	2304	2560	386	462	516
2304	2304	2560	456	459	525
2560	2304	2560	537	449	518
2816	2304	2560	628	437	507
3072	2304	2560	729	419	490
3328	2304	2560	842	400	475
3584	2304	2560	975	379	456
3840	2304	2560	1023	360	431
4095	2304	2560	1023	385	443
0	2560	2560	12	551	517
256	2560	2560	12	552	518
512	2560	2560	11	553	522
768	2560	2560	12	525	498
1024	2560	2560	12	530	509
1280	2560	2560	12	536	520
1536	2560	2560	185	536	523
1792	2560	2560	286	530	520
2048	2560	2560	361	523	513
2304	2560	2560	429	515	511
2560	2560	2560	505	505	485
2816	2560	2560	593	490	494
3072	2560	2560	695	473	481
3328	2560	2560	816	457	470
3584	2560	2560	960	441	459
3840	2560	2560	1023	410	431
4095	2560	2560	1023	433	450
0	2816	2560	11	604	516
256	2816	2560	11	604	516
512	2816	2560	11	606	518
768	2816	2560	11	608	520
1024	2816	2560	11	584	501
1280	2816	2560	11	589	505
1536	2816	2560	102	594	505
1792	2816	2560	245	587	501
2048	2816	2560	327	581	496
2304	2816	2560	394	573	489
2560	2816	2560	468	563	484
2816	2816	2560	555	551	474
3072	2816	2560	660	539	485
3328	2816	2560	785	526	474
3584	2816	2560	937	514	466
3840	2816	2560	1023	471	429
4095	2816	2560	1023	490	458
0	3072	2560	10	666	519
256	3072	2560	10	666	519
512	3072	2560	10	668	519
768	3072	2560	10	672	518
1024	3072	2560	10	679	516
1280	3072	2560	10	642	472
1536	3072	2560	10	653	480
1792	3072	2560	194	652	475
2048	3072	2560	289	647	473
2304	3072	2560	361	641	472
2560	3072	2560	433	635	469
2816	3072	2560	521	625	466
3072	3072	2560	624	615	461
3328	3072	2560	753	605	467
3584	3072	2560	900	593	462
3840	3072	2560	1020	549	450
4095	3072	2560	1023	560	466
0	3328	2560	9	750	527
256	3328	2560	9	751	527
512	3328	2560	9	753	526
768	3328	2560	9	758	523
1024	3328	2560	9	765	519
1280	3328	2560	9	718	477
1536	3328	2560	9	731	465
1792	3328	2560	123	742	460
2048	3328	2560	251	738	459
2304	3328	2560	331	733	459
2560	3328	2560	402	727	458
2816	3328	2560	488	719	457
3072	3328	2560	590	711	455
3328	3328	2560	715	700	447
3584	3328	2560	847	676	456
3840	3328	2560	993	646	447
4095	3328	2560	1023	641	475
0	3584	2560	8	835	511
256	3584	2560	8	835	511
512	3584	2560	8	837	508
768	3584	2560	8	841	503
1024	3584	2560	8	846	494
1280	3584	2560	8	853	516
1536	3584	2560	9	820	453
1792	3584	2560	9	833	456
2048	3584	2560	204	831	449
2304	3584	2560	296	828	447
2560	3584	2560	369	821	445
2816	3584	2560	447	812	441
3072	3584	2560	543	800	436
3328	3584	2560	655	784	432
3584	3584	2560	785	764	421
3840	3584	2560	952	752	432
4095	3584	2560	1023	737	484
0	3840	2560	7	929	525
256	3840	2560	7	930	524
512	3840	2560	7	934	522
768	3840	2560	7	941	517
1024	3840	2560	8	952	509
1280	3840	2560	8	965	497
1536	3840	2560	8	984	484
1792	3840	2560	7	919	435
2048	3840	2560	135	934	421
2304	3840	2560	252	928	420
2560	3840	2560	328	921	419
2816	3840	2560	403	914	418
3072	3840	2560	494	908	419
3328	3840	2560	610	900	419
3584	3840	2560	746	892	419
3840	3840	2560	913	883	419
4095	3840	2560	1023	850	502
0	4095	2560	12	1023	528
256	4095	2560	7	1021	528
512	4095	2560	7	1022	524
768	4095	2560	7	1022	516
1024	4095	2560	7	1020	503
1280	4095	2560	7	1022	489
1536	4095	2560	8	1022	469
1792	4095	2560	15	1023	441
2048	4095	2560	7	1022	411
2304	4095	2560	307	1023	460
2560	4095	2560	359	1023	457
2816	4095	2560	423	1023	454
3072	4095	2560	501	1023	449
3328	4095	2560	603	1023	447
3584	4095	2560	725	1023	444
3840	4095	2560	873	1023	441
4095	4095	2560	1023	982	543
0	0	2816	14	57	568
256	0	2816	14	47	576
512	0	2816	83	13	576
768	0	2816	166	13	560
1024	0	2816	219	12	533
1280	0	2816	261	11	510
1536	0	2816	304	10	499
1792	0	2816	347	10	499
2048	0	2816	390	10	496
2304	0	2816	437	10	491
2560	0	2816	500	9	492
2816	0	2816	611	10	527
3072	0	2816	747	12	558
3328	0	2816	859	11	553
3584	0	2816	954	10	531
3840	0	2816	1012	8	484
4095	0	2816	1023	14	443
0	256	2816	13	81	552
256	256	2816	13	74	562
512	256	2816	13	38	598
768	256	2816	144	12	583
1024	256	2816	211	11	556
1280	256	2816	258	11	522
1536	256	2816	304	10	511
1792	256	2816	348	10	508
2048	256	2816	392	10	503
2304	256	2816	439	10	496
2560	256	2816	504	9	497
2816	256	2816	618	11	532
3072	256	2816	753	12	561
3328	256	2816	863	11	555
3584	256	2816	958	10	532
3840	256	2816	1014	8	484
4095	256	2816	1022	7	445
0	512	2816	13	129	522
256	512	2816	13	126	533
512	512	2816	12	113	575
768	512	2816	68	75	603
1024	512	2816	183	58	580
1280	512	2816	244	35	573
1536	512	2816	303	10	557
1792	512	2816	352	10	541
2048	512	2816	397	10	526
2304	512	2816	448	9	514
2560	512	2816	516	10	512
2816	512	2816	644	11	550
3072	512	2816	775	12	572
3328	512	2816	880	11	561
3584	512	2816	972	10	536
3840	512	2816	1021	7	486
4095	512	2816	1023	44	440
0	768	2816	11	171	483
256	768	2816	11	169	493
512	768	2816	11	164	504
768	768	2816	11	146	577
1024	768	2816	167	138	568
1280	768	2816	236	130	564
1536	768	2816	296	119	560
1792	768	2816	348	106	551
2048	768	2816	397	86	547
2304	768	2816	458	57	542
2560	768	2816	543	10	548
2816	768	2816	690	11	594
3072	768	2816	811	12	578
3328	768	2816	908	11	549
3584	768	2816	989	9	498
3840	768	2816	1023	94	476
4095	768	2816	1023	109	441
0	1024	2816	10	207	460
256	1024	2816	10	206	466
512	1024	2816	10	204	486
768	1024	2816	10	198	557
1024	1024	2816	149	193	563
1280	1024	2816	224	187	558
1536	1024	2816	285	181	552
1792	1024	2816	338	173	544
2048	1024	2816	389	164	541
2304	1024	2816	454	155	544
2560	1024	2816	558	149	566
2816	1024	2816	704	141	603
3072	1024	2816	828	115	594
3328	1024	2816	938	68	567
3584	1024	2816	1009	8	513
3840	1024	2816	1023	150	478
4095	1024	2816	1023	155	443
0	1280	2816	10	247	451
256	1280	2816	10	247	457
512	1280	2816	10	246	478
768	1280	2816	10	244	515
1024	1280	2816	118	239	554
1280	1280	2816	207	234	548
1536	1280	2816	271	229	543
1792	1280	2816	328	224	540
2048	1280	2816	383	219	542
2304	1280	2816	456	216	560
2560	1280	2816	571	223	595
2816	1280	2816	697	220	603
3072	1280	2816	812	203	592
3328	1280	2816	924	181	564
3584	1280	2816	1007	150	513
3840	1280	2816	1023	197	480
4095	1280	2816	1023	195	445
0	1536	2816	10	284	445
256	1536	2816	10	284	449
512	1536	2816	10	284	464
768	1536	2816	9	283	493
1024	1536	2816	57	281	540
1280	1536	2816	187	277	540
1536	1536	2816	258	276	540
1792	1536	2816	320	273	541
2048	1536	2816	383	274	553
2304	1536	2816	468	282	581
2560	1536	2816	574	286	599
2816	1536	2816	688	283	602
3072	1536	2816	794	267	583
3328	1536	2816	908	246	556
3584	1536	2816	1001	218	519
3840	1536	2816	1023	239	482
4095	1536	2816	1023	234	447
0	1792	2816	10	322	447
256	1792	2816	9	322	451
512	1792	2816	10	323	460
768	1792	2816	9	324	490
1024	1792	2816	10	326	527
1280	1792	2816	162	325	568
1536	1792	2816	244	325	582
1792	1792	2816	321	333	562
2048	1792	2816	392	340	581
2304	1792	2816	474	345	597
2560	1792	2816	568	345	603
2816	1792	2816	670	337	597
3072	1792	2816	774	322	578
3328	1792	2816	886	301	553
3584	1792	2816	993	274	518
3840	1792	2816	1023	279	484
4095	1792	2816	1023	272	450
0	2048	2816	10	366	456
256	2048	2816	10	366	458
512	2048	2816	10	368	465
768	2048	2816	10	372	524
1024	2048	2816	10	379	540
1280	2048	2816	124	388	595
1536	2048	2816	240	396	599
1792	2048	2816	324	402	600
2048	2048	2816	394	403	597
2304	2048	2816	466	402	601
2560	2048	2816	554	397	601
2816	2048	2816	649	387	590
3072	2048	2816	750	370	572
3328	2048	2816	862	350	549
3584	2048	2816	983	327	522
3840	2048	2816	1023	319	487
4095	2048	2816	1023	309	453
0	2304	2816	11	487	565
256	2304	2816	12	488	567
512	2304	2816	12	451	520
768	2304	2816	12	455	546
1024	2304	2816	12	460	564
1280	2304	2816	11	467	593
1536	2304	2816	218	465	597
1792	2304	2816	308	463	594
2048	2304	2816	382	462	590
2304	2304	2816	450	456	599
2560	2304	2816	531	448	592
2816	2304	2816	622	436	581
3072	2304	2816	722	417	563
3328	2304	2816	837	399	547
3584	2304	2816	971	380	525
3840	2304	2816	1023	359	489
4095	2304	2816	1023	385	491
0	2560	2816	11	551	582
256	2560	2816	11	551	584
512	2560	2816	11	552	589
768	2560	2816	12	525	554
1024	2560	2816	12	529	563
1280	2560	2816	12	534	586
1536	2560	2816	172	533	579
1792	2560	2816	278	527	574
2048	2560	2816	356	520	569
2304	2560	2816	424	513	564
2560	2560	2816	500	503	579
2816	2560	2816	589	489	567
3072	2560	2816	690	472	553
3328	2560	2816	811	457	541
3584	2560	2816	957	442	530
3840	2560	2816	1023	409	491
4095	2560	2816	1023	433	499
0	2816	2816	11	603	556
256	2816	2816	10	603	557
512	2816	2816	11	604	561
768	2816	2816	10	607	568
1024	2816	2816	11	582	551
1280	2816	2816	11	587	564
1536	2816	2816	68	592	578
1792	2816	2816	236	586	574
2048	2816	2816	322	579	568
2304	2816	2816	389	571	561
2560	2816	2816	463	562	556
2816	2816	2816	549	549	537
3072	2816	2816	655	537	541
3328	2816	2816	781	525	535
3584	2816	2816	932	513	529
3840	2816	2816	1023	470	490
4095	2816	2816	1023	491	509
0	3072	2816	10	665	563
256	3072	2816	10	665	564
512	3072	2816	10	667	565
768	3072	2816	10	671	568
1024	3072	2816	10	677	572
1280	3072	2816	10	639	543
1536	3072	2816	10	649	547
1792	3072	2816	184	651	545
2048	3072	2816	284	645	543
2304	3072	2816	357	639	541
2560	3072	2816	429	632	539
2816	3072	2816	517	624	536
3072	3072	2816	619	614	530
3328	3072	2816	747	604	536
3584	3072	2816	894	592	531
3840	3072	2816	1016	550	518
4095	3072	2816	1023	561	518
0	3328	2816	9	750	575
256	3328	2816	9	750	575
512	3328	2816	9	753	575
768	3328	2816	9	758	576
1024	3328	2816	9	765	575
1280	3328	2816	10	718	531
1536	3328	2816	9	730	528
1792	3328	2816	104	741	530
2048	3328	2816	245	737	528
2304	3328	2816	327	731	528
2560	3328	2816	399	724	528
2816	3328	2816	483	718	526
3072	3328	2816	585	710	525
3328	3328	2816	710	700	512
3584	3328	2816	841	675	525
3840	3328	2816	989	646	514
4095	3328	2816	1023	642	528
0	3584	2816	8	835	587
256	3584	2816	8	835	587
512	3584	2816	8	837	586
768	3584	2816	8	841	583
1024	3584	2816	8	846	579
1280	3584	2816	8	853	573
1536	3584	2816	9	818	507
1792	3584	2816	8	829	525
2048	3584	2816	196	830	517
2304	3584	2816	291	826	516
2560	3584	2816	364	820	513
2816	3584	2816	442	811	510
3072	3584	2816	538	799	501
3328	3584	2816	650	782	495
3584	3584	2816	778	762	484
3840	3584	2816	946	752	496
4095	3584	2816	1023	739	539
0	3840	2816	7	929	576
256	3840	2816	7	930	575
512	3840	2816	7	934	574
768	3840	2816	7	940	571
1024	3840	2816	7	950	565
1280	3840	2816	7	964	561
1536	3840	2816	7	982	550
1792	3840	2816	8	915	497
2048	3840	2816	122	933	483
2304	3840	2816	247	926	481
2560	3840	2816	325	920	481
2816	3840	2816	399	914	481
3072	3840	2816	490	907	481
3328	3840	2816	606	900	482
3584	3840	2816	742	891	482
3840	3840	2816	907	882	482
4095	3840	2816	1023	852	550
0	4095	2816	13	1023	580
256	4095	2816	7	1021	578
512	4095	2816	8	1022	575
768	4095	2816	7	1022	568
1024	4095	2816	7	1023	558
1280	4095	2816	7	1023	544
1536	4095	2816	7	1023	526
1792	4095	2816	8	1020	500
2048	4095	2816	7	1022	471
2304	4095	2816	307	1023	522
2560	4095	2816	356	1023	516
2816	4095	2816	419	1023	514
3072	4095	2816	499	1023	511
3328	4095	2816	597	1023	506
3584	4095	2816	719	1023	504
3840	4095	2816	867	1023	501
4095	4095	2816	1023	990	578
0	0	3072	11	60	653
256	0	3072	13	50	617
512	0	3072	64	12	626
768	0	3072	153	12	609
1024	0	3072	209	11	590
1280	0	3072	253	10	562
1536	0	3072	301	10	561
1792	0	3072	344	10	559
2048	0	3072	386	10	556
2304	0	3072	434	9	552
2560	0	3072	499	10	557
2816	0	3072	613	11	597
3072	0	3072	747	12	630
3328	0	3072	854	11	623
3584	0	3072	950	10	597
3840	0	3072	1011	8	547
4095	0	3072	1022	7	497
0	256	3072	11	83	653
256	256	3072	13	74	599
512	256	3072	12	43	637
768	256	3072	130	12	627
1024	256	3072	199	11	603
1280	256	3072	250	10	581
1536	256	3072	300	10	575
1792	256	3072	345	10	570
2048	256	3072	387	10	564
2304	256	3072	436	10	558
2560	256	3072	503	10	563
2816	256	3072	620	11	605
3072	256	3072	752	12	634
3328	256	3072	858	11	625
3584	256	3072	954	10	599
3840	256	3072	1013	8	548
4095	256	3072	1023	7	496
0	512	3072	11	130	623
256	512	3072	12	123	568
512	512	3072	12	110	607
768	512	3072	11	67	659
1024	512	3072	164	46	653
1280	512	3072	234	21	651
1536	512	3072	296	10	629
1792	512	3072	346	10	610
2048	512	3072	391	10	593
2304	512	3072	444	10	583
2560	512	3072	517	10	587
2816	512	3072	645	11	629
3072	512	3072	771	12	649
3328	512	3072	873	11	634
3584	512	3072	968	10	605
3840	512	3072	1020	8	551
4095	512	3072	1023	34	493
0	768	3072	11	168	528
256	768	3072	11	166	536
512	768	3072	11	159	566
768	768	3072	10	144	645
1024	768	3072	151	133	649
1280	768	3072	226	125	645
1536	768	3072	288	115	637
1792	768	3072	340	101	627
2048	768	3072	391	80	626
2304	768	3072	454	48	624
2560	768	3072	545	10	635
2816	768	3072	687	11	681
3072	768	3072	803	12	660
3328	768	3072	899	11	625
3584	768	3072	986	9	571
3840	768	3072	1023	89	543
4095	768	3072	1023	105	494
0	1024	3072	10	206	512
256	1024	3072	10	205	520
512	1024	3072	10	203	547
768	1024	3072	10	197	611
1024	1024	3072	129	190	643
1280	1024	3072	214	184	636
1536	1024	3072	276	177	629
1792	1024	3072	331	170	622
2048	1024	3072	385	162	623
2304	1024	3072	452	153	637
2560	1024	3072	563	148	663
2816	1024	3072	699	137	696
3072	1024	3072	818	110	682
3328	1024	3072	930	60	653
3584	1024	3072	1005	8	594
3840	1024	3072	1023	148	545
4095	1024	3072	1023	152	496
0	1280	3072	10	247	501
256	1280	3072	10	246	508
512	1280	3072	10	245	532
768	1280	3072	10	242	571
1024	1280	3072	93	236	632
1280	1280	3072	197	230	625
1536	1280	3072	264	227	622
1792	1280	3072	323	222	623
2048	1280	3072	381	218	628
2304	1280	3072	460	219	656
2560	1280	3072	572	223	689
2816	1280	3072	692	219	699
3072	1280	3072	803	202	682
3328	1280	3072	916	179	649
3584	1280	3072	1004	148	594
3840	1280	3072	1023	194	547
4095	1280	3072	1023	194	499
0	1536	3072	9	283	495
256	1536	3072	9	283	499
512	1536	3072	9	283	517
768	1536	3072	10	281	551
1024	1536	3072	9	278	617
1280	1536	3072	177	277	622
1536	1536	3072	252	275	623
1792	1536	3072	316	273	625
2048	1536	3072	385	279	651
2304	1536	3072	469	284	679
2560	1536	3072	571	287	694
2816	1536	3072	682	282	692
3072	1536	3072	787	265	671
3328	1536	3072	900	244	644
3584	1536	3072	998	218	600
3840	1536	3072	1023	237	550
4095	1536	3072	1023	233	502
0	1792	3072	9	322	504
256	1792	3072	9	323	507
512	1792	3072	9	323	519
768	1792	3072	9	324	560
1024	1792	3072	9	326	601
1280	1792	3072	150	326	665
1536	1792	3072	243	331	638
1792	1792	3072	322	339	661
2048	1792	3072	394	345	680
2304	1792	3072	472	347	692
2560	1792	3072	564	344	696
2816	1792	3072	662	336	687
3072	1792	3072	766	320	664
3328	1792	3072	878	300	635
3584	1792	3072	990	274	599
3840	1792	3072	1023	278	554
4095	1792	3072	1023	271	506
0	2048	3072	10	370	511
256	2048	3072	10	371	514
512	2048	3072	10	373	544
768	2048	3072	10	377	596
1024	2048	3072	10	385	622
1280	2048	3072	103	393	689
1536	2048	3072	235	400	693
1792	2048	3072	320	404	696
2048	2048	3072	390	403	691
2304	2048	3072	462	402	694
2560	2048	3072	548	396	692
2816	2048	3072	642	385	680
3072	2048	3072	742	367	657
3328	2048	3072	854	348	632
3584	2048	3072	980	327	603
3840	2048	3072	1023	317	557
4095	2048	3072	1023	308	510
0	2304	3072	11	450	543
256	2304	3072	11	450	544
512	2304	3072	11	453	548
768	2304	3072	12	456	606
1024	2304	3072	12	460	635
1280	2304	3072	12	465	679
1536	2304	3072	207	465	687
1792	2304	3072	302	463	684
2048	2304	3072	377	461	680
2304	2304	3072	444	454	689
2560	2304	3072	525	446	681
2816	2304	3072	615	434	668
3072	2304	3072	715	415	647
3328	2304	3072	831	398	629
3584	2304	3072	967	380	607
3840	2304	3072	1023	358	561
4095	2304	3072	1023	385	549
0	2560	3072	11	549	638
256	2560	3072	11	549	640
512	2560	3072	11	550	649
768	2560	3072	12	524	615
1024	2560	3072	12	527	625
1280	2560	3072	12	531	661
1536	2560	3072	156	531	665
1792	2560	3072	270	524	660
2048	2560	3072	349	518	654
2304	2560	3072	418	510	648
2560	2560	3072	494	501	667
2816	2560	3072	582	486	652
3072	2560	3072	683	471	636
3328	2560	3072	805	455	622
3584	2560	3072	951	442	610
3840	2560	3072	1023	407	564
4095	2560	3072	1023	433	557
0	2816	3072	11	601	637
256	2816	3072	11	601	639
512	2816	3072	11	602	645
768	2816	3072	11	605	657
1024	2816	3072	11	580	606
1280	2816	3072	11	584	631
1536	2816	3072	11	589	631
1792	2816	3072	227	583	629
2048	2816	3072	315	576	626
2304	2816	3072	383	568	625
2560	2816	3072	457	560	621
2816	2816	3072	543	547	633
3072	2816	3072	649	537	624
3328	2816	3072	774	524	615
3584	2816	3072	924	512	609
3840	2816	3072	1023	468	565
4095	2816	3072	1023	491	567
0	3072	3072	10	665	612
256	3072	3072	10	665	613
512	3072	3072	10	667	617
768	3072	3072	10	671	624
1024	3072	3072	10	630	623
1280	3072	3072	10	637	607
1536	3072	3072	10	647	621
1792	3072	3072	173	649	627
2048	3072	3072	278	643	625
2304	3072	3072	352	638	624
2560	3072	3072	424	630	619
2816	3072	3072	511	623	616
3072	3072	3072	611	611	605
3328	3072	3072	741	603	608
3584	3072	3072	887	590	601
3840	3072	3072	1013	550	568
4095	3072	3072	1023	562	578
0	3328	3072	9	750	630
256	3328	3072	9	750	631
512	3328	3072	9	753	633
768	3328	3072	9	757	636
1024	3328	3072	9	764	640
1280	3328	3072	9	716	600
1536	3328	3072	9	728	605
1792	3328	3072	75	739	609
2048	3328	3072	239	736	608
2304	3328	3072	323	729	607
2560	3328	3072	394	723	607
2816	3328	3072	478	717	604
3072	3328	3072	581	709	603
3328	3328	3072	705	700	591
3584	3328	3072	834	674	603
3840	3328	3072	983	646	592
4095	3328	3072	1023	643	590
0	3584	3072	8	835	634
256	3584	3072	8	835	634
512	3584	3072	8	837	635
768	3584	3072	8	840	636
1024	3584	3072	8	845	637
1280	3584	3072	8	851	637
1536	3584	3072	9	817	568
1792	3584	3072	9	828	600
2048	3584	3072	188	830	596
2304	3584	3072	286	824	594
2560	3584	3072	360	818	590
2816	3584	3072	438	809	588
3072	3584	3072	533	798	579
3328	3584	3072	644	781	572
3584	3584	3072	772	760	560
3840	3584	3072	940	751	574
4095	3584	3072	1023	740	601
0	3840	3072	7	929	636
256	3840	3072	7	930	636
512	3840	3072	8	934	635
768	3840	3072	8	940	635
1024	3840	3072	7	950	632
1280	3840	3072	8	963	629
1536	3840	3072	7	891	578
1792	3840	3072	7	912	569
2048	3840	3072	105	930	560
2304	3840	3072	242	924	557
2560	3840	3072	321	919	558
2816	3840	3072	395	913	558
3072	3840	3072	486	906	558
3328	3840	3072	601	898	558
3584	3840	3072	736	890	559
3840	3840	3072	900	881	559
4095	3840	3072	1023	854	610
0	4095	3072	7	1021	637
256	4095	3072	7	1022	637
512	4095	3072	8	1022	635
768	4095	3072	7	1022	629
1024	4095	3072	8	1022	621
1280	4095	3072	7	1021	608
1536	4095	3072	7	1021	592
1792	4095	3072	7	1021	569
2048	4095	3072	246	1023	590
2304	4095	3072	304	1023	588
2560	4095	3072	356	1023	587
2816	4095	3072	416	1023	583
3072	4095	3072	494	1023	582
3328	4095	3072	594	1023	580
3584	4095	3072	713	1023	576
3840	4095	3072	861	1023	573
4095	4095	3072	1023	997	627
0	0	3328	11	61	707
256	0	3328	10	52	719
512	0	3328	39	11	677
768	0	3328	140	11	657
1024	0	3328	197	11	641
1280	0	3328	248	10	631
1536	0	3328	296	10	629
1792	0	3328	341	10	624
2048	0	3328	382	10	618
2304	0	3328	431	10	620
2560	0	3328	502	10	635
2816	0	3328	617	11	680
3072	0	3328	745	12	712
3328	0	3328	848	11	701
3584	0	3328	946	10	674
3840	0	3328	1010	8	621
4095	0	3328	1023	14	559
0	256	3328	11	81	705
256	256	3328	10	75	717
512	256	3328	11	45	682
768	256	3328	115	11	681
1024	256	3328	188	10	663
1280	256	3328	244	10	653
1536	256	3328	295	10	647
1792	256	3328	340	10	640
2048	256	3328	382	10	632
2304	256	3328	433	9	630
2560	256	3328	506	10	644
2816	256	3328	624	11	690
3072	256	3328	749	12	717
3328	256	3328	852	11	704
3584	256	3328	950	10	677
3840	256	3328	1012	8	622
4095	256	3328	1022	7	572
0	512	3328	10	128	688
256	512	3328	10	125	700
512	512	3328	11	106	646
768	512	3328	11	69	725
1024	512	3328	144	33	754
1280	512	3328	225	10	741
1536	512	3328	288	10	717
1792	512	3328	338	10	689
2048	512	3328	384	10	673
2304	512	3328	440	9	665
2560	512	3328	522	10	680
2816	512	3328	646	11	721
3072	512	3328	765	12	736
3328	512	3328	865	11	716
3584	512	3328	964	10	685
3840	512	3328	1018	8	625
4095	512	3328	1023	28	557
0	768	3328	10	175	668
256	768	3328	10	174	680
512	768	3328	10	158	625
768	768	3328	10	144	703
1024	768	3328	129	127	746
1280	768	3328	215	120	738
1536	768	3328	278	109	730
1792	768	3328	331	94	728
2048	768	3328	385	72	724
2304	768	3328	451	37	726
2560	768	3328	554	11	752
2816	768	3328	683	12	771
3072	768	3328	793	12	751
3328	768	3328	890	11	716
3584	768	3328	983	9	657
3840	768	3328	1023	81	619
4095	768	3328	1023	103	559
0	1024	3328	10	218	646
256	1024	3328	10	204	579
512	1024	3328	10	202	609
768	1024	3328	10	195	676
1024	1024	3328	103	185	736
1280	1024	3328	202	180	728
1536	1024	3328	267	174	724
1792	1024	3328	325	167	724
2048	1024	3328	382	160	727
2304	1024	3328	456	153	756
2560	1024	3328	569	148	781
2816	1024	3328	694	134	805
3072	1024	3328	808	104	791
3328	1024	3328	921	50	752
3584	1024	3328	1002	8	690
3840	1024	3328	1023	144	622
4095	1024	3328	1023	151	561
0	1280	3328	10	246	557
256	1280	3328	10	245	564
512	1280	3328	10	244	591
768	1280	3328	10	239	635
1024	1280	3328	47	231	726
1280	1280	3328	185	229	723
1536	1280	3328	257	225	723
1792	1280	3328	319	221	725
2048	1280	3328	381	220	743
2304	1280	3328	465	221	778
2560	1280	3328	572	223	802
2816	1280	3328	687	217	804
3072	1280	3328	793	199	783
3328	1280	3328	907	176	749
3584	1280	3328	1001	147	691
3840	1280	3328	1023	192	625
4095	1280	3328	1023	193	563
0	1536	3328	10	282	553
256	1536	3328	10	282	558
512	1536	3328	9	281	579
768	1536	3328	9	280	619
1024	1536	3328	10	278	701
1280	1536	3328	165	277	723
1536	1536	3328	246	276	728
1792	1536	3328	319	281	749
2048	1536	3328	389	284	774
2304	1536	3328	473	288	796
2560	1536	3328	568	287	805
2816	1536	3328	673	279	797
3072	1536	3328	777	263	771
3328	1536	3328	889	242	747
3584	1536	3328	994	217	698
3840	1536	3328	1023	235	629
4095	1536	3328	1023	232	567
0	1792	3328	9	323	573
256	1792	3328	9	323	577
512	1792	3328	9	324	590
768	1792	3328	9	325	611
1024	1792	3328	10	328	695
1280	1792	3328	135	333	786
1536	1792	3328	242	340	762
1792	1792	3328	323	345	781
2048	1792	3328	394	348	795
2304	1792	3328	468	347	802
2560	1792	3328	558	343	802
2816	1792	3328	654	333	789
3072	1792	3328	757	318	767
3328	1792	3328	868	297	735
3584	1792	3328	987	274	696
3840	1792	3328	1023	276	634
4095	1792	3328	1023	270	571
0	2048	3328	10	377	579
256	2048	3328	10	377	582
512	2048	3328	10	380	625
768	2048	3328	11	385	644
1024	2048	3328	11	393	715
1280	2048	3328	63	402	800
1536	2048	3328	228	406	803
1792	2048	3328	314	405	799
2048	2048	3328	386	403	801
2304	2048	3328	457	401	805
2560	2048	3328	540	393	795
2816	2048	3328	632	382	781
3072	2048	3328	733	365	757
3328	2048	3328	845	347	732
3584	2048	3328	976	327	701
3840	2048	3328	1023	316	639
4095	2048	3328	1023	307	576
0	2304	3328	11	452	620
256	2304	3328	12	452	622
512	2304	3328	12	454	629
768	2304	3328	12	457	675
1024	2304	3328	12	461	714
1280	2304	3328	12	465	774
1536	2304	3328	194	465	789
1792	2304	3328	294	463	785
2048	2304	3328	370	458	780
2304	2304	3328	438	451	793
2560	2304	3328	515	443	783
2816	2304	3328	606	431	769
3072	2304	3328	705	413	747
3328	2304	3328	823	396	729
3584	2304	3328	963	380	707
3840	2304	3328	1023	357	645
4095	2304	3328	1023	385	615
0	2560	3328	11	546	701
256	2560	3328	11	547	704
512	2560	3328	12	520	666
768	2560	3328	12	522	682
1024	2560	3328	12	524	694
1280	2560	3328	12	527	743
1536	2560	3328	133	527	764
1792	2560	3328	261	520	758
2048	2560	3328	342	514	754
2304	2560	3328	411	507	747
2560	2560	3328	485	496	766
2816	2560	3328	572	483	751
3072	2560	3328	674	468	735
3328	2560	3328	797	454	723
3584	2560	3328	946	441	712
3840	2560	3328	1023	406	650
4095	2560	3328	1023	433	624
0	2816	3328	11	599	695
256	2816	3328	11	599	698
512	2816	3328	10	600	707
768	2816	3328	11	574	677
1024	2816	3328	11	577	669
1280	2816	3328	11	580	706
1536	2816	3328	11	584	756
1792	2816	3328	216	579	729
2048	2816	3328	308	572	726
2304	2816	3328	376	565	726
2560	2816	3328	450	555	721
2816	2816	3328	537	545	731
3072	2816	3328	642	534	724
3328	2816	3328	767	523	715
3584	2816	3328	917	511	708
3840	2816	3328	1023	466	655
4095	2816	3328	1023	490	634
0	3072	3328	10	664	695
256	3072	3328	10	664	696
512	3072	3328	9	666	702
768	3072	3328	10	669	712
1024	3072	3328	10	629	684
1280	3072	3328	10	635	681
1536	3072	3328	10	643	709
1792	3072	3328	160	647	711
2048	3072	3328	270	641	709
2304	3072	3328	347	636	708
2560	3072	3328	418	628	707
2816	3072	3328	505	621	706
3072	3072	3328	607	611	713
3328	3072	3328	735	602	707
3584	3072	3328	880	589	698
3840	3072	3328	1008	551	661
4095	3072	3328	1023	562	646
0	3328	3328	9	750	705
256	3328	3328	9	751	706
512	3328	3328	9	753	710
768	3328	3328	9	757	705
1024	3328	3328	9	763	715
1280	3328	3328	9	715	675
1536	3328	3328	9	726	690
1792	3328	3328	18	738	709
2048	3328	3328	230	732	707
2304	3328	3328	318	728	707
2560	3328	3328	390	721	706
2816	3328	3328	473	715	703
3072	3328	3328	576	707	702
3328	3328	3328	700	700	663
3584	3328	3328	827	672	678
3840	3328	3328	976	645	657
4095	3328	3328	1023	644	659
0	3584	3328	8	834	684
256	3584	3328	8	834	685
512	3584	3328	9	836	688
768	3584	3328	8	839	692
1024	3584	3328	8	843	699
1280	3584	3328	8	849	708
1536	3584	3328	9	816	682
1792	3584	3328	9	826	691
2048	3584	3328	177	827	693
2304	3584	3328	280	822	689
2560	3584	3328	354	815	684
2816	3584	3328	433	806	681
3072	3584	3328	527	794	672
3328	3584	3328	638	778	662
3584	3584	3328	764	758	650
3840	3584	3328	933	750	663
4095	3584	3328	1023	742	673
0	3840	3328	7	929	701
256	3840	3328	8	930	701
512	3840	3328	7	933	702
768	3840	3328	7	939	704
1024	3840	3328	7	949	705
1280	3840	3328	7	961	706
1536	3840	3328	8	889	653
1792	3840	3328	7	909	652
2048	3840	3328	79	928	648
2304	3840	3328	235	923	647
2560	3840	3328	317	917	647
2816	3840	3328	391	912	647
3072	3840	3328	481	905	647
3328	3840	3328	595	897	648
3584	3840	3328	731	889	648
3840	3840	3328	893	879	648
4095	3840	3328	1023	857	682
0	4095	3328	7	1022	701
256	4095	3328	7	1023	701
512	4095	3328	7	1023	699
768	4095	3328	7	1023	694
1024	4095	3328	7	1023	688
1280	4095	3328	15	1023	679
1536	4095	3328	7	1023	666
1792	4095	3328	7	1022	650
2048	4095	3328	241	1023	664
2304	4095	3328	300	1023	664
2560	4095	3328	352	1023	664
2816	4095	3328	414	1023	664
3072	4095	3328	492	1023	664
3328	4095	3328	589	1023	662
3584	4095	3328	708	1023	660
3840	4095	3328	855	1023	658
4095	4095	3328	1023	1004	692
0	0	3584	10	63	782
256	0	3584	10	56	796
512	0	3584	11	17	728
768	0	3584	128	10	722
1024	0	3584	190	10	717
1280	0	3584	242	10	715
1536	0	3584	291	10	707
1792	0	3584	334	10	702
2048	0	3584	377	9	700
2304	0	3584	428	9	705
2560	0	3584	506	10	741
2816	0	3584	623	11	779
3072	0	3584	740	11	803
3328	0	3584	841	11	790
3584	0	3584	940	10	763
3840	0	3584	1008	8	705
4095	0	3584	1022	7	645
0	256	3584	10	82	779
256	256	3584	10	77	793
512	256	3584	10	48	722
768	256	3584	100	10	751
1024	256	3584	180	10	742
1280	256	3584	238	10	738
1536	256	3584	289	10	723
1792	256	3584	333	10	715
2048	256	3584	377	10	712
2304	256	3584	430	9	716
2560	256	3584	511	10	742
2816	256	3584	629	11	791
3072	256	3584	744	11	810
3328	256	3584	844	11	794
3584	256	3584	944	10	766
3840	256	3584	1010	8	706
4095	256	3584	1023	7	645
0	512	3584	10	127	767
256	512	3584	10	124	780
512	512	3584	11	105	709
768	512	3584	10	73	793
1024	512	3584	119	13	863
1280	512	3584	214	10	828
1536	512	3584	277	10	803
1792	512	3584	330	10	779
2048	512	3584	379	9	766
2304	512	3584	439	10	765
2560	512	3584	530	11	795
2816	512	3584	647	11	830
3072	512	3584	757	12	834
3328	512	3584	856	11	809
3584	512	3584	957	10	778
3840	512	3584	1017	8	712
4095	512	3584	1023	17	630
0	768	3584	10	173	750
256	768	3584	10	172	761
512	768	3584	10	157	696
768	768	3584	10	143	773
1024	768	3584	100	122	848
1280	768	3584	200	113	842
1536	768	3584	266	102	838
1792	768	3584	324	87	839
2048	768	3584	382	65	844
2304	768	3584	457	26	861
2560	768	3584	564	11	886
2816	768	3584	676	12	896
3072	768	3584	780	11	878
3328	768	3584	877	11	818
3584	768	3584	978	10	757
3840	768	3584	1023	71	710
4095	768	3584	1023	98	632
0	1024	3584	10	215	726
256	1024	3584	10	214	738
512	1024	3584	10	200	678
768	1024	3584	10	193	747
1024	1024	3584	61	180	840
1280	1024	3584	188	175	837
1536	1024	3584	259	171	840
1792	1024	3584	321	165	845
2048	1024	3584	382	159	866
2304	1024	3584	463	154	878
2560	1024	3584	571	146	920
2816	1024	3584	687	129	935
3072	1024	3584	794	96	911
3328	1024	3584	909	37	873
3584	1024	3584	996	9	801
3840	1024	3584	1023	140	713
4095	1024	3584	1023	148	634
0	1280	3584	10	257	714
256	1280	3584	9	257	722
512	1280	3584	10	241	660
768	1280	3584	10	236	715
1024	1280	3584	9	230	822
1280	1280	3584	173	227	840
1536	1280	3584	250	225	845
1792	1280	3584	320	224	864
2048	1280	3584	387	225	893
2304	1280	3584	472	226	920
2560	1280	3584	568	222	932
2816	1280	3584	675	213	931
3072	1280	3584	781	195	904
3328	1280	3584	894	173	863
3584	1280	3584	997	145	802
3840	1280	3584	1023	190	717
4095	1280	3584	1023	191	638
0	1536	3584	10	302	705
256	1536	3584	10	281	628
512	1536	3584	9	281	653
768	1536	3584	10	280	701
1024	1536	3584	10	278	788
1280	1536	3584	152	279	850
1536	1536	3584	245	285	874
1792	1536	3584	323	288	897
2048	1536	3584	395	291	920
2304	1536	3584	470	289	928
2560	1536	3584	560	284	931
2816	1536	3584	659	275	918
3072	1536	3584	766	260	886
3328	1536	3584	876	239	859
3584	1536	3584	990	216	811
3840	1536	3584	1023	233	722
4095	1536	3584	1023	230	642
0	1792	3584	10	325	658
256	1792	3584	10	325	663
512	1792	3584	10	326	679
768	1792	3584	10	328	707
1024	1792	3584	10	335	812
1280	1792	3584	115	344	890
1536	1792	3584	238	349	910
1792	1792	3584	321	350	922
2048	1792	3584	390	349	927
2304	1792	3584	462	346	931
2560	1792	3584	548	340	927
2816	1792	3584	642	329	911
3072	1792	3584	744	314	882
3328	1792	3584	857	295	850
3584	1792	3584	981	274	808
3840	1792	3584	1023	275	729
4095	1792	3584	1023	268	647
0	2048	3584	11	385	663
256	2048	3584	11	386	667
512	2048	3584	11	389	714
768	2048	3584	11	394	743
1024	2048	3584	11	400	818
1280	2048	3584	12	407	925
1536	2048	3584	216	406	931
1792	2048	3584	306	404	928
2048	2048	3584	380	402	931
2304	2048	3584	448	397	926
2560	2048	3584	528	389	916
2816	2048	3584	621	377	899
3072	2048	3584	721	361	873
3328	2048	3584	836	345	847
3584	2048	3584	971	327	815
3840	2048	3584	1023	315	736
4095	2048	3584	1023	306	653
0	2304	3584	12	454	705
256	2304	3584	12	454	708
512	2304	3584	12	456	719
768	2304	3584	12	458	759
1024	2304	3584	12	461	801
1280	2304	3584	12	464	882
1536	2304	3584	178	463	912
1792	2304	3584	283	458	907
2048	2304	3584	360	453	920
2304	2304	3584	428	446	913
2560	2304	3584	505	439	906
2816	2304	3584	594	426	885
3072	2304	3584	695	409	861
3328	2304	3584	814	395	842
3584	2304	3584	957	380	822
3840	2304	3584	1023	355	744
4095	2304	3584	1023	384	689
0	2560	3584	11	543	772
256	2560	3584	11	544	776
512	2560	3584	12	518	743
768	2560	3584	12	519	765
1024	2560	3584	12	521	769
1280	2560	3584	11	521	834
1536	2560	3584	101	520	880
1792	2560	3584	248	515	874
2048	2560	3584	333	509	868
2304	2560	3584	402	501	860
2560	2560	3584	475	490	880
2816	2560	3584	562	479	864
3072	2560	3584	665	465	850
3328	2560	3584	788	452	835
3584	2560	3584	937	440	824
3840	2560	3584	1023	404	753
4095	2560	3584	1023	433	700
0	2816	3584	10	596	762
256	2816	3584	10	597	765
512	2816	3584	10	597	777
768	2816	3584	11	571	770
1024	2816	3584	11	573	741
1280	2816	3584	11	575	789
1536	2816	3584	10	578	857
1792	2816	3584	203	573	842
2048	2816	3584	299	567	840
2304	2816	3584	369	560	837
2560	2816	3584	442	551	834
2816	2816	3584	529	542	845
3072	2816	3584	633	533	836
3328	2816	3584	759	522	828
3584	2816	3584	909	510	819
3840	2816	3584	1021	466	765
4095	2816	3584	1023	490	712
0	3072	3584	10	662	766
256	3072	3584	10	663	768
512	3072	3584	10	664	776
768	3072	3584	10	667	790
1024	3072	3584	10	627	754
1280	3072	3584	10	632	764
1536	3072	3584	10	639	805
1792	3072	3584	141	643	822
2048	3072	3584	262	638	821
2304	3072	3584	341	632	820
2560	3072	3584	412	626	818
2816	3072	3584	499	618	817
3072	3072	3584	600	609	823
3328	3072	3584	727	600	820
3584	3072	3584	870	587	807
3840	3072	3584	1003	551	769
4095	3072	3584	1023	561	725
0	3328	3584	9	748	778
256	3328	3584	9	749	779
512	3328	3584	9	751	785
768	3328	3584	9	754	794
1024	3328	3584	9	760	810
1280	3328	3584	9	713	756
1536	3328	3584	9	722	782
1792	3328	3584	9	733	817
2048	3328	3584	220	730	801
2304	3328	3584	311	724	796
2560	3328	3584	384	719	792
2816	3328	3584	466	712	786
3072	3328	3584	569	705	779
3328	3328	3584	690	695	808
3584	3328	3584	818	670	785
3840	3328	3584	969	644	764
4095	3328	3584	1023	644	739
0	3584	3584	8	832	789
256	3584	3584	9	832	790
512	3584	3584	8	834	795
768	3584	3584	8	837	802
1024	3584	3584	8	841	768
1280	3584	3584	9	805	743
1536	3584	3584	9	812	763
1792	3584	3584	9	821	786
2048	3584	3584	164	824	800
2304	3584	3584	273	817	794
2560	3584	3584	349	811	789
2816	3584	3584	427	802	785
3072	3584	3584	519	791	774
3328	3584	3584	631	776	767
3584	3584	3584	755	755	755
3840	3584	3584	926	749	756
4095	3584	3584	1023	744	755
0	3840	3584	7	929	774
256	3840	3584	8	930	775
512	3840	3584	7	933	777
768	3840	3584	7	939	781
1024	3840	3584	7	948	787
1280	3840	3584	7	960	794
1536	3840	3584	7	886	737
1792	3840	3584	7	905	745
2048	3840	3584	28	927	752
2304	3840	3584	228	922	752
2560	3840	3584	312	916	752
2816	3840	3584	386	910	752
3072	3840	3584	476	903	753
3328	3840	3584	589	896	753
3584	3840	3584	725	887	753
3840	3840	3584	885	878	753
4095	3840	3584	1023	860	769
0	4095	3584	7	1023	771
256	4095	3584	7	1021	769
512	4095	3584	7	1021	768
768	4095	3584	7	1021	765
1024	4095	3584	8	1020	761
1280	4095	3584	7	1023	757
1536	4095	3584	8	1021	748
1792	4095	3584	177	1023	751
2048	4095	3584	244	1023	752
2304	4095	3584	301	1023	753
2560	4095	3584	352	1023	755
2816	4095	3584	411	1023	754
3072	4095	3584	487	1023	756
3328	4095	3584	585	1023	757
3584	4095	3584	703	1023	758
3840	4095	3584	849	1023	757
4095	4095	3584	1023	1010	772
0	0	3840	10	67	871
256	0	3840	10	60	885
512	0	3840	10	28	798
768	0	3840	118	10	808
1024	0	3840	183	10	804
1280	0	3840	236	10	800
1536	0	3840	284	10	792
1792	0	3840	328	10	791
2048	0	3840	374	10	795
2304	0	3840	430	10	814
2560	0	3840	518	11	866
2816	0	3840	630	11	905
3072	0	3840	734	12	907
3328	0	3840	831	11	891
3584	0	3840	993	9	890
3840	0	3840	1022	7	820
4095	0	3840	1023	13	716
0	256	3840	10	85	868
256	256	3840	10	79	882
512	256	3840	10	52	795
768	256	3840	85	10	843
1024	256	3840	172	10	833
1280	256	3840	230	10	824
1536	256	3840	280	10	817
1792	256	3840	326	9	808
2048	256	3840	374	9	811
2304	256	3840	432	10	829
2560	256	3840	523	11	882
2816	256	3840	635	11	916
3072	256	3840	737	11	917
3328	256	3840	833	11	895
3584	256	3840	937	10	867
3840	256	3840	1008	8	804
4095	256	3840	1022	7	727
0	512	3840	10	126	854
256	512	3840	10	123	869
512	512	3840	10	105	785
768	512	3840	10	76	871
1024	512	3840	100	9	956
1280	512	3840	204	10	930
1536	512	3840	269	9	908
1792	512	3840	324	9	888
2048	512	3840	378	10	884
2304	512	3840	444	10	893
2560	512	3840	535	11	922
2816	512	3840	641	11	944
3072	512	3840	743	11	940
3328	512	3840	843	11	915
3584	512	3840	949	10	884
3840	512	3840	1015	8	812
4095	512	3840	1023	7	727
0	768	3840	10	171	834
256	768	3840	10	169	849
512	768	3840	10	156	771
768	768	3840	10	142	850
1024	768	3840	50	114	965
1280	768	3840	184	106	967
1536	768	3840	255	95	967
1792	768	3840	316	79	967
2048	768	3840	380	55	998
2304	768	3840	458	10	1017
2560	768	3840	547	11	1010
2816	768	3840	646	11	999
3072	768	3840	756	11	986
3328	768	3840	862	10	955
3584	768	3840	971	10	873
3840	768	3840	1023	58	815
4095	768	3840	1023	95	718
0	1024	3840	10	214	823
256	1024	3840	10	213	832
512	1024	3840	10	198	755
768	1024	3840	9	191	834
1024	1024	3840	9	178	958
1280	1024	3840	172	171	967
1536	1024	3840	250	168	980
1792	1024	3840	319	165	1009
2048	1024	3840	385	160	1023
2304	1024	3840	455	150	1023
2560	1024	3840	537	135	1023
2816	1024	3840	638	115	1023
3072	1024	3840	758	83	1019
3328	1024	3840	883	20	993
3584	1024	3840	990	9	930
3840	1024	3840	1023	136	819
4095	1024	3840	1023	146	720
0	1280	3840	9	257	810
256	1280	3840	10	257	819
512	1280	3840	9	239	744
768	1280	3840	10	236	805
1024	1280	3840	10	231	925
1280	1280	3840	158	228	989
1536	1280	3840	247	229	1014
1792	1280	3840	319	227	1021
2048	1280	3840	381	222	1023
2304	1280	3840	449	215	1023
2560	1280	3840	530	207	1023
2816	1280	3840	631	198	1023
3072	1280	3840	750	186	1020
3328	1280	3840	869	166	984
3584	1280	3840	986	141	930
3840	1280	3840	1023	187	824
4095	1280	3840	1023	190	725
0	1536	3840	10	309	811
256	1536	3840	10	310	817
512	1536	3840	9	282	750
768	1536	3840	9	281	803
1024	1536	3840	10	287	906
1280	1536	3840	133	287	1019
1536	1536	3840	237	285	1021
1792	1536	3840	311	282	1023
2048	1536	3840	373	278	1023
2304	1536	3840	440	273	1023
2560	1536	3840	522	267	1023
2816	1536	3840	621	260	1023
3072	1536	3840	738	251	1010
3328	1536	3840	854	232	982
3584	1536	3840	978	213	940
3840	1536	3840	1023	230	832
4095	1536	3840	1023	229	730
0	1792	3840	11	370	848
256	1792	3840	11	370	855
512	1792	3840	10	332	788
768	1792	3840	10	338	831
1024	1792	3840	11	343	935
1280	1792	3840	69	337	1023
1536	1792	3840	217	335	1023
1792	1792	3840	298	332	1023
2048	1792	3840	364	329	1023
2304	1792	3840	429	325	1023
2560	1792	3840	511	321	1023
2816	1792	3840	610	315	1023
3072	1792	3840	719	305	1003
3328	1792	3840	837	289	976
3584	1792	3840	970	271	938
3840	1792	3840	1023	272	841
4095	1792	3840	1023	267	736
0	2048	3840	12	430	881
256	2048	3840	11	396	793
512	2048	3840	11	398	813
768	2048	3840	12	401	854
1024	2048	3840	12	405	930
1280	2048	3840	11	391	1008
1536	2048	3840	189	382	1023
1792	2048	3840	281	380	1023
2048	2048	3840	352	377	1023
2304	2048	3840	419	374	1023
2560	2048	3840	498	370	1023
2816	2048	3840	594	365	1018
3072	2048	3840	699	353	995
3328	2048	3840	818	340	975
3584	2048	3840	959	325	945
3840	2048	3840	1023	313	851
4095	2048	3840	1023	305	743
0	2304	3840	11	485	892
256	2304	3840	12	457	802
512	2304	3840	12	458	818
768	2304	3840	12	459	853
1024	2304	3840	12	461	915
1280	2304	3840	11	451	978
1536	2304	3840	148	436	1023
1792	2304	3840	260	434	1023
2048	2304	3840	337	431	1023
2304	2304	3840	406	428	1023
2560	2304	3840	483	424	1023
2816	2304	3840	573	415	1008
3072	2304	3840	676	401	987
3328	2304	3840	798	389	969
3584	2304	3840	945	378	952
3840	2304	3840	1023	353	863
4095	2304	3840	1023	341	751
0	2560	3840	11	539	886
256	2560	3840	11	539	892
512	2560	3840	12	515	828
768	2560	3840	11	515	858
1024	2560	3840	11	516	888
1280	2560	3840	11	512	933
1536	2560	3840	39	501	1005
1792	2560	3840	230	498	998
2048	2560	3840	318	495	992
2304	2560	3840	387	489	1017
2560	2560	3840	459	479	1004
2816	2560	3840	545	470	990
3072	2560	3840	649	458	977
3328	2560	3840	774	447	965
3584	2560	3840	923	436	955
3840	2560	3840	1023	401	877
4095	2560	3840	1023	432	786
0	2816	3840	10	593	838
256	2816	3840	10	593	842
512	2816	3840	10	594	858
768	2816	3840	11	567	850
1024	2816	3840	11	568	856
1280	2816	3840	10	570	883
1536	2816	3840	10	571	971
1792	2816	3840	187	563	973
2048	2816	3840	286	557	969
2304	2816	3840	359	551	968
2560	2816	3840	430	543	964
2816	2816	3840	518	536	975
3072	2816	3840	620	527	967
3328	2816	3840	747	516	958
3584	2816	3840	896	506	950
3840	2816	3840	1016	466	893
4095	2816	3840	1023	489	800
0	3072	3840	10	661	846
256	3072	3840	10	661	850
512	3072	3840	10	663	860
768	3072	3840	10	665	881
1024	3072	3840	10	624	866
1280	3072	3840	10	629	857
1536	3072	3840	10	635	915
1792	3072	3840	115	637	954
2048	3072	3840	251	632	954
2304	3072	3840	333	626	952
2560	3072	3840	403	620	951
2816	3072	3840	489	613	950
3072	3072	3840	591	605	956
3328	3072	3840	716	596	950
3584	3072	3840	858	582	936
3840	3072	3840	995	550	896
4095	3072	3840	1023	560	816
0	3328	3840	9	746	858
256	3328	3840	9	747	861
512	3328	3840	9	748	869
768	3328	3840	9	751	884
1024	3328	3840	9	756	907
1280	3328	3840	9	710	845
1536	3328	3840	9	718	886
1792	3328	3840	9	728	941
2048	3328	3840	210	725	928
2304	3328	3840	303	720	924
2560	3328	3840	377	715	920
2816	3328	3840	458	709	914
3072	3328	3840	561	703	905
3328	3328	3840	678	688	934
3584	3328	3840	805	666	910
3840	3328	3840	959	642	888
4095	3328	3840	1023	643	833
0	3584	3840	8	830	861
256	3584	3840	8	830	862
512	3584	3840	8	832	869
768	3584	3840	8	835	882
1024	3584	3840	8	838	901
1280	3584	3840	9	801	851
1536	3584	3840	9	807	854
1792	3584	3840	9	815	897
2048	3584	3840	148	819	878
2304	3584	3840	265	813	878
2560	3584	3840	342	806	877
2816	3584	3840	419	798	878
3072	3584	3840	510	786	878
3328	3584	3840	621	770	878
3584	3584	3840	749	755	880
3840	3584	3840	917	748	879
4095	3584	3840	1023	743	850
0	3840	3840	7	931	859
256	3840	3840	7	932	859
512	3840	3840	7	935	863
768	3840	3840	7	940	869
1024	3840	3840	7	949	878
1280	3840	3840	7	960	893
1536	3840	3840	8	885	833
1792	3840	3840	7	902	851
2048	3840	3840	8	923	873
2304	3840	3840	220	920	875
2560	3840	3840	307	915	875
2816	3840	3840	380	909	875
3072	3840	3840	471	902	876
3328	3840	3840	583	894	876
3584	3840	3840	718	886	876
3840	3840	3840	877	877	876
4095	3840	3840	1023	863	869
0	4095	3840	8	1021	850
256	4095	3840	7	1022	850
512	4095	3840	7	1022	850
768	4095	3840	8	1022	850
1024	4095	3840	7	1021	848
1280	4095	3840	7	1021	847
1536	4095	3840	7	1022	845
1792	4095	3840	167	1023	848
2048	4095	3840	238	1023	850
2304	4095	3840	296	1023	854
2560	4095	3840	348	1023	857
2816	4095	3840	409	1023	860
3072	4095	3840	485	1023	864
3328	4095	3840	582	1023	867
3584	4095	3840	699	1023	871
3840	4095	3840	843	1023	874
4095	4095	3840	1023	1016	879
0	0	4095	10	69	962
256	0	4095	9	62	969
512	0	4095	8	31	996
768	0	4095	106	10	903
1024	0	4095	176	10	900
1280	0	4095	229	10	898
1536	0	4095	278	9	898
1792	0	4095	325	9	900
2048	0	4095	375	10	923
2304	0	4095	440	10	954
2560	0	4095	519	11	983
2816	0	4095	602	8	1023
3072	0	4095	703	8	1019
3328	0	4095	817	8	1013
3584	0	4095	947	8	1000
3840	0	4095	1022	7	935
4095	0	4095	1023	7	821
0	256	4095	9	86	960
256	256	4095	9	80	968
512	256	4095	8	56	994
768	256	4095	65	10	938
1024	256	4095	164	10	931
1280	256	4095	223	10	926
1536	256	4095	275	9	925
1792	256	4095	325	10	924
2048	256	4095	375	10	946
2304	256	4095	444	10	976
2560	256	4095	522	11	997
2816	256	4095	610	11	1007
3072	256	4095	710	11	1012
3328	256	4095	816	11	1000
3584	256	4095	926	10	980
3840	256	4095	1023	7	931
4095	256	4095	1023	7	812
0	512	4095	10	126	957
256	512	4095	9	122	964
512	512	4095	9	108	989
768	512	4095	10	79	958
1024	512	4095	74	8	1010
1280	512	4095	186	8	998
1536	512	4095	253	8	989
1792	512	4095	311	9	982
2048	512	4095	367	9	991
2304	512	4095	439	10	1017
2560	512	4095	517	10	1023
2816	512	4095	604	10	1023
3072	512	4095	705	10	1023
3328	512	4095	812	10	1009
3584	512	4095	924	9	984
3840	512	4095	1009	8	922
4095	512	4095	1023	14	813
0	768	4095	10	170	947
256	768	4095	9	169	961
512	768	4095	9	158	983
768	768	4095	9	142	943
1024	768	4095	7	104	1019
1280	768	4095	160	95	1023
1536	768	4095	229	87	1023
1792	768	4095	286	71	1023
2048	768	4095	337	49	1023
2304	768	4095	393	14	1023
2560	768	4095	475	8	1023
2816	768	4095	570	8	1023
3072	768	4095	679	9	1023
3328	768	4095	796	9	1014
3584	768	4095	921	8	997
3840	768	4095	1023	40	939
4095	768	4095	1023	91	815
0	1024	4095	10	214	939
256	1024	4095	10	213	949
512	1024	4095	9	206	979
768	1024	4095	10	190	928
1024	1024	4095	8	167	1005
1280	1024	4095	148	156	1023
1536	1024	4095	222	152	1023
1792	1024	4095	281	146	1023
2048	1024	4095	332	139	1023
2304	1024	4095	389	130	1023
2560	1024	4095	460	119	1023
2816	1024	4095	547	104	1023
3072	1024	4095	650	85	1023
3328	1024	4095	777	49	1023
3584	1024	4095	926	7	1019
3840	1024	4095	1023	130	945
4095	1024	4095	1023	144	819
0	1280	4095	10	265	941
256	1280	4095	10	265	949
512	1280	4095	10	261	1017
768	1280	4095	9	237	928
1024	1280	4095	8	221	993
1280	1280	4095	130	205	1023
1536	1280	4095	213	202	1023
1792	1280	4095	274	198	1023
2048	1280	4095	327	194	1023
2304	1280	4095	383	189	1023
2560	1280	4095	454	183	1023
2816	1280	4095	540	176	1023
3072	1280	4095	644	167	1023
3328	1280	4095	769	156	1023
3584	1280	4095	920	144	1023
3840	1280	4095	1023	183	953
4095	1280	4095	1023	188	824
0	1536	4095	10	318	963
256	1536	4095	10	318	975
512	1536	4095	11	320	1023
768	1536	4095	10	291	939
1024	1536	4095	10	285	1011
1280	1536	4095	99	249	1023
1536	1536	4095	200	247	1023
1792	1536	4095	265	244	1023
2048	1536	4095	321	241	1023
2304	1536	4095	375	237	1023
2560	1536	4095	446	233	1023
2816	1536	4095	532	228	1023
3072	1536	4095	636	222	1023
3328	1536	4095	759	215	1023
3584	1536	4095	909	208	1023
3840	1536	4095	1023	228	963
4095	1536	4095	1023	227	830
0	1792	4095	11	368	972
256	1792	4095	11	367	980
512	1792	4095	11	345	916
768	1792	4095	11	344	951
1024	1792	4095	10	340	1023
1280	1792	4095	19	293	1023
1536	1792	4095	182	291	1023
1792	1792	4095	253	288	1023
2048	1792	4095	312	286	1023
2304	1792	4095	367	282	1023
2560	1792	4095	436	279	1023
2816	1792	4095	522	275	1023
3072	1792	4095	625	270	1023
3328	1792	4095	747	265	1023
3584	1792	4095	895	260	1023
3840	1792	4095	1023	270	975
4095	1792	4095	1023	266	838
0	2048	4095	11	420	981
256	2048	4095	11	419	986
512	2048	4095	12	405	917
768	2048	4095	11	400	957
1024	2048	4095	11	390	1012
1280	2048	4095	8	350	1023
1536	2048	4095	157	331	1023
1792	2048	4095	239	329	1023
2048	2048	4095	302	327	1023
2304	2048	4095	358	325	1023
2560	2048	4095	425	322	1023
2816	2048	4095	510	319	1023
3072	2048	4095	612	315	1023
3328	2048	4095	734	311	1023
3584	2048	4095	878	307	1023
3840	2048	4095	1023	310	991
4095	2048	4095	1023	303	848
0	2304	4095	11	473	982
256	2304	4095	11	473	987
512	2304	4095	12	458	927
768	2304	4095	11	453	947
1024	2304	4095	11	444	999
1280	2304	4095	9	413	1023
1536	2304	4095	116	376	1023
1792	2304	4095	220	373	1023
2048	2304	4095	289	371	1023
2304	2304	4095	347	369	1023
2560	2304	4095	413	366	1023
2816	2304	4095	495	363	1023
3072	2304	4095	598	360	1023
3328	2304	4095	719	356	1023
3584	2304	4095	862	352	1023
3840	2304	4095	1023	351	1009
4095	2304	4095	1023	340	858
0	2560	4095	11	531	977
256	2560	4095	11	531	983
512	2560	4095	11	510	919
768	2560	4095	11	507	949
1024	2560	4095	11	504	981
1280	2560	4095	10	485	1011
1536	2560	4095	7	434	1023
1792	2560	4095	195	430	1023
2048	2560	4095	272	427	1023
2304	2560	4095	334	424	1023
2560	2560	4095	399	421	1023
2816	2560	4095	479	417	1023
3072	2560	4095	581	414	1023
3328	2560	4095	701	410	1023
3584	2560	4095	843	405	1023
3840	2560	4095	1016	400	1023
4095	2560	4095	1023	431	883
0	2816	4095	10	589	967
256	2816	4095	10	590	972
512	2816	4095	10	590	989
768	2816	4095	11	562	936
1024	2816	4095	10	563	952
1280	2816	4095	10	556	979
1536	2816	4095	8	518	1014
1792	2816	4095	159	497	1023
2048	2816	4095	251	494	1023
2304	2816	4095	319	491	1023
2560	2816	4095	383	487	1023
2816	2816	4095	463	483	1023
3072	2816	4095	561	479	1023
3328	2816	4095	680	475	1023
3584	2816	4095	822	470	1023
3840	2816	4095	993	465	1023
4095	2816	4095	1023	488	901
0	3072	4095	10	659	959
256	3072	4095	10	660	963
512	3072	4095	9	659	954
768	3072	4095	9	653	968
1024	3072	4095	10	622	960
1280	3072	4095	9	622	957
1536	3072	4095	9	602	993
1792	3072	4095	92	580	1023
2048	3072	4095	225	577	1023
2304	3072	4095	302	573	1023
2560	3072	4095	366	569	1023
2816	3072	4095	444	564	1023
3072	3072	4095	541	559	1023
3328	3072	4095	657	554	1023
3584	3072	4095	798	549	1023
3840	3072	4095	967	543	1023
4095	3072	4095	1023	559	920
0	3328	4095	9	739	942
256	3328	4095	9	738	944
512	3328	4095	9	737	951
768	3328	4095	9	734	964
1024	3328	4095	9	703	945
1280	3328	4095	9	703	939
1536	3328	4095	8	693	974
1792	3328	4095	8	680	1013
2048	3328	4095	189	673	1023
2304	3328	4095	279	669	1023
2560	3328	4095	348	664	1023
2816	3328	4095	423	659	1023
3072	3328	4095	518	653	1023
3328	3328	4095	633	648	1023
3584	3328	4095	770	642	1023
3840	3328	4095	937	636	1023
4095	3328	4095	1023	641	942
0	3584	4095	8	821	935
256	3584	4095	8	821	938
512	3584	4095	8	822	945
768	3584	4095	8	823	959
1024	3584	4095	8	825	979
1280	3584	4095	8	790	948
1536	3584	4095	8	788	950
1792	3584	4095	8	787	994
2048	3584	4095	130	787	1023
2304	3584	4095	250	783	1023
2560	3584	4095	327	778	1023
2816	3584	4095	401	772	1023
3072	3584	4095	492	766	1023
3328	3584	4095	607	760	1023
3584	3584	4095	742	753	1023
3840	3584	4095	904	746	1023
4095	3584	4095	1023	741	966
0	3840	4095	7	932	958
256	3840	4095	7	933	959
512	3840	4095	7	936	964
768	3840	4095	7	941	975
1024	3840	4095	7	949	989
1280	3840	4095	8	960	1009
1536	3840	4095	7	884	944
1792	3840	4095	7	900	976
2048	3840	4095	7	919	1016
2304	3840	4095	211	918	1023
2560	3840	4095	302	913	1023
2816	3840	4095	375	906	1023
3072	3840	4095	465	900	1023
3328	3840	4095	576	892	1023
3584	3840	4095	711	883	1023
3840	3840	4095	868	875	1023
4095	3840	4095	1023	862	992
0	4095	4095	11	1023	944
256	4095	4095	8	1021	942
512	4095	4095	7	1021	943
768	4095	4095	7	1023	947
1024	4095	4095	7	1022	948
1280	4095	4095	7	1021	950
1536	4095	4095	8	1021	955
1792	4095	4095	176	1023	962
2048	4095	4095	241	1023	967
2304	4095	4095	298	1023	972
2560	4095	4095	348	1023	978
2816	4095	4095	408	1023	985
3072	4095	4095	482	1023	991
3328	4095	4095	577	1023	998
3584	4095	4095	694	1023	1006
3840	4095	4095	838	1023	1014
4095	4095	4095	1023	1023	1023