0	0	0	0	0	0
62	0	0	117	0	6
123	0	0	188	0	9
185	0	0	235	0	12
254	0	0	302	0	4
308	0	0	377	0	9
386	0	0	508	0	20
451	0	0	632	0	24
482	0	0	705	0	24
513	0	0	781	0	25
544	0	0	866	0	26
575	0	0	963	0	27
606	0	0	1022	0	27
637	0	0	1023	0	22
668	0	0	1023	0	23
800	0	0	1023	0	5
924	0	0	1023	0	4
0	62	0	0	91	0
62	62	0	89	86	0
123	62	0	170	51	0
185	62	0	232	19	4
254	62	0	310	0	2
308	62	0	388	0	2
386	62	0	519	0	8
451	62	0	645	0	17
482	62	0	717	0	19
513	62	0	794	0	21
544	62	0	880	0	23
575	62	0	979	0	23
606	62	0	1022	0	24
637	62	0	1023	0	21
668	62	0	1023	0	21
800	62	0	1023	0	5
924	62	0	1023	0	4
0	123	0	0	133	31
62	123	0	13	131	0
123	123	0	122	119	0
185	123	0	207	93	0
254	123	0	299	64	0
308	123	0	388	42	0
386	123	0	538	9	1
451	123	0	685	0	1
482	123	0	758	0	1
513	123	0	841	0	2
544	123	0	927	0	3
575	123	0	1021	0	8
606	123	0	1023	0	11
637	123	0	1023	0	13
668	123	0	1023	0	15
800	123	0	1023	0	5
924	123	0	1023	0	3
0	185	0	0	178	41
62	185	0	0	177	8
123	185	0	63	172	0
185	185	0	167	162	0
254	185	0	272	140	0
308	185	0	369	124	0
386	185	0	524	98	0
451	185	0	675	74	0
482	185	0	757	63	0
513	185	0	851	52	1
544	185	0	952	40	1
575	185	0	1020	29	1
606	185	0	1023	16	1
637	185	0	1023	2	1
668	185	0	1023	0	1
800	185	0	1023	0	3
924	185	0	1023	0	2
0	254	0	0	245	73
62	254	0	0	244	57
123	254	0	0	239	0
185	254	0	118	234	0
254	254	0	233	223	0
308	254	0	335	209	0
386	254	0	497	184	0
451	254	0	651	159	0
482	254	0	735	149	0
513	254	0	830	138	0
544	254	0	931	128	0
575	254	0	1018	117	0
606	254	0	1023	107	0
637	254	0	1023	97	0
668	254	0	1023	86	1
800	254	0	1023	19	1
924	254	0	1023	22	2
0	308	0	0	308	68
62	308	0	0	307	67
123	308	0	0	305	15
185	308	0	78	303	0
254	308	0	195	295	0
308	308	0	297	285	0
386	308	0	462	257	0
451	308	0	624	231	0
482	308	0	711	220	0
513	308	0	807	209	0
544	308	0	906	197	0
575	308	0	1015	186	0
606	308	0	1023	176	0
637	308	0	1023	165	0
668	308	0	1023	153	0
800	308	0	1023	89	1
924	308	0	1023	74	2
0	386	0	0	407	78
62	386	0	0	407	69
123	386	0	0	407	43
185	386	0	1	409	0
254	386	0	141	403	0
308	386	0	236	396	0
386	386	0	398	379	0
451	386	0	564	359	0
482	386	0	655	346	0
513	386	0	755	335	0
544	386	0	855	320	0
575	386	0	980	308	0
606	386	0	1022	295	0
637	386	0	1023	281	0
668	386	0	1023	267	0
800	386	0	1023	183	0
924	386	0	1023	139	1
0	451	0	0	510	86
62	451	0	0	510	80
123	451	0	0	512	55
185	451	0	0	518	7
254	451	0	93	516	0
308	451	0	189	511	0
386	451	0	345	498	0
451	451	0	511	482	0
482	451	0	599	469	0
513	451	0	693	456	0
544	451	0	802	445	0
575	451	0	925	434	0
606	451	0	1009	418	0
637	451	0	1023	401	0
668	451	0	1023	384	0
800	451	0	1023	282	0
924	451	0	1023	201	1
0	482	0	0	568	90
62	482	0	0	568	84
123	482	0	0	570	63
185	482	0	0	575	20
254	482	0	71	576	0
308	482	0	169	573	0
386	482	0	322	561	0
451	482	0	479	546	0
482	482	0	567	535	0
513	482	0	667	525	0
544	482	0	775	517	0
575	482	0	894	499	0
606	482	0	996	485	0
637	482	0	1023	469	0
668	482	0	1023	450	0
800	482	0	1023	337	0
924	482	0	1023	235	0
0	513	0	0	625	92
62	513	0	0	625	88
123	513	0	0	627	69
185	513	0	0	634	32
254	513	0	46	641	0
308	513	0	149	637	0
386	513	0	299	626	0
451	513	0	453	613	0
482	513	0	543	608	0
513	513	0	641	600	0
544	513	0	745	591	0
575	513	0	860	577	0
606	513	0	978	561	0
637	513	0	1023	544	0
668	513	0	1023	522	0
800	513	0	1023	401	0
924	513	0	1023	273	0
0	544	0	0	695	98
62	544	0	0	695	92
123	544	0	0	700	76
185	544	0	0	707	41
254	544	0	17	717	0
308	544	0	131	712	0
386	544	0	280	705	0
451	544	0	428	692	0
482	544	0	514	686	0
513	544	0	609	679	0
544	544	0	715	668	0
575	544	0	827	656	0
606	544	0	955	640	0
637	544	0	1023	622	0
668	544	0	1023	600	0
800	544	0	1023	472	0
924	544	0	1023	321	0
0	575	0	0	769	103
62	575	0	0	769	98
123	575	0	0	774	83
185	575	0	0	782	49
254	575	0	0	795	0
308	575	0	109	792	0
386	575	0	256	784	0
451	575	0	402	775	0
482	575	0	483	766	0
513	575	0	577	760	0
544	575	0	681	752	0
575	575	0	792	739	0
606	575	0	915	725	0
637	575	0	1023	706	0
668	575	0	1023	682	0
800	575	0	1023	552	0
924	575	0	1023	378	0
0	606	0	0	845	110
62	606	0	0	847	105
123	606	0	0	853	88
185	606	0	0	861	59
254	606	0	0	874	2
308	606	0	84	877	0
386	606	0	232	868	0
451	606	0	375	861	0
482	606	0	453	853	0
513	606	0	546	845	0
544	606	0	644	836	0
575	606	0	755	825	0
606	606	0	875	811	0
637	606	0	1012	802	0
668	606	0	1023	774	0
800	606	0	1023	635	0
924	606	0	1023	442	0
0	637	0	0	925	117
62	637	0	0	928	112
123	637	0	0	931	97
185	637	0	0	944	69
254	637	0	0	960	17
308	637	0	58	969	0
386	637	0	206	963	0
451	637	0	347	953	0
482	637	0	423	948	0
513	637	0	510	939	0
544	637	0	608	934	0
575	637	0	722	928	0
606	637	0	844	921	0
637	637	0	983	907	0
668	637	0	1022	879	0
800	637	0	1023	724	0
924	637	0	1023	510	0
0	668	0	0	1020	126
62	668	0	0	1023	120
123	668	0	0	1023	91
185	668	0	0	1023	78
254	668	0	0	1023	25
308	668	0	23	1023	0
386	668	0	182	1023	0
451	668	0	319	1023	0
482	668	0	392	1023	0
513	668	0	481	1023	0
544	668	0	577	1023	0
575	668	0	682	1021	0
606	668	0	798	1010	0
637	668	0	929	998	0
668	668	0	994	973	0
800	668	0	1023	820	0
924	668	0	1023	591	0
0	800	0	0	1023	148
62	800	0	0	1023	143
123	800	0	0	1023	122
185	800	0	0	1023	96
254	800	0	0	1023	58
308	800	0	0	1023	12
386	800	0	66	1023	0
451	800	0	184	1023	0
482	800	0	241	1023	0
513	800	0	305	1023	0
544	800	0	379	1023	0
575	800	0	460	1023	0
606	800	0	555	1023	0
637	800	0	657	1023	0
668	800	0	773	1023	0
800	800	0	1023	1023	0
924	800	0	1023	931	0
0	924	0	0	1023	159
62	924	0	0	1023	156
123	924	0	0	1023	145
185	924	0	0	1023	133
254	924	0	0	1023	96
308	924	0	0	1023	68
386	924	0	0	1023	3
451	924	0	89	1023	0
482	924	0	147	1023	0
513	924	0	206	1023	0
544	924	0	270	1023	0
575	924	0	340	1023	0
606	924	0	421	1023	0
637	924	0	515	1023	0
668	924	0	618	1023	0
800	924	0	1009	1023	0
924	924	0	1023	1023	0
0	0	62	0	0	170
62	0	62	110	0	100
123	0	62	186	0	66
185	0	62	234	0	38
254	0	62	302	0	30
308	0	62	377	0	32
386	0	62	508	0	36
451	0	62	632	0	36
482	0	62	703	0	36
513	0	62	781	0	35
544	0	62	866	0	36
575	0	62	963	0	35
606	0	62	1022	0	35
637	0	62	1023	0	26
668	0	62	1023	0	27
800	0	62	1023	0	20
924	0	62	1023	0	7
0	62	62	0	90	89
62	62	62	87	87	87
123	62	62	169	50	70
185	62	62	231	18	31
254	62	62	310	0	10
308	62	62	388	0	18
386	62	62	519	0	27
451	62	62	643	0	31
482	62	62	717	0	31
513	62	62	794	0	32
544	62	62	880	0	33
575	62	62	976	0	32
606	62	62	1022	0	33
637	62	62	1023	0	25
668	62	62	1023	0	26
800	62	62	1023	0	18
924	62	62	1023	0	6
0	123	62	0	133	38
62	123	62	4	132	43
123	123	62	121	117	27
185	123	62	207	92	36
254	123	62	299	64	11
308	123	62	387	42	5
386	123	62	538	8	5
451	123	62	685	0	6
482	123	62	758	0	10
513	123	62	841	0	15
544	123	62	927	0	18
575	123	62	1021	0	21
606	123	62	1023	0	19
637	123	62	1023	0	20
668	123	62	1023	0	21
800	123	62	1023	0	5
924	123	62	1023	0	4
0	185	62	0	177	60
62	185	62	0	177	38
123	185	62	62	172	12
185	185	62	167	162	4
254	185	62	272	140	5
308	185	62	369	124	4
386	185	62	524	98	3
451	185	62	675	74	4
482	185	62	757	63	4
513	185	62	851	52	4
544	185	62	949	41	5
575	185	62	1020	29	5
606	185	62	1023	16	6
637	185	62	1023	2	6
668	185	62	1023	0	6
800	185	62	1023	0	4
924	185	62	1023	0	3
0	254	62	0	245	76
62	254	62	0	243	69
123	254	62	0	239	3
185	254	62	117	234	3
254	254	62	233	223	2
308	254	62	335	209	3
386	254	62	497	184	3
451	254	62	649	159	3
482	254	62	735	149	2
513	254	62	830	138	2
544	254	62	931	128	2
575	254	62	1018	117	2
606	254	62	1023	107	2
637	254	62	1023	97	3
668	254	62	1023	86	3
800	254	62	1023	19	2
924	254	62	1023	21	3
0	308	62	0	307	79
62	308	62	0	307	67
123	308	62	0	305	32
185	308	62	76	303	2
254	308	62	194	295	2
308	308	62	296	284	2
386	308	62	462	257	2
451	308	62	624	231	2
482	308	62	711	220	2
513	308	62	807	209	2
544	308	62	906	197	2
575	308	62	1015	186	2
606	308	62	1023	176	2
637	308	62	1023	165	2
668	308	62	1023	153	2
800	308	62	1023	89	2
924	308	62	1023	73	2
0	386	62	0	406	89
62	386	62	0	406	81
123	386	62	0	407	50
185	386	62	0	410	1
254	386	62	133	405	0
308	386	62	231	396	0
386	386	62	396	379	1
451	386	62	564	357	1
482	386	62	658	346	1
513	386	62	757	333	1
544	386	62	858	319	1
575	386	62	984	306	1
606	386	62	1023	293	1
637	386	62	1023	279	1
668	386	62	1023	265	1
800	386	62	1023	183	1
924	386	62	1023	138	2
0	451	62	0	508	96
62	451	62	0	510	90
123	451	62	0	512	67
185	451	62	0	516	23
254	451	62	75	519	0
308	451	62	177	513	0
386	451	62	337	500	0
451	451	62	506	482	0
482	451	62	597	470	0
513	451	62	693	456	0
544	451	62	805	443	0
575	451	62	929	432	0
606	451	62	1011	415	0
637	451	62	1023	398	0
668	451	62	1023	380	0
800	451	62	1023	278	1
924	451	62	1023	201	1
0	482	62	0	566	97
62	482	62	0	568	94
123	482	62	0	570	75
185	482	62	0	575	35
254	482	62	48	580	0
308	482	62	155	575	0
386	482	62	313	564	0
451	482	62	473	547	0
482	482	62	563	535	0
513	482	62	664	525	0
544	482	62	776	515	0
575	482	62	898	497	0
606	482	62	998	482	0
637	482	62	1023	464	0
668	482	62	1023	445	0
800	482	62	1023	329	0
924	482	62	1023	235	1
0	513	62	0	622	104
62	513	62	0	625	98
123	513	62	0	627	81
185	513	62	0	634	43
254	513	62	15	646	0
308	513	62	133	639	0
386	513	62	287	629	0
451	513	62	444	616	0
482	513	62	534	608	0
513	513	62	633	600	0
544	513	62	742	589	0
575	513	62	861	574	0
606	513	62	980	559	0
637	513	62	1023	539	0
668	513	62	1023	517	0
800	513	62	1023	392	0
924	513	62	1023	273	1
0	544	62	0	692	111
62	544	62	0	695	105
123	544	62	0	697	88
185	544	62	0	705	54
254	544	62	0	719	0
308	544	62	111	717	0
386	544	62	265	708	0
451	544	62	417	695	0
482	544	62	503	689	0
513	544	62	601	680	0
544	544	62	710	668	0
575	544	62	824	656	0
606	544	62	955	638	0
637	544	62	1023	619	0
668	544	62	1023	597	0
800	544	62	1023	461	0
924	544	62	1023	314	0
0	575	62	0	766	116
62	575	62	0	769	111
123	575	62	0	771	93
185	575	62	0	782	64
254	575	62	0	795	2
308	575	62	87	798	0
386	575	62	239	786	0
451	575	62	389	779	0
482	575	62	470	770	0
513	575	62	567	763	0
544	575	62	670	753	0
575	575	62	786	742	0
606	575	62	912	725	0
637	575	62	1023	706	0
668	575	62	1023	679	0
800	575	62	1023	540	0
924	575	62	1023	364	0
0	606	62	0	845	122
62	606	62	0	847	118
123	606	62	0	850	101
185	606	62	0	861	72
254	606	62	0	874	18
308	606	62	60	882	0
386	606	62	213	871	0
451	606	62	359	864	0
482	606	62	438	859	0
513	606	62	531	848	0
544	606	62	629	840	0
575	606	62	747	826	0
606	606	62	868	814	0
637	606	62	1005	802	0
668	606	62	1023	774	0
800	606	62	1023	626	0
924	606	62	1023	426	0
0	637	62	0	925	129
62	637	62	0	928	123
123	637	62	0	931	108
185	637	62	0	944	80
254	637	62	0	960	30
308	637	62	28	972	0
386	637	62	190	966	0
451	637	62	332	956	0
482	637	62	407	951	0
513	637	62	496	947	0
544	637	62	595	938	0
575	637	62	710	931	0
606	637	62	834	922	0
637	637	62	979	910	0
668	637	62	1022	880	0
800	637	62	1023	718	0
924	637	62	1023	502	0
0	668	62	0	1020	137
62	668	62	0	1020	133
123	668	62	0	1023	106
185	668	62	0	1023	71
254	668	62	0	1023	19
308	668	62	0	1023	0
386	668	62	166	1023	0
451	668	62	302	1023	0
482	668	62	379	1023	0
513	668	62	464	1023	0
544	668	62	561	1023	0
575	668	62	670	1021	0
606	668	62	783	1012	0
637	668	62	918	999	0
668	668	62	992	975	0
800	668	62	1023	815	0
924	668	62	1023	579	0
0	800	62	0	1023	164
62	800	62	0	1023	159
123	800	62	0	1023	138
185	800	62	0	1023	135
254	800	62	0	1023	68
308	800	62	0	1023	26
386	800	62	43	1023	0
451	800	62	171	1023	0
482	800	62	227	1023	0
513	800	62	293	1023	0
544	800	62	365	1023	0
575	800	62	446	1023	0
606	800	62	541	1023	0
637	800	62	646	1023	0
668	800	62	761	1023	0
800	800	62	1023	1023	0
924	800	62	1023	929	0
0	924	62	0	1023	168
62	924	62	0	1023	165
123	924	62	0	1023	154
185	924	62	0	1023	143
254	924	62	0	1023	104
308	924	62	0	1023	75
386	924	62	0	1023	4
451	924	62	74	1023	0
482	924	62	134	1023	0
513	924	62	193	1023	0
544	924	62	258	1023	0
575	924	62	326	1023	0
606	924	62	405	1023	0
637	924	62	498	1023	0
668	924	62	599	1023	0
800	924	62	1001	1023	0
924	924	62	1023	1023	0
0	0	123	0	0	237
62	0	123	93	0	217
123	0	123	177	0	155
185	0	123	231	0	111
254	0	123	300	0	91
308	0	123	375	0	85
386	0	123	506	0	78
451	0	123	629	0	72
482	0	123	701	0	70
513	0	123	779	0	68
544	0	123	863	0	67
575	0	123	959	0	66
606	0	123	1020	0	65
637	0	123	1023	0	59
668	0	123	1023	0	59
800	0	123	1023	0	42
924	0	123	1023	0	36
0	62	123	0	87	206
62	62	123	71	78	192
123	62	123	162	46	144
185	62	123	228	17	108
254	62	123	308	0	85
308	62	123	386	0	80
386	62	123	517	0	73
451	62	123	643	0	68
482	62	123	714	0	67
513	62	123	792	0	65
544	62	123	877	0	64
575	62	123	975	0	63
606	62	123	1021	0	63
637	62	123	1023	0	57
668	62	123	1023	0	58
800	62	123	1023	0	41
924	62	123	1023	0	34
0	123	123	0	130	94
62	123	123	0	129	127
123	123	123	118	118	118
185	123	123	203	91	113
254	123	123	297	62	83
308	123	123	386	42	74
386	123	123	536	7	64
451	123	123	683	0	55
482	123	123	755	0	53
513	123	123	839	0	54
544	123	123	924	0	54
575	123	123	1020	0	53
606	123	123	1023	0	51
637	123	123	1023	0	51
668	123	123	1023	0	50
800	123	123	1023	0	35
924	123	123	1023	0	29
0	185	123	0	177	99
62	185	123	0	176	88
123	185	123	58	172	87
185	185	123	163	161	80
254	185	123	271	140	84
308	185	123	367	124	75
386	185	123	523	98	65
451	185	123	672	74	53
482	185	123	753	62	50
513	185	123	849	52	48
544	185	123	949	41	46
575	185	123	1019	29	43
606	185	123	1023	16	40
637	185	123	1023	2	38
668	185	123	1023	0	35
800	185	123	1023	0	24
924	185	123	1023	0	18
0	254	123	0	243	114
62	254	123	0	242	104
123	254	123	0	239	71
185	254	123	116	234	70
254	254	123	231	223	65
308	254	123	333	209	71
386	254	123	495	183	62
451	254	123	649	159	52
482	254	123	735	148	50
513	254	123	827	138	47
544	254	123	928	127	43
575	254	123	1018	117	41
606	254	123	1023	107	39
637	254	123	1023	96	36
668	254	123	1023	86	34
800	254	123	1023	18	11
924	254	123	1023	21	13
0	308	123	0	305	120
62	308	123	0	305	110
123	308	123	0	304	76
185	308	123	73	303	59
254	308	123	193	294	58
308	308	123	295	284	54
386	308	123	461	256	58
451	308	123	621	231	49
482	308	123	710	220	47
513	308	123	807	209	45
544	308	123	904	196	43
575	308	123	1015	186	39
606	308	123	1023	176	32
637	308	123	1023	164	31
668	308	123	1023	153	30
800	308	123	1023	89	10
924	308	123	1023	72	12
0	386	123	0	404	119
62	386	123	0	404	111
123	386	123	0	406	96
185	386	123	0	409	48
254	386	123	132	403	43
308	386	123	229	396	44
386	386	123	396	379	41
451	386	123	564	357	46
482	386	123	655	344	42
513	386	123	755	333	41
544	386	123	858	319	39
575	386	123	980	307	38
606	386	123	1023	293	35
637	386	123	1023	279	33
668	386	123	1023	266	32
800	386	123	1023	183	13
924	386	123	1023	138	7
0	451	123	0	506	133
62	451	123	0	506	126
123	451	123	0	510	104
185	451	123	0	516	67
254	451	123	74	517	34
308	451	123	176	513	34
386	451	123	337	500	34
451	451	123	506	482	33
482	451	123	597	470	34
513	451	123	693	456	35
544	451	123	805	443	33
575	451	123	929	431	32
606	451	123	1011	415	31
637	451	123	1023	398	29
668	451	123	1023	380	29
800	451	123	1023	278	13
924	451	123	1023	200	4
0	482	123	0	564	137
62	482	123	0	566	131
123	482	123	0	568	111
185	482	123	0	573	76
254	482	123	40	580	29
308	482	123	151	575	30
386	482	123	310	564	30
451	482	123	470	547	30
482	482	123	563	535	29
513	482	123	664	525	30
544	482	123	776	515	30
575	482	123	898	497	30
606	482	123	998	482	29
637	482	123	1023	464	26
668	482	123	1023	445	25
800	482	123	1023	330	6
924	482	123	1023	234	4
0	513	123	0	620	141
62	513	123	0	622	136
123	513	123	0	625	118
185	513	123	0	634	84
254	513	123	1	646	25
308	513	123	124	639	25
386	513	123	281	629	25
451	513	123	440	616	25
482	513	123	532	608	26
513	513	123	630	600	26
544	513	123	740	589	26
575	513	123	861	574	26
606	513	123	980	559	26
637	513	123	1023	539	24
668	513	123	1023	517	23
800	513	123	1023	390	7
924	513	123	1023	273	3
0	544	123	0	690	147
62	544	123	0	692	142
123	544	123	0	695	125
185	544	123	0	705	90
254	544	123	0	719	36
308	544	123	95	719	21
386	544	123	254	710	22
451	544	123	410	698	22
482	544	123	496	689	22
513	544	123	596	680	22
544	544	123	704	668	22
575	544	123	821	654	22
606	544	123	955	638	22
637	544	123	1023	619	22
668	544	123	1023	595	21
800	544	123	1023	461	8
924	544	123	1023	313	3
0	575	123	0	764	151
62	575	123	0	766	146
123	575	123	0	771	130
185	575	123	0	779	98
254	575	123	0	795	46
308	575	123	64	800	16
386	575	123	224	789	17
451	575	123	377	781	17
482	575	123	459	773	18
513	575	123	557	763	18
544	575	123	663	755	18
575	575	123	780	743	18
606	575	123	909	725	18
637	575	123	1023	703	19
668	575	123	1023	679	18
800	575	123	1023	537	8
924	575	123	1023	363	3
0	606	123	0	842	156
62	606	123	0	845	146
123	606	123	0	850	136
185	606	123	0	858	106
254	606	123	0	874	58
308	606	123	23	885	12
386	606	123	194	877	13
451	606	123	342	867	13
482	606	123	422	862	13
513	606	123	516	852	14
544	606	123	619	843	14
575	606	123	735	830	14
606	606	123	861	815	14
637	606	123	1002	802	14
668	606	123	1023	774	14
800	606	123	1023	619	7
924	606	123	1023	423	2
0	637	123	0	922	162
62	637	123	0	925	156
123	637	123	0	928	141
185	637	123	0	941	114
254	637	123	0	960	68
308	637	123	0	979	14
386	637	123	166	972	8
451	637	123	310	964	8
482	637	123	388	955	9
513	637	123	478	951	9
544	637	123	578	941	9
575	637	123	695	935	10
606	637	123	819	925	10
637	637	123	967	911	10
668	637	123	1022	881	8
800	637	123	1023	713	5
924	637	123	1023	493	2
0	668	123	0	1017	167
62	668	123	0	1020	163
123	668	123	0	1023	147
185	668	123	0	1023	115
254	668	123	0	1023	78
308	668	123	0	1023	22
386	668	123	134	1023	1
451	668	123	276	1023	1
482	668	123	353	1023	2
513	668	123	438	1023	2
544	668	123	538	1023	2
575	668	123	649	1022	2
606	668	123	767	1013	2
637	668	123	903	1001	2
668	668	123	992	977	2
800	668	123	1023	811	4
924	668	123	1023	570	2
0	800	123	0	1023	170
62	800	123	0	1023	165
123	800	123	0	1023	189
185	800	123	0	1023	151
254	800	123	0	1023	96
308	800	123	0	1023	59
386	800	123	0	1023	1
451	800	123	127	1023	0
482	800	123	190	1023	0
513	800	123	254	1023	0
544	800	123	323	1023	0
575	800	123	406	1023	0
606	800	123	499	1023	0
637	800	123	606	1023	0
668	800	123	726	1023	0
800	800	123	1023	1023	0
924	800	123	1023	925	0
0	924	123	0	1023	197
62	924	123	0	1023	193
123	924	123	0	1023	183
185	924	123	0	1023	162
254	924	123	0	1023	137
308	924	123	0	1023	97
386	924	123	0	1023	37
451	924	123	4	1023	0
482	924	123	89	1023	0
513	924	123	152	1023	0
544	924	123	213	1023	0
575	924	123	284	1023	0
606	924	123	361	1023	0
637	924	123	451	1023	0
668	924	123	554	1023	0
800	924	123	980	1023	0
924	924	123	1023	1023	0
0	0	185	0	15	340
62	0	185	62	0	323
123	0	185	157	0	248
185	0	185	222	0	166
254	0	185	296	0	159
308	0	185	371	0	146
386	0	185	502	0	134
451	0	185	625	0	125
482	0	185	699	0	121
513	0	185	773	0	119
544	0	185	860	0	116
575	0	185	951	0	114
606	0	185	1019	0	113
637	0	185	1023	0	108
668	0	185	1023	0	107
800	0	185	1023	0	85
924	0	185	1023	0	74
0	62	185	0	74	280
62	62	185	41	61	282
123	62	185	145	40	236
185	62	185	220	15	190
254	62	185	304	0	158
308	62	185	382	0	143
386	62	185	513	0	130
451	62	185	638	0	122
482	62	185	710	0	118
513	62	185	789	0	116
544	62	185	874	0	114
575	62	185	966	0	112
606	62	185	1020	0	111
637	62	185	1023	0	106
668	62	185	1023	0	106
800	62	185	1023	0	84
924	62	185	1023	0	72
0	123	185	0	126	197
62	123	185	0	123	214
123	123	185	107	112	204
185	123	185	196	89	178
254	123	185	293	61	153
308	123	185	382	40	138
386	123	185	534	5	121
451	123	185	681	0	109
482	123	185	753	0	107
513	123	185	836	0	105
544	123	185	920	0	103
575	123	185	1016	0	102
606	123	185	1023	0	100
637	123	185	1023	0	99
668	123	185	1023	0	99
800	123	185	1023	0	80
924	123	185	1023	0	67
0	185	185	0	174	168
62	185	185	0	173	168
123	185	185	48	169	165
185	185	185	160	160	160
254	185	185	268	139	158
308	185	185	365	123	141
386	185	185	520	97	121
451	185	185	669	74	108
482	185	185	751	62	103
513	185	185	846	52	99
544	185	185	946	40	95
575	185	185	1019	28	93
606	185	185	1023	15	90
637	185	185	1023	2	87
668	185	185	1023	0	85
800	185	185	1023	0	69
924	185	185	1023	0	58
0	254	185	0	238	156
62	254	185	0	239	151
123	254	185	0	238	142
185	254	185	112	233	137
254	254	185	227	223	130
308	254	185	330	209	137
386	254	185	493	183	124
451	254	185	646	159	110
482	254	185	733	148	104
513	254	185	825	138	99
544	254	185	928	127	94
575	254	185	1018	117	91
606	254	185	1023	107	89
637	254	185	1023	97	86
668	254	185	1023	85	83
800	254	185	1023	18	58
924	254	185	1023	19	53
0	308	185	0	302	161
62	308	185	0	302	155
123	308	185	0	303	132
185	308	185	68	303	124
254	308	185	191	294	122
308	308	185	293	284	113
386	308	185	459	257	121
451	308	185	618	232	106
482	308	185	708	219	101
513	308	185	805	208	98
544	308	185	904	196	94
575	308	185	1015	186	89
606	308	185	1023	176	82
637	308	185	1023	164	81
668	308	185	1023	152	80
800	308	185	1023	89	58
924	308	185	1023	72	52
0	386	185	0	401	174
62	386	185	0	403	167
123	386	185	0	404	147
185	386	185	0	409	112
254	386	185	129	403	104
308	386	185	228	396	105
386	386	185	394	377	98
451	386	185	562	357	105
482	386	185	653	345	98
513	386	185	753	332	94
544	386	185	856	318	92
575	386	185	980	307	89
606	386	185	1022	292	87
637	386	185	1023	279	83
668	386	185	1023	266	82
800	386	185	1023	184	61
924	386	185	1023	137	50
0	451	185	0	504	177
62	451	185	0	504	172
123	451	185	0	508	158
185	451	185	0	514	122
254	451	185	71	517	92
308	451	185	174	511	91
386	451	185	334	498	91
451	451	185	504	482	88
482	451	185	595	470	88
513	451	185	691	455	91
544	451	185	802	444	87
575	451	185	925	431	84
606	451	185	1010	414	84
637	451	185	1023	397	80
668	451	185	1023	380	80
800	451	185	1023	278	61
924	451	185	1023	200	45
0	482	185	0	562	181
62	482	185	0	562	176
123	482	185	0	566	165
185	482	185	0	571	130
254	482	185	36	580	87
308	482	185	149	575	87
386	482	185	309	562	86
451	482	185	468	547	84
482	482	185	560	535	83
513	482	185	661	525	83
544	482	185	773	515	84
575	482	185	895	498	82
606	482	185	997	483	81
637	482	185	1023	464	76
668	482	185	1023	445	76
800	482	185	1023	330	50
924	482	185	1023	232	42
0	513	185	0	616	185
62	513	185	0	617	180
123	513	185	0	622	164
185	513	185	0	632	137
254	513	185	0	646	81
308	513	185	122	639	81
386	513	185	280	629	81
451	513	185	438	616	81
482	513	185	529	608	80
513	513	185	630	600	80
544	513	185	740	589	80
575	513	185	858	575	81
606	513	185	979	557	79
637	513	185	1023	539	75
668	513	185	1023	517	74
800	513	185	1023	390	52
924	513	185	1023	272	38
0	544	185	0	687	191
62	544	185	0	687	186
123	544	185	0	692	170
185	544	185	0	702	144
254	544	185	0	717	91
308	544	185	92	719	78
386	544	185	252	710	77
451	544	185	408	698	77
482	544	185	494	689	77
513	544	185	593	680	76
544	544	185	704	668	76
575	544	185	821	654	75
606	544	185	953	638	75
637	544	185	1023	619	74
668	544	185	1023	595	72
800	544	185	1023	459	52
924	544	185	1023	313	33
0	575	185	0	761	197
62	575	185	0	761	194
123	575	185	0	766	176
185	575	185	0	777	150
254	575	185	0	792	99
308	575	185	60	800	72
386	575	185	221	789	72
451	575	185	375	778	73
482	575	185	457	773	72
513	575	185	555	763	72
544	575	185	661	753	72
575	575	185	780	743	71
606	575	185	909	723	71
637	575	185	1023	704	71
668	575	185	1023	679	70
800	575	185	1023	537	52
924	575	185	1023	363	31
0	606	185	0	839	206
62	606	185	0	839	201
123	606	185	0	845	181
185	606	185	0	855	152
254	606	185	0	871	108
308	606	185	20	885	67
386	606	185	192	877	68
451	606	185	340	867	68
482	606	185	420	862	68
513	606	185	514	852	68
544	606	185	617	840	68
575	606	185	735	830	67
606	606	185	858	815	66
637	606	185	1002	802	66
668	606	185	1023	772	66
800	606	185	1023	620	50
924	606	185	1023	424	30
0	637	185	0	920	204
62	637	185	0	920	198
123	637	185	0	925	186
185	637	185	0	938	160
254	637	185	0	957	118
308	637	185	0	979	69
386	637	185	164	972	63
451	637	185	306	964	63
482	637	185	387	955	64
513	637	185	476	951	63
544	637	185	578	941	63
575	637	185	692	935	64
606	637	185	819	925	63
637	637	185	964	911	62
668	637	185	1022	882	53
800	637	185	1023	712	48
924	637	185	1023	493	29
0	668	185	0	1014	211
62	668	185	0	1014	207
123	668	185	0	1020	195
185	668	185	0	1023	151
254	668	185	0	1023	121
308	668	185	0	1023	60
386	668	185	132	1023	48
451	668	185	274	1023	49
482	668	185	352	1023	49
513	668	185	436	1023	50
544	668	185	536	1023	50
575	668	185	647	1022	49
606	668	185	764	1013	50
637	668	185	903	1001	48
668	668	185	991	978	41
800	668	185	1023	811	44
924	668	185	1023	572	27
0	800	185	0	1023	239
62	800	185	0	1023	233
123	800	185	0	1023	214
185	800	185	0	1023	181
254	800	185	0	1023	134
308	800	185	0	1023	103
386	800	185	0	1023	30
451	800	185	123	1023	18
482	800	185	187	1023	18
513	800	185	251	1023	18
544	800	185	321	1023	19
575	800	185	405	1023	19
606	800	185	497	1023	20
637	800	185	604	1023	20
668	800	185	723	1023	21
800	800	185	1023	1023	22
924	800	185	1023	925	18
0	924	185	0	1023	228
62	924	185	0	1023	223
123	924	185	0	1023	226
185	924	185	0	1023	207
254	924	185	0	1023	173
308	924	185	0	1023	136
386	924	185	0	1023	79
451	924	185	0	1023	4
482	924	185	63	1023	4
513	924	185	129	1023	4
544	924	185	194	1023	4
575	924	185	264	1023	4
606	924	185	339	1023	4
637	924	185	428	1023	4
668	924	185	531	1023	4
800	924	185	970	1023	4
924	924	185	1023	1023	5
0	0	254	0	28	379
62	0	254	0	0	391
123	0	254	126	0	351
185	0	254	207	0	258
254	0	254	290	0	231
308	0	254	366	0	210
386	0	254	498	0	205
451	0	254	620	0	192
482	0	254	694	0	188
513	0	254	770	0	183
544	0	254	854	0	180
575	0	254	946	0	176
606	0	254	1018	0	173
637	0	254	1023	0	165
668	0	254	1023	0	164
800	0	254	1023	0	133
924	0	254	1023	0	115
0	62	254	0	61	346
62	62	254	0	41	372
123	62	254	118	30	346
185	62	254	205	8	294
254	62	254	296	0	249
308	62	254	375	0	212
386	62	254	508	0	205
451	62	254	634	0	191
482	62	254	705	0	186
513	62	254	784	0	182
544	62	254	867	0	178
575	62	254	959	0	174
606	62	254	1019	0	172
637	62	254	1023	0	164
668	62	254	1023	0	162
800	62	254	1023	0	132
924	62	254	1023	0	114
0	123	254	0	118	275
62	123	254	0	114	302
123	123	254	87	102	312
185	123	254	185	84	281
254	123	254	285	58	246
308	123	254	376	38	226
386	123	254	529	3	202
451	123	254	678	0	184
482	123	254	748	0	179
513	123	254	831	0	174
544	123	254	912	0	170
575	123	254	1013	0	167
606	123	254	1023	0	165
637	123	254	1023	0	159
668	123	254	1023	0	157
800	123	254	1023	0	128
924	123	254	1023	0	108
0	185	254	0	170	231
62	185	254	0	168	242
123	185	254	27	165	230
185	185	254	151	155	257
254	185	254	261	137	236
308	185	254	358	121	221
386	185	254	515	96	200
451	185	254	666	73	183
482	185	254	748	61	175
513	185	254	844	50	170
544	185	254	943	39	164
575	185	254	1019	27	160
606	185	254	1023	14	154
637	185	254	1023	2	150
668	185	254	1023	0	145
800	185	254	1023	0	117
924	185	254	1023	0	96
0	254	254	0	234	222
62	254	254	0	234	224
123	254	254	0	234	227
185	254	254	105	230	224
254	254	254	220	220	220
308	254	254	324	208	225
386	254	254	489	183	205
451	254	254	644	159	180
482	254	254	728	147	174
513	254	254	822	137	169
544	254	254	922	126	163
575	254	254	1018	116	158
606	254	254	1023	107	154
637	254	254	1023	96	149
668	254	254	1023	85	144
800	254	254	1023	17	106
924	254	254	1023	16	92
0	308	254	0	299	207
62	308	254	0	299	206
123	308	254	0	301	197
185	308	254	59	302	209
254	308	254	186	294	207
308	308	254	288	285	192
386	308	254	454	256	201
451	308	254	616	231	181
482	308	254	703	219	175
513	308	254	798	208	170
544	308	254	898	196	165
575	308	254	1015	185	155
606	308	254	1023	175	152
637	308	254	1023	164	147
668	308	254	1023	152	143
800	308	254	1023	88	106
924	308	254	1023	70	91
0	386	254	0	398	225
62	386	254	0	398	222
123	386	254	0	400	208
185	386	254	0	407	175
254	386	254	123	403	182
308	386	254	224	396	180
386	386	254	388	378	172
451	386	254	558	356	180
482	386	254	650	345	172
513	386	254	750	332	167
544	386	254	852	318	163
575	386	254	973	307	157
606	386	254	1022	292	154
637	386	254	1023	278	146
668	386	254	1023	264	145
800	386	254	1023	183	112
924	386	254	1023	136	89
0	451	254	0	497	237
62	451	254	0	499	234
123	451	254	0	502	221
185	451	254	0	511	192
254	451	254	65	517	165
308	451	254	170	511	165
386	451	254	331	496	165
451	451	254	499	482	160
482	451	254	590	469	166
513	451	254	688	455	164
544	451	254	799	444	158
575	451	254	922	431	154
606	451	254	1009	414	150
637	451	254	1023	397	144
668	451	254	1023	381	144
800	451	254	1023	277	113
924	451	254	1023	199	87
0	482	254	0	559	235
62	482	254	0	560	230
123	482	254	0	564	224
185	482	254	0	569	197
254	482	254	29	578	160
308	482	254	145	575	160
386	482	254	304	562	158
451	482	254	464	545	156
482	482	254	556	536	153
513	482	254	656	526	152
544	482	254	768	513	154
575	482	254	891	498	150
606	482	254	995	481	147
637	482	254	1023	463	139
668	482	254	1023	443	137
800	482	254	1023	329	98
924	482	254	1023	231	84
0	513	254	0	610	247
62	513	254	0	612	237
123	513	254	0	617	222
185	513	254	0	628	201
254	513	254	0	643	153
308	513	254	117	639	152
386	513	254	276	629	151
451	513	254	435	616	150
482	513	254	525	609	149
513	513	254	625	599	148
544	513	254	734	589	147
575	513	254	855	575	149
606	513	254	977	557	144
637	513	254	1023	540	139
668	513	254	1023	518	137
800	513	254	1023	391	102
924	513	254	1023	270	81
0	544	254	0	683	256
62	544	254	0	685	249
123	544	254	0	690	230
185	544	254	0	700	208
254	544	254	0	714	158
308	544	254	88	717	147
386	544	254	248	710	146
451	544	254	404	698	146
482	544	254	490	690	145
513	544	254	587	681	143
544	544	254	699	669	142
575	544	254	815	655	142
606	544	254	949	639	144
637	544	254	1023	617	137
668	544	254	1023	595	136
800	544	254	1023	460	105
924	544	254	1023	311	78
0	575	254	0	759	263
62	575	254	0	759	258
123	575	254	0	764	236
185	575	254	0	774	207
254	575	254	0	790	166
308	575	254	56	800	140
386	575	254	217	789	141
451	575	254	372	778	141
482	575	254	453	773	140
513	575	254	549	764	140
544	575	254	655	753	138
575	575	254	774	740	137
606	575	254	903	723	135
637	575	254	1023	704	135
668	575	254	1023	680	133
800	575	254	1023	538	106
924	575	254	1023	363	78
0	606	254	0	835	267
62	606	254	0	835	264
123	606	254	0	840	246
185	606	254	0	852	214
254	606	254	0	869	173
308	606	254	13	885	135
386	606	254	188	877	135
451	606	254	337	867	135
482	606	254	416	860	135
513	606	254	511	852	134
544	606	254	614	841	133
575	606	254	728	827	131
606	606	254	855	812	130
637	606	254	995	799	130
668	606	254	1023	773	129
800	606	254	1023	621	106
924	606	254	1023	423	77
0	637	254	0	917	272
62	637	254	0	917	268
123	637	254	0	922	254
185	637	254	0	934	222
254	637	254	0	953	181
308	637	254	0	976	136
386	637	254	161	972	128
451	637	254	303	964	128
482	637	254	382	955	128
513	637	254	471	951	128
544	637	254	573	941	128
575	637	254	689	932	128
606	637	254	812	926	128
637	637	254	960	911	126
668	637	254	1022	882	112
800	637	254	1023	713	106
924	637	254	1023	493	77
0	668	254	0	1010	277
62	668	254	0	1010	273
123	668	254	0	1017	261
185	668	254	0	1023	202
254	668	254	0	1023	185
308	668	254	0	1023	116
386	668	254	129	1023	117
451	668	254	272	1023	117
482	668	254	348	1023	118
513	668	254	433	1023	118
544	668	254	533	1023	118
575	668	254	642	1022	117
606	668	254	762	1014	117
637	668	254	896	1002	115
668	668	254	991	978	103
800	668	254	1023	811	104
924	668	254	1023	572	76
0	800	254	0	1023	277
62	800	254	0	1023	272
123	800	254	0	1023	250
185	800	254	0	1023	278
254	800	254	0	1023	186
308	800	254	0	1023	148
386	800	254	0	1023	94
451	800	254	121	1023	84
482	800	254	184	1023	84
513	800	254	248	1023	85
544	800	254	318	1023	85
575	800	254	401	1023	85
606	800	254	495	1023	84
637	800	254	601	1023	85
668	800	254	720	1023	84
800	800	254	1023	1023	81
924	800	254	1023	925	74
0	924	254	0	1023	300
62	924	254	0	1023	295
123	924	254	0	1023	284
185	924	254	0	1023	260
254	924	254	0	1023	220
308	924	254	0	1023	190
386	924	254	0	1023	131
451	924	254	0	1023	73
482	924	254	60	1023	68
513	924	254	126	1023	68
544	924	254	192	1023	68
575	924	254	261	1023	69
606	924	254	337	1023	69
637	924	254	424	1023	70
668	924	254	528	1023	70
800	924	254	968	1023	72
924	924	254	1023	1023	71
0	0	308	0	23	426
62	0	308	0	0	448
123	0	308	102	0	421
185	0	308	192	0	344
254	0	308	281	0	312
308	0	308	361	0	285
386	0	308	494	0	263
451	0	308	615	0	246
482	0	308	689	0	248
513	0	308	764	0	243
544	0	308	851	0	238
575	0	308	939	0	232
606	0	308	1018	0	229
637	0	308	1023	0	223
668	0	308	1023	0	220
800	0	308	1023	0	187
924	0	308	1023	0	155
0	62	308	0	49	398
62	62	308	0	33	444
123	62	308	91	19	423
185	62	308	187	0	387
254	62	308	285	0	322
308	62	308	369	0	291
386	62	308	504	0	265
451	62	308	629	0	247
482	62	308	700	0	248
513	62	308	777	0	241
544	62	308	865	0	236
575	62	308	955	0	232
606	62	308	1019	0	228
637	62	308	1023	0	221
668	62	308	1023	0	218
800	62	308	1023	0	185
924	62	308	1023	0	153
0	123	308	0	110	340
62	123	308	0	103	369
123	123	308	64	90	395
185	123	308	170	77	372
254	123	308	275	55	335
308	123	308	369	35	311
386	123	308	523	3	281
451	123	308	669	0	254
482	123	308	742	0	245
513	123	308	825	0	237
544	123	308	909	0	231
575	123	308	1006	0	227
606	123	308	1023	0	222
637	123	308	1023	0	217
668	123	308	1023	0	214
800	123	308	1023	0	179
924	123	308	1023	0	147
0	185	308	0	166	288
62	185	308	0	165	305
123	185	308	4	160	315
185	185	308	140	151	347
254	185	308	252	135	325
308	185	308	352	120	307
386	185	308	511	95	277
451	185	308	661	72	252
482	185	308	743	60	242
513	185	308	841	49	235
544	185	308	939	37	227
575	185	308	1019	26	220
606	185	308	1023	12	213
637	185	308	1023	2	207
668	185	308	1023	0	201
800	185	308	1023	0	166
924	185	308	1023	0	135
0	254	308	0	232	274
62	254	308	0	231	280
123	254	308	0	232	303
185	254	308	97	229	293
254	254	308	215	219	307
308	254	308	317	205	294
386	254	308	483	182	271
451	254	308	637	158	249
482	254	308	724	147	242
513	254	308	819	136	234
544	254	308	918	126	225
575	254	308	1018	115	219
606	254	308	1023	106	212
637	254	308	1023	95	206
668	254	308	1023	84	200
800	254	308	1023	16	153
924	254	308	1023	14	130
0	308	308	0	296	277
62	308	308	0	296	279
123	308	308	0	298	283
185	308	308	48	299	291
254	308	308	181	292	287
308	308	308	282	282	282
386	308	308	450	255	277
451	308	308	611	231	249
482	308	308	700	218	239
513	308	308	795	207	232
544	308	308	895	195	223
575	308	308	1014	184	217
606	308	308	1023	174	211
637	308	308	1023	163	206
668	308	308	1023	152	200
800	308	308	1023	88	154
924	308	308	1023	69	129
0	386	308	0	394	266
62	386	308	0	395	264
123	386	308	0	399	256
185	386	308	0	404	240
254	386	308	118	402	253
308	386	308	219	394	251
386	386	308	384	378	238
451	386	308	553	355	252
482	386	308	645	344	239
513	386	308	747	333	232
544	386	308	849	318	226
575	386	308	970	306	218
606	386	308	1021	293	215
637	386	308	1023	279	204
668	386	308	1023	265	203
800	386	308	1023	183	154
924	386	308	1023	134	126
0	451	308	0	495	286
62	451	308	0	497	283
123	451	308	0	499	275
185	451	308	0	507	252
254	451	308	59	516	233
308	451	308	166	510	231
386	451	308	328	496	229
451	451	308	495	480	223
482	451	308	588	468	232
513	451	308	683	455	228
544	451	308	793	442	219
575	451	308	919	430	216
606	451	308	1008	415	211
637	451	308	1023	397	202
668	451	308	1023	379	200
800	451	308	1023	278	163
924	451	308	1023	198	123
0	482	308	0	556	296
62	482	308	0	558	288
123	482	308	0	561	278
185	482	308	0	567	255
254	482	308	20	578	224
308	482	308	141	573	224
386	482	308	301	563	223
451	482	308	460	543	219
482	482	308	551	534	215
513	482	308	654	524	219
544	482	308	763	513	215
575	482	308	885	498	210
606	482	308	994	481	207
637	482	308	1023	463	197
668	482	308	1023	444	194
800	482	308	1023	330	144
924	482	308	1023	230	121
0	513	308	0	608	306
62	513	308	0	610	295
123	513	308	0	615	283
185	513	308	0	625	260
254	513	308	0	642	218
308	513	308	113	639	214
386	513	308	272	629	213
451	513	308	430	614	213
482	513	308	520	609	212
513	513	308	622	599	208
544	513	308	731	589	207
575	513	308	852	573	209
606	513	308	975	557	203
637	513	308	1023	538	195
668	513	308	1023	518	193
800	513	308	1023	392	149
924	513	308	1023	270	118
0	544	308	0	683	310
62	544	308	0	683	306
123	544	308	0	687	288
185	544	308	0	697	266
254	544	308	0	714	220
308	544	308	83	717	208
386	544	308	245	708	207
451	544	308	401	696	207
482	544	308	486	690	205
513	544	308	585	681	203
544	544	308	696	669	201
575	544	308	812	655	200
606	544	308	946	639	201
637	544	308	1023	618	194
668	544	308	1023	596	192
800	544	308	1023	461	153
924	544	308	1023	311	114
0	575	308	0	756	316
62	575	308	0	756	313
123	575	308	0	761	295
185	575	308	0	771	271
254	575	308	0	789	226
308	575	308	50	800	201
386	575	308	213	789	201
451	575	308	368	778	199
482	575	308	451	771	199
513	575	308	547	764	199
544	575	308	653	754	196
575	575	308	772	740	194
606	575	308	899	723	192
637	575	308	1020	704	195
668	575	308	1023	678	189
800	575	308	1023	539	156
924	575	308	1023	364	115
0	606	308	0	831	312
62	606	308	0	831	318
123	606	308	0	836	307
185	606	308	0	847	276
254	606	308	0	868	233
308	606	308	3	885	192
386	606	308	186	874	194
451	606	308	333	867	192
482	606	308	414	860	192
513	606	308	506	853	191
544	606	308	609	841	190
575	606	308	724	827	188
606	606	308	851	812	187
637	606	308	991	799	186
668	606	308	1023	773	186
800	606	308	1023	622	155
924	606	308	1023	424	115
0	637	308	0	914	319
62	637	308	0	914	316
123	637	308	0	919	303
185	637	308	0	931	281
254	637	308	0	950	241
308	637	308	0	972	195
386	637	308	157	972	185
451	637	308	300	960	184
482	637	308	379	955	185
513	637	308	466	951	185
544	637	308	570	941	184
575	637	308	684	932	184
606	637	308	810	923	183
637	637	308	957	908	182
668	637	308	1023	880	165
800	637	308	1023	713	155
924	637	308	1023	493	115
0	668	308	0	1007	329
62	668	308	0	1007	325
123	668	308	0	1014	313
185	668	308	0	1023	285
254	668	308	0	1023	227
308	668	308	0	1023	166
386	668	308	127	1023	173
451	668	308	268	1023	172
482	668	308	345	1023	172
513	668	308	431	1023	172
544	668	308	529	1023	172
575	668	308	640	1022	173
606	668	308	757	1014	172
637	668	308	892	999	168
668	668	308	991	979	152
800	668	308	1023	811	153
924	668	308	1023	572	115
0	800	308	0	1023	377
62	800	308	0	1023	372
123	800	308	0	1023	352
185	800	308	0	1023	313
254	800	308	0	1023	228
308	800	308	0	1023	205
386	800	308	0	1023	144
451	800	308	117	1023	131
482	800	308	182	1023	131
513	800	308	244	1023	131
544	800	308	315	1023	132
575	800	308	400	1023	132
606	800	308	493	1023	132
637	800	308	597	1023	132
668	800	308	717	1023	131
800	800	308	1023	1023	128
924	800	308	1023	925	115
0	924	308	0	1023	352
62	924	308	0	1023	350
123	924	308	0	1023	335
185	924	308	0	1023	306
254	924	308	0	1023	287
308	924	308	0	1023	240
386	924	308	0	1023	180
451	924	308	0	1023	119
482	924	308	57	1023	112
513	924	308	125	1023	112
544	924	308	189	1023	112
575	924	308	259	1023	114
606	924	308	334	1023	114
637	924	308	423	1023	114
668	924	308	524	1023	115
800	924	308	968	1023	117
924	924	308	1023	1023	115
0	0	386	0	10	516
62	0	386	0	0	538
123	0	386	73	0	533
185	0	386	167	0	479
254	0	386	264	0	447
308	0	386	349	0	414
386	0	386	486	0	383
451	0	386	609	0	369
482	0	386	683	0	350
513	0	386	761	0	343
544	0	386	843	0	334
575	0	386	936	0	327
606	0	386	1018	0	322
637	0	386	1023	0	322
668	0	386	1023	0	317
800	0	386	1023	0	269
924	0	386	1023	0	216
0	62	386	0	28	498
62	62	386	0	14	532
123	62	386	47	3	554
185	62	386	157	0	535
254	62	386	263	0	468
308	62	386	354	0	426
386	62	386	494	0	390
451	62	386	619	0	363
482	62	386	694	0	352
513	62	386	771	0	344
544	62	386	857	0	335
575	62	386	949	0	329
606	62	386	1018	0	322
637	62	386	1023	0	321
668	62	386	1023	0	316
800	62	386	1023	0	268
924	62	386	1023	0	214
0	123	386	0	97	457
62	123	386	0	93	482
123	123	386	16	76	541
185	123	386	144	65	524
254	123	386	254	48	491
308	123	386	354	30	464
386	123	386	513	2	421
451	123	386	657	0	382
482	123	386	734	0	366
513	123	386	814	0	355
544	123	386	900	0	343
575	123	386	1000	0	333
606	123	386	1022	0	327
637	123	386	1023	0	319
668	123	386	1023	0	313
800	123	386	1023	0	261
924	123	386	1023	0	208
0	185	386	0	160	406
62	185	386	0	158	425
123	185	386	0	148	504
185	185	386	121	141	497
254	185	386	235	129	478
308	185	386	338	116	459
386	185	386	500	93	418
451	185	386	651	70	383
482	185	386	736	58	368
513	185	386	829	47	357
544	185	386	930	36	344
575	185	386	1018	23	333
606	185	386	1023	9	324
637	185	386	1023	1	315
668	185	386	1023	0	305
800	185	386	1023	0	246
924	185	386	1023	0	198
0	254	386	0	229	376
62	254	386	0	229	387
123	254	386	0	228	433
185	254	386	80	222	441
254	254	386	202	213	458
308	254	386	305	202	442
386	254	386	473	179	410
451	254	386	628	157	378
482	254	386	715	145	366
513	254	386	811	135	355
544	254	386	909	123	343
575	254	386	1017	115	334
606	254	386	1023	104	323
637	254	386	1023	93	314
668	254	386	1023	83	304
800	254	386	1023	14	233
924	254	386	1023	10	190
0	308	386	0	292	364
62	308	386	0	293	369
123	308	386	0	294	395
185	308	386	23	294	391
254	308	386	169	288	389
308	308	386	270	277	424
386	308	386	438	251	397
451	308	386	602	230	373
482	308	386	690	217	364
513	308	386	786	206	354
544	308	386	889	194	341
575	308	386	1011	183	332
606	308	386	1023	173	322
637	308	386	1023	163	312
668	308	386	1023	151	302
800	308	386	1023	88	235
924	308	386	1023	67	190
0	386	386	0	391	365
62	386	386	0	392	367
123	386	386	0	394	373
185	386	386	0	400	383
254	386	386	107	398	387
308	386	386	210	390	382
386	386	386	375	375	375
451	386	386	545	354	381
482	386	386	637	343	371
513	386	386	738	330	353
544	386	386	841	316	337
575	386	386	963	305	329
606	386	386	1020	292	321
637	386	386	1023	278	312
668	386	386	1023	264	302
800	386	386	1023	183	236
924	386	386	1023	133	188
0	451	386	0	493	373
62	451	386	0	493	373
123	451	386	0	497	360
185	451	386	0	505	355
254	451	386	46	513	356
308	451	386	158	508	356
386	451	386	321	494	353
451	451	386	488	481	344
482	451	386	576	468	357
513	451	386	675	452	351
544	451	386	783	442	335
575	451	386	909	429	329
606	451	386	1006	413	322
637	451	386	1023	396	310
668	451	386	1023	380	309
800	451	386	1023	277	238
924	451	386	1023	196	186
0	482	386	0	553	381
62	482	386	0	555	379
123	482	386	0	559	363
185	482	386	0	564	353
254	482	386	2	576	344
308	482	386	133	572	346
386	482	386	293	559	341
451	482	386	454	544	336
482	482	386	544	534	330
513	482	386	645	523	337
544	482	386	757	514	331
575	482	386	876	497	323
606	482	386	991	480	317
637	482	386	1023	464	301
668	482	386	1023	444	298
800	482	386	1023	331	220
924	482	386	1023	230	184
0	513	386	0	606	387
62	513	386	0	608	387
123	513	386	0	612	370
185	513	386	0	622	358
254	513	386	0	637	336
308	513	386	104	636	331
386	513	386	265	627	329
451	513	386	422	614	327
482	513	386	513	607	326
513	513	386	615	597	321
544	513	386	724	585	327
575	513	386	842	572	324
606	513	386	970	556	312
637	513	386	1023	539	300
668	513	386	1023	517	297
800	513	386	1023	392	228
924	513	386	1023	268	182
0	544	386	0	680	394
62	544	386	0	680	394
123	544	386	0	685	382
185	544	386	0	695	362
254	544	386	0	709	329
308	544	386	75	716	322
386	544	386	237	708	321
451	544	386	394	696	319
482	544	386	480	688	318
513	544	386	578	676	314
544	544	386	688	666	312
575	544	386	807	652	317
606	544	386	936	637	313
637	544	386	1023	617	299
668	544	386	1023	594	296
800	544	386	1023	460	234
924	544	386	1023	311	180
0	575	386	0	752	404
62	575	386	0	752	402
123	575	386	0	757	394
185	575	386	0	767	366
254	575	386	0	783	331
308	575	386	38	794	312
386	575	386	207	786	311
451	575	386	361	778	309
482	575	386	443	771	308
513	575	386	540	761	308
544	575	386	644	752	306
575	575	386	763	740	301
606	575	386	890	723	297
637	575	386	1014	702	303
668	575	386	1023	678	293
800	575	386	1023	538	238
924	575	386	1023	363	181
0	606	386	0	828	411
62	606	386	0	828	409
123	606	386	0	833	399
185	606	386	0	844	370
254	606	386	0	860	336
308	606	386	0	883	301
386	606	386	179	874	301
451	606	386	327	863	300
482	606	386	407	860	299
513	606	386	500	850	298
544	606	386	602	841	297
575	606	386	716	828	295
606	606	386	845	812	290
637	606	386	984	799	289
668	606	386	1023	775	289
800	606	386	1023	620	240
924	606	386	1023	424	181
0	637	386	0	911	416
62	637	386	0	911	414
123	637	386	0	917	405
185	637	386	0	928	375
254	637	386	0	947	341
308	637	386	0	969	297
386	637	386	151	969	291
451	637	386	294	961	290
482	637	386	374	955	289
513	637	386	460	946	288
544	637	386	563	941	289
575	637	386	678	932	289
606	637	386	803	923	286
637	637	386	950	909	285
668	637	386	1023	882	252
800	637	386	1023	715	241
924	637	386	1023	496	182
0	668	386	0	1004	415
62	668	386	0	1004	413
123	668	386	0	1010	409
185	668	386	0	1023	386
254	668	386	0	1023	319
308	668	386	0	1023	255
386	668	386	120	1023	278
451	668	386	263	1023	278
482	668	386	339	1023	277
513	668	386	423	1023	277
544	668	386	523	1023	277
575	668	386	631	1022	275
606	668	386	752	1015	274
637	668	386	886	999	269
668	668	386	992	980	241
800	668	386	1023	812	240
924	668	386	1023	572	183
0	800	386	0	1023	428
62	800	386	0	1023	423
123	800	386	0	1023	391
185	800	386	0	1023	440
254	800	386	0	1023	313
308	800	386	0	1023	292
386	800	386	0	1023	229
451	800	386	112	1023	214
482	800	386	177	1023	214
513	800	386	239	1023	214
544	800	386	311	1023	215
575	800	386	394	1023	215
606	800	386	486	1023	213
637	800	386	592	1023	213
668	800	386	712	1023	212
800	800	386	1023	1023	205
924	800	386	1023	929	187
0	924	386	0	1023	439
62	924	386	0	1023	436
123	924	386	0	1023	419
185	924	386	0	1023	417
254	924	386	0	1023	372
308	924	386	0	1023	328
386	924	386	0	1023	264
451	924	386	0	1023	197
482	924	386	50	1023	188
513	924	386	120	1023	188
544	924	386	187	1023	188
575	924	386	255	1023	189
606	924	386	330	1023	189
637	924	386	417	1023	190
668	924	386	519	1023	190
800	924	386	964	1023	194
924	924	386	1023	1023	190
0	0	451	0	4	604
62	0	451	0	0	629
123	0	451	53	0	641
185	0	451	148	0	609
254	0	451	248	0	581
308	0	451	336	0	547
386	0	451	476	0	509
451	0	451	602	0	490
482	0	451	675	0	476
513	0	451	753	0	455
544	0	451	840	0	443
575	0	451	927	0	434
606	0	451	1017	0	426
637	0	451	1023	0	385
668	0	451	1023	0	387
800	0	451	1023	0	355
924	0	451	1023	0	284
0	62	451	0	19	593
62	62	451	0	7	616
123	62	451	4	0	681
185	62	451	131	0	671
254	62	451	244	0	610
308	62	451	338	0	568
386	62	451	482	0	521
451	62	451	610	0	485
482	62	451	685	0	470
513	62	451	764	0	460
544	62	451	850	0	446
575	62	451	943	0	435
606	62	451	1018	0	429
637	62	451	1023	0	386
668	62	451	1023	0	388
800	62	451	1023	0	353
924	62	451	1023	0	282
0	123	451	0	90	557
62	123	451	0	85	585
123	123	451	0	65	674
185	123	451	122	56	666
254	123	451	234	41	644
308	123	451	336	23	617
386	123	451	498	2	574
451	123	451	643	0	519
482	123	451	721	0	490
513	123	451	806	0	476
544	123	451	890	0	459
575	123	451	989	0	447
606	123	451	1021	0	437
637	123	451	1023	0	390
668	123	451	1023	0	391
800	123	451	1023	0	346
924	123	451	1023	0	275
0	185	451	0	153	510
62	185	451	0	150	532
123	185	451	0	139	628
185	185	451	101	132	651
254	185	451	217	122	637
308	185	451	320	111	611
386	185	451	485	89	567
451	185	451	639	67	522
482	185	451	726	56	503
513	185	451	818	45	493
544	185	451	919	33	471
575	185	451	1018	21	458
606	185	451	1023	6	440
637	185	451	1023	1	429
668	185	451	1023	0	416
800	185	451	1023	0	332
924	185	451	1023	0	263
0	254	451	0	225	475
62	254	451	0	225	491
123	254	451	0	221	554
185	254	451	59	215	594
254	254	451	188	207	611
308	254	451	289	199	597
386	254	451	456	175	560
451	254	451	616	155	521
482	254	451	704	144	502
513	254	451	800	133	488
544	254	451	898	123	471
575	254	451	1015	113	457
606	254	451	1023	103	439
637	254	451	1023	92	427
668	254	451	1023	82	423
800	254	451	1023	13	320
924	254	451	1023	6	253
0	308	451	0	291	444
62	308	451	0	290	456
123	308	451	0	291	502
185	308	451	2	289	537
254	308	451	156	280	536
308	308	451	256	270	576
386	308	451	426	249	545
451	308	451	591	227	512
482	308	451	680	216	498
513	308	451	778	205	483
544	308	451	877	193	469
575	308	451	998	183	457
606	308	451	1023	171	442
637	308	451	1023	161	429
668	308	451	1023	149	416
800	308	451	1023	87	328
924	308	451	1023	65	253
0	386	451	0	389	444
62	386	451	0	388	449
123	386	451	0	391	467
185	386	451	0	395	504
254	386	451	97	394	493
308	386	451	199	388	492
386	386	451	366	371	517
451	386	451	534	353	496
482	386	451	627	342	488
513	386	451	727	329	475
544	386	451	829	315	461
575	386	451	951	304	454
606	386	451	1018	291	443
637	386	451	1023	277	429
668	386	451	1023	263	417
800	386	451	1023	182	327
924	386	451	1023	131	251
0	451	451	0	491	485
62	451	451	0	492	462
123	451	451	0	496	465
185	451	451	0	502	476
254	451	451	30	510	492
308	451	451	149	505	489
386	451	451	312	493	485
451	451	451	477	477	477
482	451	451	569	466	489
513	451	451	665	453	483
544	451	451	775	441	472
575	451	451	900	428	452
606	451	451	1000	413	443
637	451	451	1023	395	424
668	451	451	1023	379	412
800	451	451	1023	277	328
924	451	451	1023	194	249
0	482	451	0	553	476
62	482	451	0	553	476
123	482	451	0	557	464
185	482	451	0	562	468
254	482	451	0	574	475
308	482	451	123	570	475
386	482	451	285	558	468
451	482	451	446	541	461
482	482	451	536	531	453
513	482	451	637	521	462
544	482	451	748	511	456
575	482	451	866	495	452
606	482	451	986	480	435
637	482	451	1023	463	412
668	482	451	1023	443	408
800	482	451	1023	330	329
924	482	451	1023	227	246
0	513	451	0	605	462
62	513	451	0	605	462
123	513	451	0	608	464
185	513	451	0	618	452
254	513	451	0	633	457
308	513	451	94	635	455
386	513	451	256	624	452
451	513	451	417	611	451
482	513	451	506	607	449
513	513	451	606	598	443
544	513	451	714	586	449
575	513	451	837	570	444
606	513	451	966	555	431
637	513	451	1023	538	412
668	513	451	1023	515	408
800	513	451	1023	392	315
924	513	451	1023	266	244
0	544	451	0	678	475
62	544	451	0	680	475
123	544	451	0	683	472
185	544	451	0	692	455
254	544	451	0	706	442
308	544	451	65	713	445
386	544	451	230	704	444
451	544	451	386	693	440
482	544	451	471	687	437
513	544	451	568	676	435
544	544	451	677	665	428
575	544	451	796	651	435
606	544	451	926	637	431
637	544	451	1023	616	411
668	544	451	1023	595	408
800	544	451	1023	462	323
924	544	451	1023	311	245
0	575	451	0	749	487
62	575	451	0	751	487
123	575	451	0	756	481
185	575	451	0	763	460
254	575	451	0	779	439
308	575	451	26	794	431
386	575	451	200	786	431
451	575	451	354	775	428
482	575	451	437	771	426
513	575	451	533	761	424
544	575	451	637	750	420
575	575	451	755	736	415
606	575	451	881	722	424
637	575	451	1005	704	417
668	575	451	1023	676	403
800	575	451	1023	539	331
924	575	451	1023	364	245
0	606	451	0	825	497
62	606	451	0	828	497
123	606	451	0	833	492
185	606	451	0	841	463
254	606	451	0	858	438
308	606	451	0	877	418
386	606	451	173	874	416
451	606	451	320	863	415
482	606	451	401	855	415
513	606	451	493	847	411
544	606	451	595	838	409
575	606	451	710	825	408
606	606	451	835	810	400
637	606	451	977	797	407
668	606	451	1023	773	398
800	606	451	1023	622	334
924	606	451	1023	424	246
0	637	451	0	907	493
62	637	451	0	910	490
123	637	451	0	916	482
185	637	451	0	925	469
254	637	451	0	944	444
308	637	451	0	966	408
386	637	451	144	969	401
451	637	451	288	961	400
482	637	451	368	952	399
513	637	451	454	946	400
544	637	451	556	938	398
575	637	451	669	929	397
606	637	451	793	923	397
637	637	451	938	910	393
668	637	451	1021	883	349
800	637	451	1023	714	334
924	637	451	1023	496	249
0	668	451	0	1000	507
62	668	451	0	1004	504
123	668	451	0	1010	496
185	668	451	0	1020	481
254	668	451	0	1023	430
308	668	451	0	1023	353
386	668	451	114	1023	386
451	668	451	257	1023	386
482	668	451	333	1023	385
513	668	451	417	1023	387
544	668	451	516	1023	387
575	668	451	623	1023	384
606	668	451	741	1016	380
637	668	451	876	1000	377
668	668	451	988	979	334
800	668	451	1023	811	332
924	668	451	1023	575	251
0	800	451	0	1023	567
62	800	451	0	1023	561
123	800	451	0	1023	535
185	800	451	0	1023	486
254	800	451	0	1023	413
308	800	451	0	1023	367
386	800	451	0	1023	300
451	800	451	106	1023	302
482	800	451	172	1023	302
513	800	451	234	1023	300
544	800	451	306	1023	300
575	800	451	388	1023	300
606	800	451	479	1023	299
637	800	451	584	1023	298
668	800	451	703	1023	298
800	800	451	1023	1023	287
924	800	451	1023	929	259
0	924	451	0	1023	548
62	924	451	0	1023	541
123	924	451	0	1023	528
185	924	451	0	1023	501
254	924	451	0	1023	484
308	924	451	0	1023	419
386	924	451	0	1023	346
451	924	451	0	1023	278
482	924	451	42	1023	264
513	924	451	114	1023	264
544	924	451	182	1023	265
575	924	451	250	1023	266
606	924	451	326	1023	268
637	924	451	411	1023	268
668	924	451	513	1023	269
800	924	451	960	1023	274
924	924	451	1023	1023	269
0	0	482	0	3	654
62	0	482	0	0	677
123	0	482	45	0	700
185	0	482	140	0	685
254	0	482	240	0	653
308	0	482	330	0	627
386	0	482	471	0	586
451	0	482	598	0	552
482	0	482	671	0	538
513	0	482	749	0	524
544	0	482	835	0	507
575	0	482	926	0	495
606	0	482	1017	0	487
637	0	482	1023	0	449
668	0	482	1023	0	447
800	0	482	1023	0	412
924	0	482	1023	0	320
0	62	482	0	18	648
62	62	482	0	7	670
123	62	482	2	0	757
185	62	482	121	0	742
254	62	482	235	0	687
308	62	482	329	0	646
386	62	482	477	0	596
451	62	482	605	0	554
482	62	482	680	0	538
513	62	482	762	0	524
544	62	482	846	0	511
575	62	482	940	0	499
606	62	482	1018	0	488
637	62	482	1023	0	449
668	62	482	1023	0	447
800	62	482	1023	0	409
924	62	482	1023	0	317
0	123	482	0	87	625
62	123	482	0	83	650
123	123	482	0	61	744
185	123	482	110	52	743
254	123	482	223	37	726
308	123	482	325	20	701
386	123	482	489	2	652
451	123	482	635	0	595
482	123	482	713	0	564
513	123	482	797	0	548
544	123	482	886	0	527
575	123	482	986	0	514
606	123	482	1021	0	501
637	123	482	1023	0	451
668	123	482	1023	0	450
800	123	482	1023	0	399
924	123	482	1023	0	310
0	185	482	0	149	582
62	185	482	0	146	607
123	185	482	0	136	692
185	185	482	90	126	731
254	185	482	206	118	717
308	185	482	310	108	694
386	185	482	474	87	646
451	185	482	631	65	602
482	185	482	719	54	582
513	185	482	815	43	568
544	185	482	913	32	544
575	185	482	1017	20	529
606	185	482	1023	4	508
637	185	482	1023	0	493
668	185	482	1023	0	481
800	185	482	1023	0	382
924	185	482	1023	0	297
0	254	482	0	223	546
62	254	482	0	221	562
123	254	482	0	217	601
185	254	482	47	210	703
254	254	482	180	203	698
308	254	482	281	195	687
386	254	482	448	173	637
451	254	482	611	153	598
482	254	482	697	143	579
513	254	482	795	133	563
544	254	482	895	122	542
575	254	482	1012	112	529
606	254	482	1023	102	509
637	254	482	1023	92	494
668	254	482	1023	81	487
800	254	482	1023	11	368
924	254	482	1023	4	288
0	308	482	0	289	517
62	308	482	0	289	530
123	308	482	0	289	584
185	308	482	0	283	614
254	308	482	149	276	611
308	308	482	249	267	654
386	308	482	416	246	622
451	308	482	584	225	594
482	308	482	673	216	576
513	308	482	771	205	561
544	308	482	873	192	542
575	308	482	994	183	528
606	308	482	1023	171	509
637	308	482	1023	160	494
668	308	482	1023	148	480
800	308	482	1023	87	379
924	308	482	1023	64	287
0	386	482	0	387	501
62	386	482	0	387	507
123	386	482	0	390	496
185	386	482	0	391	557
254	386	482	90	392	570
308	386	482	195	384	569
386	386	482	360	370	593
451	386	482	531	350	576
482	386	482	621	341	566
513	386	482	719	329	553
544	386	482	824	315	536
575	386	482	946	302	525
606	386	482	1017	291	510
637	386	482	1023	277	494
668	386	482	1023	263	480
800	386	482	1023	182	377
924	386	482	1023	130	285
0	451	482	0	490	510
62	451	482	0	491	506
123	451	482	0	493	509
185	451	482	0	500	532
254	451	482	21	507	566
308	451	482	145	502	566
386	451	482	308	490	560
451	451	482	471	475	552
482	451	482	563	464	546
513	451	482	662	451	534
544	451	482	769	440	527
575	451	482	892	428	518
606	451	482	999	412	504
637	451	482	1023	395	489
668	451	482	1023	379	475
800	451	482	1023	278	381
924	451	482	1023	193	284
0	482	482	0	552	515
62	482	482	0	552	517
123	482	482	0	555	509
185	482	482	0	560	524
254	482	482	0	570	549
308	482	482	118	567	551
386	482	482	282	555	544
451	482	482	440	541	536
482	482	482	528	528	528
513	482	482	631	522	535
544	482	482	743	511	527
575	482	482	863	494	522
606	482	482	985	480	502
637	482	482	1023	461	474
668	482	482	1023	442	474
800	482	482	1023	331	380
924	482	482	1023	226	282
0	513	482	0	604	524
62	513	482	0	604	524
123	513	482	0	608	512
185	513	482	0	615	518
254	513	482	0	633	526
308	513	482	89	632	528
386	513	482	254	622	525
451	513	482	411	611	522
482	513	482	502	604	520
513	513	482	601	596	513
544	513	482	710	583	520
575	513	482	827	570	516
606	513	482	960	555	506
637	513	482	1023	536	476
668	513	482	1023	515	471
800	513	482	1023	391	382
924	513	482	1023	265	279
0	544	482	0	678	528
62	544	482	0	678	531
123	544	482	0	683	531
185	544	482	0	692	519
254	544	482	0	706	519
308	544	482	59	712	514
386	544	482	225	703	512
451	544	482	382	692	510
482	544	482	467	683	507
513	544	482	564	676	505
544	544	482	674	665	496
575	544	482	789	651	504
606	544	482	922	635	497
637	544	482	1023	616	483
668	544	482	1023	592	469
800	544	482	1023	462	374
924	544	482	1023	311	282
0	575	482	0	748	528
62	575	482	0	751	528
123	575	482	0	753	528
185	575	482	0	763	506
254	575	482	0	779	498
308	575	482	18	792	500
386	575	482	197	785	498
451	575	482	349	775	494
482	575	482	432	766	492
513	575	482	527	759	489
544	575	482	632	749	487
575	575	482	749	737	479
606	575	482	877	722	487
637	575	482	1002	704	482
668	575	482	1023	677	466
800	575	482	1023	537	379
924	575	482	1023	363	283
0	606	482	0	825	538
62	606	482	0	828	538
123	606	482	0	830	535
185	606	482	0	841	511
254	606	482	0	857	493
308	606	482	0	877	484
386	606	482	169	870	481
451	606	482	315	863	478
482	606	482	398	855	478
513	606	482	488	847	474
544	606	482	593	838	473
575	606	482	705	826	469
606	606	482	831	810	465
637	606	482	970	797	472
668	606	482	1023	774	460
800	606	482	1023	623	385
924	606	482	1023	426	284
0	637	482	0	905	548
62	637	482	0	908	548
123	637	482	0	914	543
185	637	482	0	922	523
254	637	482	0	943	499
308	637	482	0	966	470
386	637	482	140	967	464
451	637	482	285	957	463
482	637	482	364	952	462
513	637	482	450	942	461
544	637	482	551	938	459
575	637	482	663	929	460
606	637	482	790	919	460
637	637	482	935	907	454
668	637	482	1021	880	458
800	637	482	1023	714	386
924	637	482	1023	496	285
0	668	482	0	1000	551
62	668	482	0	1003	548
123	668	482	0	1007	543
185	668	482	0	1020	539
254	668	482	0	1023	467
308	668	482	0	1023	401
386	668	482	111	1023	440
451	668	482	253	1023	440
482	668	482	330	1023	439
513	668	482	413	1023	439
544	668	482	511	1023	444
575	668	482	620	1022	439
606	668	482	739	1012	436
637	668	482	872	1000	432
668	668	482	987	980	384
800	668	482	1023	812	383
924	668	482	1023	577	288
0	800	482	0	1023	571
62	800	482	0	1023	564
123	800	482	0	1023	537
185	800	482	0	1023	497
254	800	482	0	1023	461
308	800	482	0	1023	408
386	800	482	0	1023	348
451	800	482	103	1023	346
482	800	482	169	1023	346
513	800	482	232	1023	345
544	800	482	303	1023	345
575	800	482	384	1023	344
606	800	482	475	1023	344
637	800	482	581	1023	345
668	800	482	701	1023	344
800	800	482	1023	1023	331
924	800	482	1023	931	298
0	924	482	0	1023	583
62	924	482	0	1023	579
123	924	482	0	1023	565
185	924	482	0	1023	540
254	924	482	0	1023	528
308	924	482	0	1023	470
386	924	482	0	1023	394
451	924	482	0	1023	321
482	924	482	37	1023	305
513	924	482	111	1023	307
544	924	482	179	1023	307
575	924	482	248	1023	308
606	924	482	323	1023	308
637	924	482	409	1023	311
668	924	482	510	1023	313
800	924	482	958	1023	315
924	924	482	1023	1023	313
0	0	513	0	3	708
62	0	513	0	1	733
123	0	513	37	0	768
185	0	513	132	0	751
254	0	513	232	0	726
308	0	513	321	0	704
386	0	513	464	0	660
451	0	513	593	0	623
482	0	513	666	0	607
513	0	513	746	0	594
544	0	513	831	0	575
575	0	513	922	0	561
606	0	513	1016	0	552
637	0	513	1023	0	517
668	0	513	1023	0	512
800	0	513	1023	0	397
924	0	513	1023	0	359
0	62	513	0	18	700
62	62	513	0	9	729
123	62	513	0	0	831
185	62	513	113	0	813
254	62	513	225	0	762
308	62	513	319	0	725
386	62	513	467	0	672
451	62	513	600	0	635
482	62	513	675	0	611
513	62	513	756	0	595
544	62	513	841	0	578
575	62	513	935	0	567
606	62	513	1016	0	555
637	62	513	1023	0	516
668	62	513	1023	0	512
800	62	513	1023	0	397
924	62	513	1023	0	356
0	123	513	0	84	675
62	123	513	0	80	705
123	123	513	0	60	809
185	123	513	98	47	827
254	123	513	211	34	811
308	123	513	313	16	787
386	123	513	475	1	738
451	123	513	628	0	668
482	123	513	705	0	642
513	123	513	790	0	621
544	123	513	879	0	597
575	123	513	980	0	585
606	123	513	1020	0	570
637	123	513	1023	0	519
668	123	513	1023	0	516
800	123	513	1023	0	394
924	123	513	1023	0	348
0	185	513	0	145	628
62	185	513	0	143	658
123	185	513	0	132	759
185	185	513	78	122	814
254	185	513	197	114	804
308	185	513	299	104	785
386	185	513	464	85	736
451	185	513	622	63	688
482	185	513	711	52	666
513	185	513	806	42	649
544	185	513	907	30	624
575	185	513	1014	18	607
606	185	513	1023	2	591
637	185	513	1023	0	568
668	185	513	1023	0	553
800	185	513	1023	0	440
924	185	513	1023	0	336
0	254	513	0	220	590
62	254	513	0	220	611
123	254	513	0	215	697
185	254	513	31	205	792
254	254	513	171	199	785
308	254	513	270	189	768
386	254	513	438	170	724
451	254	513	602	151	683
482	254	513	692	141	663
513	254	513	787	132	646
544	254	513	885	121	622
575	254	513	1009	111	608
606	254	513	1023	101	585
637	254	513	1023	90	568
668	254	513	1023	80	562
800	254	513	1023	10	425
924	254	513	1023	4	324
0	308	513	0	287	541
62	308	513	0	287	559
123	308	513	0	284	639
185	308	513	0	276	750
254	308	513	140	269	748
308	308	513	240	260	743
386	308	513	408	243	712
451	308	513	575	223	678
482	308	513	665	213	659
513	308	513	763	203	641
544	308	513	864	192	620
575	308	513	985	181	606
606	308	513	1023	170	590
637	308	513	1023	159	569
668	308	513	1023	147	554
800	308	513	1023	87	436
924	308	513	1023	62	324
0	386	513	0	385	539
62	386	513	0	385	550
123	386	513	0	386	583
185	386	513	0	388	626
254	386	513	83	386	655
308	386	513	187	382	654
386	386	513	355	367	682
451	386	513	521	348	659
482	386	513	615	338	648
513	386	513	714	326	632
544	386	513	817	313	613
575	386	513	941	302	600
606	386	513	1015	289	587
637	386	513	1023	275	570
668	386	513	1023	261	556
800	386	513	1023	182	435
924	386	513	1023	130	324
0	451	513	0	488	590
62	451	513	0	489	559
123	451	513	0	491	561
185	451	513	0	497	591
254	451	513	8	506	633
308	451	513	139	500	632
386	451	513	303	488	624
451	451	513	466	472	635
482	451	513	557	462	623
513	451	513	655	449	610
544	451	513	766	438	603
575	451	513	889	427	593
606	451	513	998	412	579
637	451	513	1023	395	565
668	451	513	1023	377	552
800	451	513	1023	278	439
924	451	513	1023	192	321
0	482	513	0	548	561
62	482	513	0	550	564
123	482	513	0	553	556
185	482	513	0	558	581
254	482	513	0	566	623
308	482	513	113	565	628
386	482	513	276	553	620
451	482	513	436	539	611
482	482	513	524	528	605
513	482	513	623	522	604
544	482	513	737	509	599
575	482	513	857	494	588
606	482	513	981	477	577
637	482	513	1023	459	563
668	482	513	1023	441	547
800	482	513	1023	330	439
924	482	513	1023	225	320
0	513	513	0	603	568
62	513	513	0	603	568
123	513	513	0	607	567
185	513	513	0	614	572
254	513	513	0	628	594
308	513	513	84	630	602
386	513	513	249	622	603
451	513	513	406	610	600
482	513	513	497	602	596
513	513	513	594	594	594
544	513	513	705	583	599
575	513	513	824	570	593
606	513	513	952	553	582
637	513	513	1023	537	549
668	513	513	1023	515	544
800	513	513	1023	392	440
924	513	513	1023	266	320
0	544	513	0	676	575
62	544	513	0	676	575
123	544	513	0	680	581
185	544	513	0	688	575
254	544	513	0	702	587
308	544	513	52	711	593
386	544	513	220	703	589
451	544	513	378	692	586
482	544	513	463	683	582
513	544	513	560	672	579
544	544	513	669	663	570
575	544	513	786	649	579
606	544	513	915	634	576
637	544	513	1021	617	566
668	544	513	1023	593	543
800	544	513	1023	461	426
924	544	513	1023	311	321
0	575	513	0	748	587
62	575	513	0	748	590
123	575	513	0	753	590
185	575	513	0	763	576
254	575	513	0	779	576
308	575	513	8	792	573
386	575	513	192	781	573
451	575	513	345	774	570
482	575	513	426	766	572
513	575	513	523	756	567
544	575	513	629	749	564
575	575	513	746	737	554
606	575	513	873	721	565
637	575	513	999	701	557
668	575	513	1023	678	538
800	575	513	1023	538	437
924	575	513	1023	364	321
0	606	513	0	825	582
62	606	513	0	828	582
123	606	513	0	830	582
185	606	513	0	841	562
254	606	513	0	857	556
308	606	513	0	873	560
386	606	513	165	870	557
451	606	513	311	859	556
482	606	513	393	855	555
513	606	513	483	844	551
544	606	513	587	836	547
575	606	513	702	825	542
606	606	513	825	810	535
637	606	513	966	797	544
668	606	513	1023	775	532
800	606	513	1023	624	444
924	606	513	1023	426	324
0	637	513	0	905	593
62	637	513	0	908	593
123	637	513	0	910	590
185	637	513	0	921	577
254	637	513	0	941	559
308	637	513	0	960	540
386	637	513	136	967	537
451	637	513	281	955	537
482	637	513	359	951	536
513	637	513	446	942	533
544	637	513	546	938	533
575	637	513	661	928	530
606	637	513	784	917	529
637	637	513	931	907	526
668	637	513	1021	882	530
800	637	513	1023	715	445
924	637	513	1023	498	327
0	668	513	0	1000	604
62	668	513	0	1003	604
123	668	513	0	1007	601
185	668	513	0	1020	593
254	668	513	0	1023	504
308	668	513	0	1023	450
386	668	513	106	1023	513
451	668	513	250	1023	512
482	668	513	325	1023	511
513	668	513	409	1023	511
544	668	513	507	1023	511
575	668	513	614	1022	511
606	668	513	733	1012	507
637	668	513	867	1000	503
668	668	513	988	981	445
800	668	513	1023	813	441
924	668	513	1023	575	330
0	800	513	0	1023	562
62	800	513	0	1023	562
123	800	513	0	1023	688
185	800	513	0	1023	650
254	800	513	0	1023	514
308	800	513	0	1023	456
386	800	513	0	1023	402
451	800	513	100	1023	400
482	800	513	165	1023	400
513	800	513	228	1023	400
544	800	513	301	1023	400
575	800	513	381	1023	398
606	800	513	473	1023	401
637	800	513	577	1023	399
668	800	513	695	1023	398
800	800	513	1023	1023	383
924	800	513	1023	931	342
0	924	513	0	1023	619
62	924	513	0	1023	615
123	924	513	0	1023	603
185	924	513	0	1023	615
254	924	513	0	1023	572
308	924	513	0	1023	524
386	924	513	0	1023	449
451	924	513	0	1023	373
482	924	513	32	1023	353
513	924	513	108	1023	355
544	924	513	176	1023	355
575	924	513	245	1023	356
606	924	513	320	1023	356
637	924	513	407	1023	358
668	924	513	508	1023	359
800	924	513	956	1023	366
924	924	513	1023	1023	359
0	0	544	0	3	770
62	0	544	0	1	795
123	0	544	28	0	838
185	0	544	125	0	824
254	0	544	223	0	788
308	0	544	312	0	753
386	0	544	454	0	739
451	0	544	588	0	699
482	0	544	661	0	684
513	0	544	741	0	667
544	0	544	829	0	647
575	0	544	915	0	632
606	0	544	1013	0	623
637	0	544	1023	0	590
668	0	544	1023	0	583
800	0	544	1023	0	460
924	0	544	1023	0	400
0	62	544	0	19	760
62	62	544	0	10	790
123	62	544	0	0	899
185	62	544	105	0	889
254	62	544	215	0	847
308	62	544	310	0	805
386	62	544	456	0	753
451	62	544	595	0	715
482	62	544	669	0	688
513	62	544	751	0	672
544	62	544	837	0	654
575	62	544	928	0	638
606	62	544	1015	0	626
637	62	544	1023	0	590
668	62	544	1023	0	583
800	62	544	1023	0	459
924	62	544	1023	0	400
0	123	544	0	82	738
62	123	544	0	78	768
123	123	544	0	59	875
185	123	544	86	42	918
254	123	544	200	30	908
308	123	544	301	13	881
386	123	544	464	0	828
451	123	544	619	0	753
482	123	544	696	0	730
513	123	544	784	0	707
544	123	544	872	0	679
575	123	544	971	0	664
606	123	544	1019	0	645
637	123	544	1023	0	591
668	123	544	1023	0	588
800	123	544	1023	0	455
924	123	544	1023	0	392
0	185	544	0	142	726
62	185	544	0	140	726
123	185	544	0	129	826
185	185	544	66	116	911
254	185	544	187	110	902
308	185	544	284	100	879
386	185	544	450	81	826
451	185	544	613	61	778
482	185	544	701	51	758
513	185	544	800	40	741
544	185	544	897	29	714
575	185	544	1013	16	694
606	185	544	1023	2	675
637	185	544	1023	0	650
668	185	544	1023	0	631
800	185	544	1023	0	504
924	185	544	1023	0	378
0	254	544	0	218	682
62	254	544	0	217	677
123	254	544	0	211	762
185	254	544	11	199	884
254	254	544	160	193	875
308	254	544	258	184	858
386	254	544	426	168	815
451	254	544	592	149	777
482	254	544	682	139	758
513	254	544	778	130	738
544	254	544	880	119	713
575	254	544	1004	110	696
606	254	544	1023	100	668
637	254	544	1023	89	650
668	254	544	1023	79	641
800	254	544	1023	9	487
924	254	544	1023	4	366
0	308	544	0	283	652
62	308	544	0	282	614
123	308	544	0	280	699
185	308	544	0	271	818
254	308	544	130	263	844
308	308	544	232	255	833
386	308	544	397	239	804
451	308	544	568	221	769
482	308	544	656	211	753
513	308	544	757	201	733
544	308	544	857	190	712
575	308	544	981	180	694
606	308	544	1022	169	679
637	308	544	1023	159	653
668	308	544	1023	147	634
800	308	544	1023	86	501
924	308	544	1023	61	366
0	386	544	0	383	586
62	386	544	0	383	598
123	386	544	0	383	642
185	386	544	0	384	696
254	386	544	74	383	747
308	386	544	181	377	744
386	386	544	347	364	772
451	386	544	514	346	750
482	386	544	608	337	740
513	386	544	707	325	721
544	386	544	811	312	702
575	386	544	933	301	691
606	386	544	1013	289	675
637	386	544	1023	275	655
668	386	544	1023	262	637
800	386	544	1023	182	500
924	386	544	1023	129	366
0	451	544	0	487	638
62	451	544	0	488	617
123	451	544	0	490	633
185	451	544	0	495	657
254	451	544	1	501	721
308	451	544	133	496	721
386	451	544	297	487	715
451	451	544	460	470	723
482	451	544	550	461	712
513	451	544	648	447	700
544	451	544	757	438	694
575	451	544	879	425	683
606	451	544	993	410	667
637	451	544	1023	394	650
668	451	544	1023	377	632
800	451	544	1023	278	505
924	451	544	1023	191	364
0	482	544	0	546	629
62	482	544	0	548	633
123	482	544	0	550	630
185	482	544	0	554	642
254	482	544	0	564	706
308	482	544	106	562	698
386	482	544	269	550	696
451	482	544	429	535	690
482	482	544	519	526	698
513	482	544	618	517	693
544	482	544	731	508	684
575	482	544	850	492	673
606	482	544	977	477	659
637	482	544	1023	460	644
668	482	544	1023	441	626
800	482	544	1023	331	505
924	482	544	1023	224	363
0	513	544	0	601	609
62	513	544	0	601	612
123	513	544	0	605	622
185	513	544	0	612	636
254	513	544	0	625	675
308	513	544	78	630	694
386	513	544	242	620	692
451	513	544	402	607	686
482	513	544	490	602	685
513	513	544	589	594	680
544	513	544	697	583	676
575	513	544	818	567	667
606	513	544	949	553	654
637	513	544	1023	535	639
668	513	544	1023	513	621
800	513	544	1023	393	505
924	513	544	1023	265	363
0	544	544	0	675	627
62	544	544	0	675	627
123	544	544	0	680	636
185	544	544	0	687	635
254	544	544	0	701	662
308	544	544	44	708	679
386	544	544	215	699	678
451	544	544	372	688	674
482	544	544	455	683	669
513	544	544	555	672	666
544	544	544	660	660	660
575	544	544	779	648	667
606	544	544	912	634	659
637	544	544	1016	613	647
668	544	544	1023	591	620
800	544	544	1023	461	508
924	544	544	1023	311	364
0	575	544	0	747	638
62	575	544	0	747	638
123	575	544	0	751	645
185	575	544	0	759	634
254	575	544	0	774	650
308	575	544	1	790	660
386	575	544	189	781	660
451	575	544	339	771	655
482	575	544	423	766	654
513	575	544	518	756	649
544	575	544	622	745	643
575	575	544	741	734	633
606	575	544	866	718	645
637	575	544	993	701	638
668	575	544	1023	678	616
800	575	544	1023	539	502
924	575	544	1023	364	368
0	606	544	0	825	650
62	606	544	0	825	650
123	606	544	0	830	650
185	606	544	0	838	638
254	606	544	0	854	643
308	606	544	0	873	639
386	606	544	161	869	636
451	606	544	306	860	636
482	606	544	389	854	634
513	606	544	479	845	635
544	606	544	582	832	627
575	606	544	694	823	622
606	606	544	819	808	614
637	606	544	963	797	624
668	606	544	1023	772	609
800	606	544	1023	622	509
924	606	544	1023	424	369
0	637	544	0	905	638
62	637	544	0	905	638
123	637	544	0	910	638
185	637	544	0	918	638
254	637	544	0	937	623
308	637	544	0	960	624
386	637	544	132	964	616
451	637	544	276	955	616
482	637	544	355	946	614
513	637	544	442	941	613
544	637	544	541	934	611
575	637	544	654	928	608
606	637	544	781	916	607
637	637	544	924	907	600
668	637	544	1021	880	605
800	637	544	1023	713	510
924	637	544	1023	496	373
0	668	544	0	1000	655
62	668	544	0	1003	655
123	668	544	0	1007	655
185	668	544	0	1016	649
254	668	544	0	1023	537
308	668	544	0	1023	504
386	668	544	101	1023	593
451	668	544	245	1023	593
482	668	544	321	1023	591
513	668	544	403	1023	590
544	668	544	503	1023	590
575	668	544	609	1021	584
606	668	544	730	1012	580
637	668	544	860	1001	575
668	668	544	988	981	516
800	668	544	1023	811	507
924	668	544	1023	575	376
0	800	544	0	1023	714
62	800	544	0	1023	714
123	800	544	0	1023	691
185	800	544	0	1023	659
254	800	544	0	1023	599
308	800	544	0	1023	541
386	800	544	0	1023	462
451	800	544	96	1023	463
482	800	544	162	1023	461
513	800	544	225	1023	461
544	800	544	298	1023	461
575	800	544	377	1023	461
606	800	544	469	1023	463
637	800	544	575	1023	461
668	800	544	692	1023	459
800	800	544	1023	1023	442
924	800	544	1023	933	392
0	924	544	0	1023	700
62	924	544	0	1023	696
123	924	544	0	1023	684
185	924	544	0	1023	663
254	924	544	0	1023	619
308	924	544	0	1023	582
386	924	544	0	1023	508
451	924	544	0	1023	428
482	924	544	26	1023	407
513	924	544	104	1023	407
544	924	544	173	1023	409
575	924	544	241	1023	409
606	924	544	317	1023	411
637	924	544	404	1023	413
668	924	544	504	1023	415
800	924	544	956	1023	423
924	924	544	1023	1023	417
0	0	575	0	2	833
62	0	575	0	1	861
123	0	575	21	0	915
185	0	575	119	0	903
254	0	575	216	0	876
308	0	575	303	0	832
386	0	575	443	0	790
451	0	575	581	0	775
482	0	575	654	0	764
513	0	575	736	0	748
544	0	575	821	0	735
575	0	575	912	0	712
606	0	575	1013	0	701
637	0	575	1023	0	671
668	0	575	1023	0	661
800	0	575	1023	0	532
924	0	575	1023	0	451
0	62	575	0	20	824
62	62	575	0	12	854
123	62	575	0	0	974
185	62	575	97	0	978
254	62	575	205	0	933
308	62	575	299	0	893
386	62	575	446	0	837
451	62	575	586	0	799
482	62	575	662	0	777
513	62	575	745	0	758
544	62	575	831	0	739
575	62	575	922	0	721
606	62	575	1014	0	707
637	62	575	1023	0	671
668	62	575	1023	0	662
800	62	575	1023	0	530
924	62	575	1023	0	449
0	123	575	0	80	818
62	123	575	0	76	835
123	123	575	0	58	947
185	123	575	73	39	1006
254	123	575	187	25	994
308	123	575	284	9	969
386	123	575	450	0	929
451	123	575	606	0	848
482	123	575	686	0	821
513	123	575	773	0	795
544	123	575	862	0	769
575	123	575	966	0	750
606	123	575	1019	0	730
637	123	575	1023	0	673
668	123	575	1023	0	667
800	123	575	1023	0	523
924	123	575	1023	0	440
0	185	575	0	138	788
62	185	575	0	136	792
123	185	575	0	125	904
185	185	575	50	110	998
254	185	575	174	104	986
308	185	575	269	95	967
386	185	575	437	78	926
451	185	575	602	59	881
482	185	575	691	49	858
513	185	575	789	38	838
544	185	575	890	26	814
575	185	575	1012	14	793
606	185	575	1023	2	772
637	185	575	1023	0	741
668	185	575	1023	0	720
800	185	575	1023	0	519
924	185	575	1023	0	426
0	254	575	0	214	748
62	254	575	0	213	774
123	254	575	0	207	832
185	254	575	2	191	975
254	254	575	149	186	968
308	254	575	246	179	957
386	254	575	413	164	922
451	254	575	578	146	881
482	254	575	673	137	859
513	254	575	768	129	836
544	254	575	872	118	809
575	254	575	993	109	792
606	254	575	1023	99	762
637	254	575	1023	88	741
668	254	575	1023	77	731
800	254	575	1023	9	584
924	254	575	1023	3	413
0	308	575	0	279	708
62	308	575	0	278	736
123	308	575	0	275	762
185	308	575	0	264	889
254	308	575	119	256	940
308	308	575	221	251	932
386	308	575	386	237	906
451	308	575	555	218	872
482	308	575	646	209	857
513	308	575	748	201	836
544	308	575	850	189	809
575	308	575	970	180	791
606	308	575	1021	168	771
637	308	575	1023	158	743
668	308	575	1023	146	722
800	308	575	1023	86	578
924	308	575	1023	60	413
0	386	575	0	380	683
62	386	575	0	380	653
123	386	575	0	381	704
185	386	575	0	383	765
254	386	575	64	378	846
308	386	575	173	372	846
386	386	575	340	359	872
451	386	575	507	344	854
482	386	575	599	333	841
513	386	575	698	322	821
544	386	575	801	310	799
575	386	575	923	300	785
606	386	575	1010	287	768
637	386	575	1023	274	745
668	386	575	1023	260	725
800	386	575	1023	182	575
924	386	575	1023	127	413
0	451	575	0	485	687
62	451	575	0	485	696
123	451	575	0	488	696
185	451	575	0	493	728
254	451	575	0	499	816
308	451	575	127	494	815
386	451	575	292	482	813
451	451	575	453	466	824
482	451	575	541	456	810
513	451	575	640	445	798
544	451	575	751	436	789
575	451	575	872	424	775
606	451	575	991	410	759
637	451	575	1023	394	740
668	451	575	1023	377	721
800	451	575	1023	278	582
924	451	575	1023	190	413
0	482	575	0	544	685
62	482	575	0	546	689
123	482	575	0	548	695
185	482	575	0	552	709
254	482	575	0	559	793
308	482	575	99	558	792
386	482	575	264	546	789
451	482	575	424	532	784
482	482	575	514	525	793
513	482	575	610	517	784
544	482	575	723	507	778
575	482	575	843	491	770
606	482	575	973	476	756
637	482	575	1023	460	738
668	482	575	1023	441	718
800	482	575	1023	330	589
924	482	575	1023	222	411
0	513	575	0	601	688
62	513	575	0	601	692
123	513	575	0	605	688
185	513	575	0	612	703
254	513	575	0	623	761
308	513	575	71	625	776
386	513	575	237	617	775
451	513	575	397	607	770
482	513	575	483	600	766
513	513	575	582	589	776
544	513	575	689	579	768
575	513	575	809	567	758
606	513	575	941	550	746
637	513	575	1023	534	730
668	513	575	1023	512	711
800	513	575	1023	391	581
924	513	575	1023	265	411
0	544	575	0	675	694
62	544	575	0	674	685
123	544	575	0	679	696
185	544	575	0	686	699
254	544	575	0	697	743
308	544	575	36	707	773
386	544	575	209	699	772
451	544	575	366	687	765
482	544	575	450	678	761
513	544	575	548	672	758
544	544	575	655	660	753
575	544	575	771	648	749
606	544	575	902	630	738
637	544	575	1013	613	722
668	544	575	1023	590	702
800	544	575	1023	462	581
924	544	575	1023	311	415
0	575	575	0	746	692
62	575	575	0	746	692
123	575	575	0	750	703
185	575	575	0	758	698
254	575	575	0	773	726
308	575	575	0	789	751
386	575	575	184	780	750
451	575	575	335	770	748
482	575	575	417	761	748
513	575	575	511	754	741
544	575	575	617	744	738
575	575	575	735	735	735
606	575	575	858	718	740
637	575	575	989	701	727
668	575	575	1023	676	702
800	575	575	1023	537	581
924	575	575	1023	366	419
0	606	575	0	824	702
62	606	575	0	824	702
123	606	575	0	829	709
185	606	575	0	837	706
254	606	575	0	853	713
308	606	575	0	869	728
386	606	575	155	869	731
451	606	575	301	857	729
482	606	575	383	848	726
513	606	575	471	842	723
544	606	575	577	832	717
575	606	575	689	820	711
606	606	575	812	805	703
637	606	575	954	795	713
668	606	575	1023	773	700
800	606	575	1023	623	580
924	606	575	1023	426	423
0	637	575	0	905	713
62	637	575	0	905	713
123	637	575	0	910	717
185	637	575	0	918	721
254	637	575	0	937	706
308	637	575	0	957	706
386	637	575	127	964	706
451	637	575	272	955	704
482	637	575	350	946	703
513	637	575	435	941	701
544	637	575	536	934	703
575	637	575	648	924	700
606	637	575	775	917	700
637	637	575	919	907	691
668	637	575	1017	881	697
800	637	575	1023	713	581
924	637	575	1023	498	426
0	668	575	0	1000	710
62	668	575	0	1000	713
123	668	575	0	1006	713
185	668	575	0	1016	713
254	668	575	0	1023	569
308	668	575	0	1023	703
386	668	575	97	1023	680
451	668	575	241	1023	685
482	668	575	316	1023	685
513	668	575	399	1023	685
544	668	575	498	1023	682
575	668	575	602	1021	676
606	668	575	725	1012	671
637	668	575	857	998	666
668	668	575	987	983	588
800	668	575	1023	812	581
924	668	575	1023	577	428
0	800	575	0	1023	714
62	800	575	0	1023	714
123	800	575	0	1023	697
185	800	575	0	1023	671
254	800	575	0	1023	788
308	800	575	0	1023	597
386	800	575	0	1023	529
451	800	575	93	1023	534
482	800	575	158	1023	532
513	800	575	221	1023	532
544	800	575	294	1023	532
575	800	575	374	1023	532
606	800	575	465	1023	534
637	800	575	570	1023	532
668	800	575	685	1023	530
800	800	575	1023	1023	508
924	800	575	1023	935	451
0	924	575	0	1023	744
62	924	575	0	1023	740
123	924	575	0	1023	731
185	924	575	0	1023	709
254	924	575	0	1023	713
308	924	575	0	1023	671
386	924	575	0	1023	572
451	924	575	0	1023	493
482	924	575	19	1023	468
513	924	575	102	1023	470
544	924	575	170	1023	470
575	924	575	237	1023	472
606	924	575	314	1023	474
637	924	575	400	1023	476
668	924	575	502	1023	479
800	924	575	954	1023	487
924	924	575	1023	1023	481
0	0	606	0	2	907
62	0	606	0	2	937
123	0	606	12	0	1005
185	0	606	112	0	991
254	0	606	207	0	958
308	0	606	291	0	922
386	0	606	433	0	884
451	0	606	573	0	865
482	0	606	646	0	847
513	0	606	728	0	835
544	0	606	813	0	816
575	0	606	905	0	798
606	0	606	1013	0	785
637	0	606	1023	0	762
668	0	606	1023	0	747
800	0	606	1023	0	611
924	0	606	1023	0	506
0	62	606	0	20	901
62	62	606	0	12	930
123	62	606	0	1	1016
185	62	606	88	0	1017
254	62	606	195	0	1003
308	62	606	285	0	975
386	62	606	435	0	931
451	62	606	578	0	887
482	62	606	652	0	868
513	62	606	737	0	849
544	62	606	823	0	825
575	62	606	916	0	805
606	62	606	1013	0	795
637	62	606	1023	0	762
668	62	606	1023	0	748
800	62	606	1023	0	607
924	62	606	1023	0	504
0	123	606	0	77	890
62	123	606	0	73	912
123	123	606	0	56	1010
185	123	606	57	33	1023
254	123	606	175	20	1023
308	123	606	268	4	1023
386	123	606	434	0	1016
451	123	606	593	0	956
482	123	606	676	0	926
513	123	606	763	0	894
544	123	606	851	0	865
575	123	606	956	0	846
606	123	606	1017	0	824
637	123	606	1023	0	764
668	123	606	1023	0	755
800	123	606	1023	0	598
924	123	606	1023	0	496
0	185	606	0	135	860
62	185	606	0	132	890
123	185	606	0	122	982
185	185	606	32	104	1023
254	185	606	161	98	1023
308	185	606	254	91	1023
386	185	606	422	74	1017
451	185	606	587	56	986
482	185	606	679	46	971
513	185	606	777	36	948
544	185	606	880	24	923
575	185	606	1006	11	903
606	185	606	1023	1	874
637	185	606	1023	0	842
668	185	606	1023	0	816
800	185	606	1023	0	591
924	185	606	1023	0	481
0	254	606	0	211	820
62	254	606	0	208	844
123	254	606	0	201	904
185	254	606	0	184	1023
254	254	606	137	180	1023
308	254	606	234	173	1023
386	254	606	399	159	1018
451	254	606	568	143	984
482	254	606	659	136	966
513	254	606	757	127	945
544	254	606	861	117	919
575	254	606	984	107	900
606	254	606	1023	98	879
637	254	606	1023	87	842
668	254	606	1023	77	835
800	254	606	1023	9	666
924	254	606	1023	3	466
0	308	606	0	274	772
62	308	606	0	273	795
123	308	606	0	269	831
185	308	606	0	259	968
254	308	606	110	251	1023
308	308	606	211	245	1023
386	308	606	374	230	1010
451	308	606	545	215	980
482	308	606	637	208	964
513	308	606	737	198	941
544	308	606	840	187	919
575	308	606	960	178	900
606	308	606	1020	168	878
637	308	606	1023	157	845
668	308	606	1023	146	821
800	308	606	1023	85	658
924	308	606	1023	58	468
0	386	606	0	379	742
62	386	606	0	379	760
123	386	606	0	379	770
185	386	606	0	379	846
254	386	606	54	373	959
308	386	606	165	366	956
386	386	606	329	354	980
451	386	606	496	340	963
482	386	606	590	330	948
513	386	606	687	320	928
544	386	606	793	310	910
575	386	606	916	298	896
606	386	606	1008	287	873
637	386	606	1023	273	847
668	386	606	1023	260	825
800	386	606	1023	181	655
924	386	606	1023	125	468
0	451	606	0	483	743
62	451	606	0	485	747
123	451	606	0	487	762
185	451	606	0	490	828
254	451	606	0	493	943
308	451	606	119	491	926
386	451	606	284	478	918
451	451	606	443	463	929
482	451	606	534	454	919
513	451	606	632	445	906
544	451	606	744	434	896
575	451	606	866	421	883
606	451	606	986	406	862
637	451	606	1023	391	844
668	451	606	1023	375	823
800	451	606	1023	277	662
924	451	606	1023	189	468
0	482	606	0	542	743
62	482	606	0	544	751
123	482	606	0	545	763
185	482	606	0	549	804
254	482	606	0	553	888
308	482	606	91	551	900
386	482	606	257	542	902
451	482	606	416	528	908
482	482	606	504	521	905
513	482	606	605	514	899
544	482	606	716	504	888
575	482	606	834	491	875
606	482	606	967	474	858
637	482	606	1023	458	837
668	482	606	1023	439	815
800	482	606	1023	331	677
924	482	606	1023	221	466
0	513	606	0	600	743
62	513	606	0	600	751
123	513	606	0	604	755
185	513	606	0	608	788
254	513	606	0	619	852
308	513	606	63	623	884
386	513	606	231	615	881
451	513	606	390	605	874
482	513	606	477	597	869
513	513	606	575	588	883
544	513	606	683	577	873
575	513	606	802	565	862
606	513	606	932	550	850
637	513	606	1023	532	831
668	513	606	1023	512	809
800	513	606	1023	393	663
924	513	606	1023	265	470
0	544	606	0	673	754
62	544	606	0	673	757
123	544	606	0	678	771
185	544	606	0	685	767
254	544	606	0	695	827
308	544	606	26	704	881
386	544	606	203	697	860
451	544	606	360	684	855
482	544	606	442	675	853
513	544	606	540	667	848
544	544	606	647	655	858
575	544	606	764	644	848
606	544	606	893	630	837
637	544	606	1008	613	819
668	544	606	1023	589	797
800	544	606	1023	460	665
924	544	606	1023	311	472
0	575	606	0	745	769
62	575	606	0	745	772
123	575	606	0	750	763
185	575	606	0	757	766
254	575	606	0	770	805
308	575	606	0	785	852
386	575	606	179	779	856
451	575	606	327	768	850
482	575	606	412	760	849
513	575	606	504	751	842
544	575	606	610	744	838
575	575	606	726	732	832
606	575	606	849	716	824
637	575	606	983	697	810
668	575	606	1023	675	790
800	575	606	1023	539	663
924	575	606	1023	364	479
0	606	606	0	823	758
62	606	606	0	825	758
123	606	606	0	828	770
185	606	606	0	836	777
254	606	606	0	852	791
308	606	606	0	865	824
386	606	606	150	865	829
451	606	606	297	856	832
482	606	606	378	847	827
513	606	606	467	839	825
544	606	606	570	829	816
575	606	606	682	817	809
606	606	606	805	805	805
637	606	606	947	795	811
668	606	606	1023	774	792
800	606	606	1023	623	662
924	606	606	1023	426	481
0	637	606	0	903	767
62	637	606	0	903	771
123	637	606	0	908	775
185	637	606	0	916	787
254	637	606	0	935	780
308	637	606	0	952	794
386	637	606	122	962	803
451	637	606	268	949	802
482	637	606	345	945	800
513	637	606	431	938	799
544	637	606	532	932	799
575	637	606	642	924	795
606	637	606	769	914	794
637	637	606	913	905	782
668	637	606	1017	876	789
800	637	606	1023	713	666
924	637	606	1023	498	485
0	668	606	0	999	780
62	668	606	0	999	780
123	668	606	0	1006	784
185	668	606	0	1016	787
254	668	606	0	1023	763
308	668	606	0	1023	779
386	668	606	91	1023	779
451	668	606	237	1023	779
482	668	606	312	1023	779
513	668	606	394	1023	779
544	668	606	493	1023	776
575	668	606	597	1021	780
606	668	606	718	1009	768
637	668	606	850	997	761
668	668	606	983	980	676
800	668	606	1023	811	663
924	668	606	1023	579	491
0	800	606	0	1023	896
62	800	606	0	1023	896
123	800	606	0	1023	887
185	800	606	0	1023	858
254	800	606	0	1023	821
308	800	606	0	1023	655
386	800	606	0	1023	599
451	800	606	89	1023	612
482	800	606	154	1023	610
513	800	606	218	1023	609
544	800	606	290	1023	609
575	800	606	369	1023	609
606	800	606	461	1023	607
637	800	606	566	1023	605
668	800	606	682	1023	606
800	800	606	1023	1023	582
924	800	606	1023	935	517
0	924	606	0	1023	773
62	924	606	0	1023	773
123	924	606	0	1023	769
185	924	606	0	1023	803
254	924	606	0	1023	771
308	924	606	0	1023	731
386	924	606	0	1023	645
451	924	606	0	1023	563
482	924	606	11	1023	538
513	924	606	98	1023	538
544	924	606	167	1023	540
575	924	606	234	1023	542
606	924	606	311	1023	545
637	924	606	394	1023	547
668	924	606	498	1023	549
800	924	606	950	1023	558
924	924	606	1023	1023	552
0	0	637	0	3	989
62	0	637	0	2	1013
123	0	637	3	0	1021
185	0	637	103	0	1019
254	0	637	197	0	1009
308	0	637	280	0	997
386	0	637	423	0	977
451	0	637	563	0	960
482	0	637	639	0	944
513	0	637	722	0	931
544	0	637	804	0	911
575	0	637	898	0	891
606	0	637	1008	0	860
637	0	637	1023	0	861
668	0	637	1023	0	843
800	0	637	1023	0	700
924	0	637	1023	0	563
0	62	637	0	21	984
62	62	637	0	14	1008
123	62	637	0	1	1023
185	62	637	79	0	1023
254	62	637	185	0	1023
308	62	637	273	0	1023
386	62	637	422	0	1007
451	62	637	565	0	984
482	62	637	645	0	968
513	62	637	729	0	948
544	62	637	811	0	926
575	62	637	908	0	904
606	62	637	1009	0	890
637	62	637	1023	0	862
668	62	637	1023	0	845
800	62	637	1023	0	695
924	62	637	1023	0	563
0	123	637	0	75	967
62	123	637	0	72	1000
123	123	637	0	55	1023
185	123	637	42	29	1023
254	123	637	160	17	1023
308	123	637	253	3	1023
386	123	637	419	0	1023
451	123	637	578	0	1013
482	123	637	664	0	1003
513	123	637	752	0	987
544	123	637	840	0	973
575	123	637	949	0	949
606	123	637	1015	0	928
637	123	637	1023	0	866
668	123	637	1023	0	853
800	123	637	1023	0	683
924	123	637	1023	0	554
0	185	637	0	131	938
62	185	637	0	129	970
123	185	637	0	117	1015
185	185	637	12	99	1023
254	185	637	148	93	1023
308	185	637	242	85	1023
386	185	637	408	70	1023
451	185	637	575	54	1023
482	185	637	667	44	1023
513	185	637	762	34	1023
544	185	637	870	22	1022
575	185	637	995	8	1007
606	185	637	1023	1	978
637	185	637	1023	0	949
668	185	637	1023	0	925
800	185	637	1023	0	673
924	185	637	1023	0	540
0	254	637	0	205	891
62	254	637	0	203	916
123	254	637	0	195	975
185	254	637	0	180	1023
254	254	637	125	174	1023
308	254	637	222	168	1023
386	254	637	386	155	1023
451	254	637	555	141	1023
482	254	637	646	133	1023
513	254	637	744	124	1023
544	254	637	849	114	1020
575	254	637	973	106	1007
606	254	637	1022	96	984
637	254	637	1023	86	948
668	254	637	1023	75	942
800	254	637	1023	8	758
924	254	637	1023	3	524
0	308	637	0	269	841
62	308	637	0	268	865
123	308	637	0	264	907
185	308	637	0	253	1012
254	308	637	99	243	1023
308	308	637	200	237	1023
386	308	637	363	225	1023
451	308	637	532	212	1023
482	308	637	626	205	1023
513	308	637	721	194	1023
544	308	637	828	186	1021
575	308	637	952	176	1006
606	308	637	1017	166	985
637	308	637	1023	155	952
668	308	637	1023	144	929
800	308	637	1023	85	751
924	308	637	1023	56	526
0	386	637	0	376	811
62	386	637	0	377	825
123	386	637	0	377	846
185	386	637	0	374	976
254	386	637	42	366	1023
308	386	637	156	361	1023
386	386	637	321	349	1023
451	386	637	485	337	1023
482	386	637	578	327	1023
513	386	637	674	316	1023
544	386	637	783	307	1017
575	386	637	908	297	1006
606	386	637	1004	284	985
637	386	637	1023	271	959
668	386	637	1023	258	936
800	386	637	1023	181	748
924	386	637	1023	124	528
0	451	637	0	483	848
62	451	637	0	484	823
123	451	637	0	485	833
185	451	637	0	487	912
254	451	637	0	487	1015
308	451	637	110	484	1023
386	451	637	274	471	1023
451	451	637	433	459	1023
482	451	637	523	449	1023
513	451	637	621	441	1020
544	451	637	734	432	1010
575	451	637	856	419	995
606	451	637	979	406	976
637	451	637	1023	390	954
668	451	637	1023	374	931
800	451	637	1023	278	755
924	451	637	1023	188	528
0	482	637	0	539	828
62	482	637	0	541	836
123	482	637	0	541	839
185	482	637	0	545	884
254	482	637	0	549	985
308	482	637	84	548	1017
386	482	637	249	539	1016
451	482	637	409	525	1022
482	482	637	496	519	1019
513	482	637	597	511	1013
544	482	637	708	502	1001
575	482	637	825	487	987
606	482	637	956	472	970
637	482	637	1023	457	949
668	482	637	1023	438	925
800	482	637	1023	330	771
924	482	637	1023	221	531
0	513	637	0	599	809
62	513	637	0	599	813
123	513	637	0	600	843
185	513	637	0	606	872
254	513	637	0	617	949
308	513	637	54	621	997
386	513	637	224	613	998
451	513	637	382	600	991
482	513	637	469	593	1005
513	513	637	566	586	999
544	513	637	675	573	990
575	513	637	793	561	977
606	513	637	922	547	962
637	513	637	1021	531	944
668	513	637	1023	509	917
800	513	637	1023	391	755
924	513	637	1023	265	531
0	544	637	0	671	822
62	544	637	0	671	825
123	544	637	0	676	845
185	544	637	0	682	864
254	544	637	0	690	919
308	544	637	14	698	973
386	544	637	198	691	971
451	544	637	353	679	969
482	544	637	436	673	966
513	544	637	534	664	961
544	544	637	640	654	972
575	544	637	757	641	962
606	544	637	885	628	950
637	544	637	1003	609	936
668	544	637	1023	588	910
800	544	637	1023	461	757
924	544	637	1023	313	538
0	575	637	0	744	831
62	575	637	0	744	835
123	575	637	0	749	852
185	575	637	0	756	856
254	575	637	0	768	896
308	575	637	0	779	962
386	575	637	173	774	949
451	575	637	320	762	947
482	575	637	405	758	942
513	575	637	498	748	936
544	575	637	603	739	931
575	575	637	718	727	948
606	575	637	843	711	934
637	575	637	975	697	921
668	575	637	1023	675	900
800	575	637	1023	538	757
924	575	637	1023	366	542
0	606	637	0	823	840
62	606	637	0	825	844
123	606	637	0	828	856
185	606	637	0	835	854
254	606	637	0	847	875
308	606	637	0	863	925
386	606	637	144	862	948
451	606	637	290	850	944
482	606	637	371	846	939
513	606	637	460	837	934
544	606	637	563	826	925
575	606	637	676	816	921
606	606	637	796	802	913
637	606	637	940	795	913
668	606	637	1023	772	897
800	606	637	1023	621	753
924	606	637	1023	426	547
0	637	637	0	901	826
62	637	637	0	904	830
123	637	637	0	906	839
185	637	637	0	914	857
254	637	637	0	931	867
308	637	637	0	951	894
386	637	637	117	958	913
451	637	637	262	949	909
482	637	637	339	945	913
513	637	637	425	938	913
544	637	637	525	932	911
575	637	637	635	924	910
606	637	637	762	914	906
637	637	637	902	902	902
668	637	637	1013	877	900
800	637	637	1023	713	756
924	637	637	1023	498	552
0	668	637	0	999	843
62	668	637	0	1002	847
123	668	637	0	1006	851
185	668	637	0	1016	863
254	668	637	0	1023	812
308	668	637	0	1023	858
386	668	637	84	1023	896
451	668	637	232	1023	896
482	668	637	307	1023	893
513	668	637	391	1023	893
544	668	637	486	1022	889
575	668	637	591	1017	886
606	668	637	712	1010	872
637	668	637	842	998	864
668	668	637	984	981	769
800	668	637	1023	812	755
924	668	637	1023	577	556
0	800	637	0	1023	899
62	800	637	0	1023	899
123	800	637	0	1023	889
185	800	637	0	1023	879
254	800	637	0	1023	860
308	800	637	0	1023	722
386	800	637	0	1023	678
451	800	637	85	1023	700
482	800	637	150	1023	700
513	800	637	215	1023	698
544	800	637	288	1023	698
575	800	637	365	1023	698
606	800	637	455	1023	696
637	800	637	559	1023	693
668	800	637	676	1023	691
800	800	637	1023	1023	666
924	800	637	1023	937	589
0	924	637	0	1023	818
62	924	637	0	1023	818
123	924	637	0	1023	814
185	924	637	0	1023	807
254	924	637	0	1023	794
308	924	637	0	1023	778
386	924	637	0	1023	720
451	924	637	0	1023	642
482	924	637	4	1023	612
513	924	637	94	1023	612
544	924	637	163	1023	615
575	924	637	230	1023	620
606	924	637	307	1023	620
637	924	637	391	1023	623
668	924	637	493	1023	626
800	924	637	948	1023	637
924	924	637	1023	1023	634
0	0	668	0	3	1018
62	0	668	0	2	1022
123	0	668	2	0	1023
185	0	668	96	0	1023
254	0	668	188	0	1023
308	0	668	270	0	1023
386	0	668	411	0	1018
451	0	668	553	0	1010
482	0	668	630	0	1004
513	0	668	713	0	1001
544	0	668	796	0	998
575	0	668	893	0	997
606	0	668	1004	0	967
637	0	668	1023	0	876
668	0	668	1023	0	876
800	0	668	1023	0	801
924	0	668	1023	0	631
0	62	668	0	22	1018
62	62	668	0	15	1021
123	62	668	0	2	1023
185	62	668	71	0	1023
254	62	668	177	0	1023
308	62	668	262	0	1023
386	62	668	410	0	1022
451	62	668	555	0	1018
482	62	668	635	0	1016
513	62	668	719	0	1016
544	62	668	803	0	1014
575	62	668	902	0	996
606	62	668	1006	0	979
637	62	668	1023	0	973
668	62	668	1023	0	949
800	62	668	1023	0	796
924	62	668	1023	0	628
0	123	668	0	72	1012
62	123	668	0	68	1019
123	123	668	0	53	1023
185	123	668	24	24	1023
254	123	668	150	12	1023
308	123	668	240	2	1023
386	123	668	403	0	1023
451	123	668	563	0	1023
482	123	668	648	0	1023
513	123	668	738	0	1023
544	123	668	828	0	1022
575	123	668	938	0	1015
606	123	668	1011	0	1002
637	123	668	1023	0	962
668	123	668	1023	0	951
800	123	668	1023	0	779
924	123	668	1023	0	618
0	185	668	0	127	994
62	185	668	0	125	1009
123	185	668	0	114	1023
185	185	668	2	93	1023
254	185	668	136	87	1023
308	185	668	229	80	1023
386	185	668	391	66	1023
451	185	668	559	51	1023
482	185	668	651	42	1023
513	185	668	747	31	1023
544	185	668	858	20	1023
575	185	668	980	5	1023
606	185	668	1023	1	1022
637	185	668	1023	0	1015
668	185	668	1023	0	1008
800	185	668	1023	0	764
924	185	668	1023	0	604
0	254	668	0	200	962
62	254	668	0	198	984
123	254	668	0	191	1023
185	254	668	0	176	1023
254	254	668	112	166	1023
308	254	668	210	162	1023
386	254	668	372	151	1023
451	254	668	542	138	1023
482	254	668	631	130	1023
513	254	668	730	121	1023
544	254	668	837	113	1023
575	254	668	959	104	1023
606	254	668	1020	94	1023
637	254	668	1023	84	1015
668	254	668	1023	74	1007
800	254	668	1023	8	833
924	254	668	1023	3	589
0	308	668	0	265	917
62	308	668	0	263	941
123	308	668	0	260	1023
185	308	668	0	248	1023
254	308	668	87	237	1023
308	308	668	188	231	1023
386	308	668	349	220	1023
451	308	668	519	209	1023
482	308	668	610	201	1023
513	308	668	707	192	1023
544	308	668	813	184	1023
575	308	668	940	175	1023
606	308	668	1013	165	1023
637	308	668	1023	153	1015
668	308	668	1023	142	1007
800	308	668	1023	84	834
924	308	668	1023	55	591
0	386	668	0	374	886
62	386	668	0	373	906
123	386	668	0	372	971
185	386	668	0	367	1014
254	386	668	28	359	1023
308	386	668	147	353	1023
386	386	668	310	344	1023
451	386	668	473	331	1023
482	386	668	564	321	1023
513	386	668	663	312	1023
544	386	668	773	304	1023
575	386	668	896	294	1023
606	386	668	999	282	1023
637	386	668	1023	269	1018
668	386	668	1023	256	1008
800	386	668	1023	181	842
924	386	668	1023	123	594
0	451	668	0	482	897
62	451	668	0	482	905
123	451	668	0	482	939
185	451	668	0	483	986
254	451	668	0	480	1023
308	451	668	101	476	1023
386	451	668	266	465	1023
451	451	668	424	452	1023
482	451	668	514	446	1023
513	451	668	613	438	1023
544	451	668	725	428	1023
575	451	668	844	416	1023
606	451	668	973	404	1023
637	451	668	1023	388	1020
668	451	668	1023	372	1007
800	451	668	1023	277	853
924	451	668	1023	187	594
0	482	668	0	537	903
62	482	668	0	537	916
123	482	668	0	537	920
185	482	668	0	541	973
254	482	668	0	543	1022
308	482	668	75	541	1023
386	482	668	241	533	1023
451	482	668	401	524	1023
482	482	668	488	516	1023
513	482	668	587	506	1023
544	482	668	698	496	1023
575	482	668	815	484	1023
606	482	668	945	469	1023
637	482	668	1023	454	1021
668	482	668	1023	435	1007
800	482	668	1023	330	861
924	482	668	1023	221	596
0	513	668	0	597	901
62	513	668	0	597	909
123	513	668	0	601	915
185	513	668	0	605	962
254	513	668	0	612	1012
308	513	668	44	615	1023
386	513	668	216	607	1023
451	513	668	375	597	1023
482	513	668	460	590	1023
513	513	668	559	580	1023
544	513	668	667	570	1023
575	513	668	784	559	1023
606	513	668	913	544	1023
637	513	668	1016	529	1023
668	513	668	1023	507	1006
800	513	668	1023	391	855
924	513	668	1023	265	599
0	544	668	0	669	893
62	544	668	0	669	898
123	544	668	0	674	923
185	544	668	0	677	950
254	544	668	0	688	993
308	544	668	2	695	1023
386	544	668	192	686	1023
451	544	668	345	675	1023
482	544	668	430	668	1023
513	544	668	524	659	1023
544	544	668	630	651	1023
575	544	668	748	639	1023
606	544	668	877	624	1023
637	544	668	999	606	1023
668	544	668	1023	584	1006
800	544	668	1023	459	856
924	544	668	1023	311	604
0	575	668	0	742	901
62	575	668	0	742	906
123	575	668	0	747	924
185	575	668	0	753	940
254	575	668	0	762	975
308	575	668	0	773	1018
386	575	668	166	770	1023
451	575	668	314	759	1023
482	575	668	398	752	1023
513	575	668	488	746	1023
544	575	668	595	736	1023
575	575	668	710	725	1023
606	575	668	831	711	1023
637	575	668	967	696	1023
668	575	668	1023	672	1007
800	575	668	1023	537	856
924	575	668	1023	364	612
0	606	668	0	821	909
62	606	668	0	823	914
123	606	668	0	825	931
185	606	668	0	832	941
254	606	668	0	844	958
308	606	668	0	856	1004
386	606	668	139	858	1023
451	606	668	286	848	1023
482	606	668	365	841	1023
513	606	668	453	834	1023
544	606	668	556	825	1023
575	606	668	665	812	1023
606	606	668	790	800	1023
637	606	668	936	789	1023
668	606	668	1023	771	1010
800	606	668	1023	622	852
924	606	668	1023	426	618
0	637	668	0	901	920
62	637	668	0	903	925
123	637	668	0	906	939
185	637	668	0	914	930
254	637	668	0	929	954
308	637	668	0	946	991
386	637	668	111	956	1023
451	637	668	257	948	1023
482	637	668	334	941	1023
513	637	668	418	937	1023
544	637	668	518	927	1023
575	637	668	626	919	1023
606	637	668	756	912	1023
637	637	668	895	902	1023
668	637	668	1013	876	1005
800	637	668	1023	711	848
924	637	668	1023	498	623
0	668	668	0	999	914
62	668	668	0	1002	918
123	668	668	0	1006	926
185	668	668	0	1016	942
254	668	668	0	1023	860
308	668	668	0	1023	930
386	668	668	78	1023	1012
451	668	668	228	1023	1012
482	668	668	300	1023	1012
513	668	668	385	1023	1023
544	668	668	479	1019	1016
575	668	668	584	1013	1012
606	668	668	703	1005	999
637	668	668	833	994	991
668	668	668	979	979	979
800	668	668	1023	808	853
924	668	668	1023	579	634
0	800	668	0	1023	837
62	800	668	0	1023	837
123	800	668	0	1023	837
185	800	668	0	1023	837
254	800	668	0	1023	834
308	800	668	0	1023	776
386	800	668	0	1023	812
451	800	668	80	1023	798
482	800	668	146	1023	795
513	800	668	211	1023	795
544	800	668	282	1023	795
575	800	668	360	1023	795
606	800	668	450	1023	792
637	800	668	554	1023	789
668	800	668	671	1023	786
800	800	668	1023	1023	755
924	800	668	1023	937	671
0	924	668	0	1023	861
62	924	668	0	1023	861
123	924	668	0	1023	857
185	924	668	0	1023	853
254	924	668	0	1023	844
308	924	668	0	1023	831
386	924	668	0	1023	788
451	924	668	0	1023	732
482	924	668	3	1023	697
513	924	668	90	1023	700
544	924	668	160	1023	700
575	924	668	226	1023	703
606	924	668	302	1023	709
637	924	668	389	1023	712
668	924	668	487	1023	715
800	924	668	945	1023	726
924	924	668	1023	1023	723
0	0	800	0	7	1023
62	0	800	0	3	1023
123	0	800	0	0	1023
185	0	800	68	0	1023
254	0	800	157	0	1023
308	0	800	230	0	1023
386	0	800	366	0	1023
451	0	800	504	0	1023
482	0	800	581	0	1023
513	0	800	662	0	1023
544	0	800	749	0	1023
575	0	800	851	0	1023
606	0	800	961	0	1023
637	0	800	1021	0	1023
668	0	800	1023	0	1016
800	0	800	1023	0	958
924	0	800	1023	0	888
0	62	800	0	23	1023
62	62	800	0	19	1023
123	62	800	0	2	1023
185	62	800	39	0	1023
254	62	800	142	0	1023
308	62	800	221	0	1023
386	62	800	361	0	1023
451	62	800	503	0	1023
482	62	800	581	0	1023
513	62	800	665	0	1023
544	62	800	753	0	1023
575	62	800	855	0	1023
606	62	800	966	0	1023
637	62	800	1023	0	1017
668	62	800	1023	0	1016
800	62	800	1023	0	961
924	62	800	1023	0	886
0	123	800	0	63	1023
62	123	800	0	59	1023
123	123	800	0	47	1023
185	123	800	0	18	1023
254	123	800	93	1	1023
308	123	800	182	0	1023
386	123	800	340	0	1023
451	123	800	497	0	1023
482	123	800	582	0	1023
513	123	800	671	0	1023
544	123	800	769	0	1023
575	123	800	875	0	1023
606	123	800	980	0	1023
637	123	800	1023	0	1018
668	123	800	1023	0	1017
800	123	800	1023	0	971
924	123	800	1023	0	884
0	185	800	0	114	1023
62	185	800	0	112	1023
123	185	800	0	102	1023
185	185	800	0	83	1023
254	185	800	81	65	1023
308	185	800	173	60	1023
386	185	800	320	48	1023
451	185	800	481	35	1023
482	185	800	568	27	1023
513	185	800	666	17	1023
544	185	800	774	5	1023
575	185	800	895	1	1023
606	185	800	997	0	1023
637	185	800	1023	0	1023
668	185	800	1023	0	1022
800	185	800	1023	0	998
924	185	800	1023	0	880
0	254	800	0	182	1023
62	254	800	0	181	1023
123	254	800	0	174	1023
185	254	800	0	160	1023
254	254	800	59	141	1023
308	254	800	155	136	1023
386	254	800	305	129	1023
451	254	800	462	119	1023
482	254	800	551	114	1023
513	254	800	647	107	1023
544	254	800	756	100	1023
575	254	800	877	92	1023
606	254	800	984	84	1023
637	254	800	1013	75	1023
668	254	800	1016	64	1023
800	254	800	1023	6	1023
924	254	800	1023	1	872
0	308	800	0	245	1023
62	308	800	0	242	1023
123	308	800	0	237	1023
185	308	800	0	225	1023
254	308	800	30	205	1023
308	308	800	139	201	1023
386	308	800	289	194	1023
451	308	800	442	186	1023
482	308	800	532	181	1023
513	308	800	630	175	1023
544	308	800	737	167	1023
575	308	800	856	160	1023
606	308	800	969	152	1023
637	308	800	1012	141	1023
668	308	800	1016	132	1023
800	308	800	1023	80	1023
924	308	800	1023	43	874
0	386	800	0	354	1023
62	386	800	0	353	1023
123	386	800	0	350	1023
185	386	800	0	344	1023
254	386	800	0	328	1023
308	386	800	101	318	1023
386	386	800	256	311	1023
451	386	800	409	302	1023
482	386	800	493	296	1023
513	386	800	591	290	1023
544	386	800	698	282	1023
575	386	800	815	275	1023
606	386	800	943	266	1023
637	386	800	1013	255	1023
668	386	800	1016	242	1023
800	386	800	1023	176	1023
924	386	800	1023	114	880
0	451	800	0	463	1023
62	451	800	0	462	1023
123	451	800	0	462	1023
185	451	800	0	459	1023
254	451	800	0	450	1023
308	451	800	56	439	1023
386	451	800	220	431	1023
451	451	800	373	423	1023
482	451	800	455	417	1023
513	451	800	551	411	1023
544	451	800	655	403	1023
575	451	800	772	393	1023
606	451	800	896	381	1023
637	451	800	1013	370	1023
668	451	800	1016	353	1023
800	451	800	1023	270	1023
924	451	800	1023	185	886
0	482	800	0	522	1023
62	482	800	0	522	1023
123	482	800	0	522	1023
185	482	800	0	520	1023
254	482	800	0	517	1023
308	482	800	25	506	1023
386	482	800	198	497	1023
451	482	800	351	487	1023
482	482	800	432	481	1023
513	482	800	525	474	1023
544	482	800	631	467	1023
575	482	800	750	458	1023
606	482	800	872	446	1023
637	482	800	997	433	1023
668	482	800	1017	416	1023
800	482	800	1023	323	1023
924	482	800	1023	220	890
0	513	800	0	587	1023
62	513	800	0	587	1023
123	513	800	0	587	1023
185	513	800	0	588	1023
254	513	800	0	587	1023
308	513	800	0	580	1023
386	513	800	180	571	1023
451	513	800	326	562	1023
482	513	800	410	556	1023
513	513	800	501	549	1023
544	513	800	604	542	1023
575	513	800	719	533	1023
606	513	800	844	519	1023
637	513	800	975	505	1023
668	513	800	1016	489	1023
800	513	800	1023	385	1023
924	513	800	1023	265	895
0	544	800	0	658	1023
62	544	800	0	658	1023
123	544	800	0	658	1023
185	544	800	0	660	1023
254	544	800	0	661	1023
308	544	800	0	662	1023
386	544	800	157	651	1023
451	544	800	303	641	1023
482	544	800	386	634	1023
513	544	800	472	626	1023
544	544	800	576	620	1023
575	544	800	687	608	1023
606	544	800	809	597	1023
637	544	800	947	586	1023
668	544	800	1016	568	1023
800	544	800	1023	452	1023
924	544	800	1023	313	899
0	575	800	0	731	1023
62	575	800	0	730	1023
123	575	800	0	731	1023
185	575	800	0	734	1023
254	575	800	0	739	1023
308	575	800	0	741	1023
386	575	800	132	734	1023
451	575	800	278	724	1023
482	575	800	358	719	1023
513	575	800	442	712	1023
544	575	800	544	705	1023
575	575	800	655	695	1023
606	575	800	776	688	1023
637	575	800	920	679	1023
668	575	800	1017	659	1023
800	575	800	1023	527	1023
924	575	800	1023	366	905
0	606	800	0	808	1023
62	606	800	0	807	1023
123	606	800	0	809	1023
185	606	800	0	815	1023
254	606	800	0	820	1023
308	606	800	0	829	1023
386	606	800	107	829	1023
451	606	800	254	819	1023
482	606	800	330	815	1023
513	606	800	414	807	1023
544	606	800	511	798	1023
575	606	800	621	793	1023
606	606	800	749	786	1023
637	606	800	884	773	1023
668	606	800	1006	752	1023
800	606	800	1023	611	1023
924	606	800	1023	430	913
0	637	800	0	895	1023
62	637	800	0	895	1023
123	637	800	0	898	1023
185	637	800	0	906	1023
254	637	800	0	918	1023
308	637	800	0	930	1023
386	637	800	76	937	1023
451	637	800	227	926	1023
482	637	800	301	923	1023
513	637	800	387	917	1023
544	637	800	483	912	1023
575	637	800	588	899	1023
606	637	800	708	886	1023
637	637	800	837	871	1023
668	637	800	982	852	1023
800	637	800	1023	702	1023
924	637	800	1023	502	917
0	668	800	0	993	1023
62	668	800	0	993	1023
123	668	800	0	996	1023
185	668	800	0	1005	1023
254	668	800	0	1010	1002
308	668	800	0	1008	1015
386	668	800	34	1003	1023
451	668	800	195	999	1023
482	668	800	268	997	1023
513	668	800	349	994	1023
544	668	800	438	993	1023
575	668	800	542	987	1023
606	668	800	656	981	1023
637	668	800	781	968	1023
668	668	800	918	944	1023
800	668	800	1023	799	1023
924	668	800	1023	584	925
0	800	800	0	1022	1006
62	800	800	0	1022	1006
123	800	800	0	1022	1008
185	800	800	0	1022	1011
254	800	800	0	1023	1015
308	800	800	0	1023	992
386	800	800	0	1023	1010
451	800	800	51	1023	1021
482	800	800	123	1023	1021
513	800	800	190	1023	1021
544	800	800	260	1023	1021
575	800	800	335	1023	1021
606	800	800	423	1023	1021
637	800	800	526	1023	1021
668	800	800	637	1023	1023
800	800	800	1023	1023	1023
924	800	800	1023	945	960
0	924	800	0	1023	1018
62	924	800	0	1023	1018
123	924	800	0	1023	1020
185	924	800	0	1023	1020
254	924	800	0	1023	1021
308	924	800	0	1023	1023
386	924	800	0	1023	1011
451	924	800	0	1023	992
482	924	800	0	1023	982
513	924	800	70	1023	982
544	924	800	140	1023	984
575	924	800	208	1023	986
606	924	800	284	1023	988
637	924	800	368	1023	990
668	924	800	466	1023	992
800	924	800	933	1023	1001
924	924	800	1023	1023	1007
0	0	924	0	13	1023
62	0	924	0	8	1023
123	0	924	0	1	1023
185	0	924	31	0	1023
254	0	924	115	0	1023
308	0	924	179	0	1023
386	0	924	289	0	1023
451	0	924	407	0	1023
482	0	924	472	0	1023
513	0	924	544	0	1023
544	0	924	621	0	1023
575	0	924	709	0	1023
606	0	924	804	0	1023
637	0	924	889	0	1023
668	0	924	925	0	1023
800	0	924	1023	0	1023
924	0	924	1023	0	1023
0	62	924	0	24	1023
62	62	924	0	20	1023
123	62	924	0	5	1023
185	62	924	7	0	1023
254	62	924	96	0	1023
308	62	924	163	0	1023
386	62	924	275	0	1023
451	62	924	396	0	1023
482	62	924	460	0	1023
513	62	924	533	0	1023
544	62	924	614	0	1023
575	62	924	698	0	1023
606	62	924	799	0	1023
637	62	924	881	0	1023
668	62	924	920	0	1023
800	62	924	1023	0	1023
924	62	924	1023	0	1023
0	123	924	0	56	1023
62	123	924	0	52	1023
123	123	924	0	36	1023
185	123	924	0	11	1023
254	123	924	13	0	1023
308	123	924	103	0	1023
386	123	924	224	0	1023
451	123	924	348	0	1023
482	123	924	415	0	1023
513	123	924	490	0	1023
544	123	924	575	0	1023
575	123	924	667	0	1023
606	123	924	770	0	1023
637	123	924	858	0	1023
668	123	924	901	0	1023
800	123	924	1023	0	1023
924	123	924	1023	0	1023
0	185	924	0	102	1023
62	185	924	0	99	1023
123	185	924	0	86	1023
185	185	924	0	61	1023
254	185	924	3	20	1023
308	185	924	85	14	1023
386	185	924	190	4	1023
451	185	924	295	3	1023
482	185	924	355	2	1023
513	185	924	424	1	1023
544	185	924	506	0	1023
575	185	924	596	0	1023
606	185	924	708	0	1023
637	185	924	805	0	1023
668	185	924	876	0	1023
800	185	924	1023	0	1023
924	185	924	1023	0	1023
0	254	924	0	168	1023
62	254	924	0	164	1023
123	254	924	0	150	1023
185	254	924	0	125	1023
254	254	924	1	82	1023
308	254	924	73	79	1023
386	254	924	180	74	1023
451	254	924	285	68	1023
482	254	924	343	64	1023
513	254	924	413	60	1023
544	254	924	493	57	1023
575	254	924	579	52	1023
606	254	924	683	45	1023
637	254	924	784	38	1023
668	254	924	860	30	1023
800	254	924	1023	2	1023
924	254	924	1023	0	1023
0	308	924	0	226	1023
62	308	924	0	223	1023
123	308	924	0	209	1023
185	308	924	0	183	1023
254	308	924	0	137	1023
308	308	924	59	128	1023
386	308	924	170	122	1023
451	308	924	274	116	1023
482	308	924	333	114	1023
513	308	924	402	110	1023
544	308	924	479	106	1023
575	308	924	565	102	1023
606	308	924	666	98	1023
637	308	924	774	94	1023
668	308	924	850	89	1023
800	308	924	1023	66	1023
924	308	924	1023	23	1023
0	386	924	0	335	1023
62	386	924	0	333	1023
123	386	924	0	319	1023
185	386	924	0	291	1023
254	386	924	0	238	1023
308	386	924	21	208	1023
386	386	924	148	204	1023
451	386	924	253	199	1023
482	386	924	311	197	1023
513	386	924	378	194	1023
544	386	924	453	190	1023
575	386	924	540	188	1023
606	386	924	642	184	1023
637	386	924	752	180	1023
668	386	924	831	176	1023
800	386	924	1023	155	1023
924	386	924	1023	109	1023
0	451	924	0	444	1023
62	451	924	0	442	1023
123	451	924	0	427	1023
185	451	924	0	401	1023
254	451	924	0	350	1023
308	451	924	0	294	1023
386	451	924	124	290	1023
451	451	924	230	285	1023
482	451	924	289	282	1023
513	451	924	353	278	1023
544	451	924	428	275	1023
575	451	924	513	272	1023
606	451	924	610	268	1023
637	451	924	723	264	1023
668	451	924	813	259	1023
800	451	924	1023	237	1023
924	451	924	1023	184	1023
0	482	924	0	505	1023
62	482	924	0	503	1023
123	482	924	0	488	1023
185	482	924	0	462	1023
254	482	924	0	412	1023
308	482	924	0	351	1023
386	482	924	112	336	1023
451	482	924	216	331	1023
482	482	924	278	328	1023
513	482	924	340	324	1023
544	482	924	415	321	1023
575	482	924	500	318	1023
606	482	924	596	314	1023
637	482	924	706	311	1023
668	482	924	803	305	1023
800	482	924	1023	285	1023
924	482	924	1023	220	1023
0	513	924	0	569	1023
62	513	924	0	564	1023
123	513	924	0	552	1023
185	513	924	0	526	1023
254	513	924	0	478	1023
308	513	924	0	420	1023
386	513	924	96	391	1023
451	513	924	205	384	1023
482	513	924	264	381	1023
513	513	924	326	378	1023
544	513	924	398	374	1023
575	513	924	485	371	1023
606	513	924	579	368	1023
637	513	924	689	363	1023
668	513	924	791	358	1023
800	513	924	1023	336	1023
924	513	924	1023	265	1023
0	544	924	0	635	1023
62	544	924	0	631	1023
123	544	924	0	618	1023
185	544	924	0	595	1023
254	544	924	0	550	1023
308	544	924	0	495	1023
386	544	924	82	453	1023
451	544	924	192	447	1023
482	544	924	250	443	1023
513	544	924	313	440	1023
544	544	924	382	436	1023
575	544	924	468	432	1023
606	544	924	563	428	1023
637	544	924	671	423	1023
668	544	924	780	419	1023
800	544	924	1023	394	1023
924	544	924	1023	314	1023
0	575	924	0	704	1023
62	575	924	0	700	1023
123	575	924	0	688	1023
185	575	924	0	669	1023
254	575	924	0	627	1023
308	575	924	0	580	1023
386	575	924	64	526	1023
451	575	924	179	519	1023
482	575	924	234	515	1023
513	575	924	297	513	1023
544	575	924	368	508	1023
575	575	924	451	504	1023
606	575	924	542	500	1023
637	575	924	650	493	1023
668	575	924	766	487	1023
800	575	924	1023	462	1023
924	575	924	1023	369	1023
0	606	924	0	775	1023
62	606	924	0	772	1023
123	606	924	0	763	1023
185	606	924	0	742	1023
254	606	924	0	709	1023
308	606	924	0	665	1023
386	606	924	40	602	1023
451	606	924	163	594	1023
482	606	924	216	591	1023
513	606	924	282	586	1023
544	606	924	351	582	1023
575	606	924	432	579	1023
606	606	924	526	575	1023
637	606	924	628	568	1023
668	606	924	747	563	1023
800	606	924	1023	538	1023
924	606	924	1023	432	1023
0	637	924	0	865	1023
62	637	924	0	861	1023
123	637	924	0	851	1023
185	637	924	0	835	1023
254	637	924	0	802	1023
308	637	924	0	764	1023
386	637	924	4	694	1023
451	637	924	145	683	1023
482	637	924	201	680	1023
513	637	924	264	674	1023
544	637	924	333	671	1023
575	637	924	411	666	1023
606	637	924	504	661	1023
637	637	924	604	655	1023
668	637	924	723	650	1023
800	637	924	1023	623	1023
924	637	924	1023	506	1023
0	668	924	0	947	1023
62	668	924	0	945	1023
123	668	924	0	937	1023
185	668	924	0	922	1023
254	668	924	0	891	1023
308	668	924	0	854	1023
386	668	924	0	782	1023
451	668	924	125	776	1023
482	668	924	185	774	1023
513	668	924	246	770	1023
544	668	924	314	768	1023
575	668	924	391	764	1023
606	668	924	483	761	1023
637	668	924	584	755	1023
668	668	924	700	749	1023
800	668	924	1023	718	1023
924	668	924	1023	589	1023
0	800	924	0	1014	1023
62	800	924	0	1015	1023
123	800	924	0	1016	1023
185	800	924	0	1017	1023
254	800	924	0	1021	1023
308	800	924	0	1023	1023
386	800	924	0	1023	1023
451	800	924	4	1023	1023
482	800	924	92	1023	1023
513	800	924	159	1023	1023
544	800	924	225	1023	1023
575	800	924	298	1023	1023
606	800	924	379	1023	1023
637	800	924	474	1023	1023
668	800	924	582	1023	1023
800	800	924	1003	1017	1023
924	800	924	1023	952	1023
0	924	924	0	1023	1023
62	924	924	0	1023	1023
123	924	924	0	1023	1023
185	924	924	0	1023	1023
254	924	924	0	1023	1023
308	924	924	0	1023	1023
386	924	924	0	1023	1023
451	924	924	0	1023	1023
482	924	924	0	1023	1023
513	924	924	39	1023	1023
544	924	924	118	1023	1023
575	924	924	189	1023	1023
606	924	924	265	1023	1023
637	924	924	345	1023	1023
668	924	924	442	1023	1023
800	924	924	917	1023	1023
924	924	924	1023	1023	1023