0	0	0	0	0	0
62	0	0	82	0	4
123	0	0	110	0	2
185	0	0	153	0	2
254	0	0	219	0	3
308	0	0	281	0	6
386	0	0	387	0	13
451	0	0	500	0	16
482	0	0	572	0	17
513	0	0	647	0	18
544	0	0	732	0	18
575	0	0	824	0	18
606	0	0	923	0	18
637	0	0	984	0	14
668	0	0	995	0	14
800	0	0	1023	0	4
924	0	0	1023	0	4
0	62	0	0	50	0
62	62	0	44	41	0
123	62	0	99	8	0
185	62	0	152	2	0
254	62	0	226	0	1
308	62	0	289	0	2
386	62	0	395	0	5
451	62	0	513	0	11
482	62	0	583	0	13
513	62	0	661	0	15
544	62	0	745	0	16
575	62	0	838	0	16
606	62	0	940	0	16
637	62	0	986	0	13
668	62	0	996	0	13
800	62	0	1023	0	4
924	62	0	1023	0	4
0	123	0	0	78	3
62	123	0	1	77	0
123	123	0	70	68	0
185	123	0	138	56	0
254	123	0	220	41	0
308	123	0	290	27	0
386	123	0	410	6	1
451	123	0	552	0	1
482	123	0	624	0	1
513	123	0	708	0	2
544	123	0	791	0	3
575	123	0	887	0	6
606	123	0	980	0	8
637	123	0	991	0	8
668	123	0	1001	0	9
800	123	0	1023	0	4
924	123	0	1023	0	3
0	185	0	0	123	24
62	185	0	0	122	4
123	185	0	38	119	0
185	185	0	119	114	0
254	185	0	203	100	0
308	185	0	277	88	0
386	185	0	400	70	0
451	185	0	543	55	0
482	185	0	624	47	0
513	185	0	719	38	1
544	185	0	818	28	1
575	185	0	926	19	1
606	185	0	986	11	1
637	185	0	998	2	1
668	185	0	1010	0	1
800	185	0	1023	0	3
924	185	0	1023	0	2
0	254	0	0	183	47
62	254	0	0	183	37
123	254	0	0	179	0
185	254	0	83	176	0
254	254	0	175	168	0
308	254	0	250	157	0
386	254	0	381	140	0
451	254	0	526	127	0
482	254	0	606	121	0
513	254	0	701	115	0
544	254	0	798	108	0
575	254	0	910	100	0
606	254	0	984	92	0
637	254	0	996	84	0
668	254	0	1008	75	1
800	254	0	1023	17	1
924	254	0	1023	22	2
0	308	0	0	233	47
62	308	0	0	231	43
123	308	0	0	230	10
185	308	0	52	228	0
254	308	0	146	222	0
308	308	0	223	214	0
386	308	0	360	200	0
451	308	0	506	187	0
482	308	0	587	181	0
513	308	0	681	175	0
544	308	0	777	168	0
575	308	0	888	160	0
606	308	0	981	152	0
637	308	0	994	144	0
668	308	0	1006	134	0
800	308	0	1023	87	1
924	308	0	1023	74	2
0	386	0	0	322	58
62	386	0	0	322	50
123	386	0	0	323	29
185	386	0	1	324	0
254	386	0	109	320	0
308	386	0	186	316	0
386	386	0	322	306	0
451	386	0	465	296	0
482	386	0	547	290	0
513	386	0	639	284	0
544	386	0	736	275	0
575	386	0	849	265	0
606	386	0	969	256	0
637	386	0	986	246	0
668	386	0	1000	237	0
800	386	0	1023	179	0
924	386	0	1023	139	1
0	451	0	0	420	68
62	451	0	0	420	63
123	451	0	0	422	40
185	451	0	0	428	5
254	451	0	75	428	0
308	451	0	156	424	0
386	451	0	290	414	0
451	451	0	430	406	0
482	451	0	509	397	0
513	451	0	595	390	0
544	451	0	694	382	0
575	451	0	803	374	0
606	451	0	920	363	0
637	451	0	974	352	0
668	451	0	991	341	0
800	451	0	1023	273	0
924	451	0	1023	201	1
0	482	0	0	477	74
62	482	0	0	477	69
123	482	0	0	479	48
185	482	0	0	485	14
254	482	0	56	487	0
308	482	0	142	485	0
386	482	0	274	477	0
451	482	0	409	466	0
482	482	0	488	458	0
513	482	0	576	452	0
544	482	0	672	445	0
575	482	0	777	433	0
606	482	0	897	424	0
637	482	0	967	414	0
668	482	0	985	401	0
800	482	0	1023	325	0
924	482	0	1023	235	0
0	513	0	0	537	79
62	513	0	0	537	74
123	513	0	0	539	55
185	513	0	0	546	21
254	513	0	31	552	0
308	513	0	127	550	0
386	513	0	257	541	0
451	513	0	390	530	0
482	513	0	468	527	0
513	513	0	555	519	0
544	513	0	648	510	0
575	513	0	753	501	0
606	513	0	869	491	0
637	513	0	957	479	0
668	513	0	978	466	0
800	513	0	1023	386	0
924	513	0	1023	273	0
0	544	0	0	600	84
62	544	0	0	600	79
123	544	0	0	605	63
185	544	0	0	612	27
254	544	0	11	621	0
308	544	0	112	617	0
386	544	0	242	611	0
451	544	0	370	601	0
482	544	0	446	596	0
513	544	0	529	590	0
544	544	0	624	581	0
575	544	0	727	573	0
606	544	0	840	564	0
637	544	0	949	552	0
668	544	0	971	539	0
800	544	0	1023	453	0
924	544	0	1023	321	0
0	575	0	0	671	89
62	575	0	0	671	85
123	575	0	0	676	71
185	575	0	0	683	35
254	575	0	0	696	0
308	575	0	94	693	0
386	575	0	223	687	0
451	575	0	351	678	0
482	575	0	423	672	0
513	575	0	504	668	0
544	575	0	600	661	0
575	575	0	701	651	0
606	575	0	813	643	0
637	575	0	939	632	0
668	575	0	964	616	0
800	575	0	1023	529	0
924	575	0	1023	378	0
0	606	0	0	744	96
62	606	0	0	746	92
123	606	0	0	752	78
185	606	0	0	760	47
254	606	0	0	774	2
308	606	0	74	776	0
386	606	0	205	770	0
451	606	0	331	763	0
482	606	0	401	756	0
513	606	0	480	752	0
544	606	0	574	746	0
575	606	0	675	739	0
606	606	0	788	730	0
637	606	0	918	723	0
668	606	0	953	704	0
800	606	0	1023	610	0
924	606	0	1023	442	0
0	637	0	0	825	103
62	637	0	0	828	98
123	637	0	0	832	85
185	637	0	0	845	58
254	637	0	0	862	10
308	637	0	46	871	0
386	637	0	184	864	0
451	637	0	309	857	0
482	637	0	379	853	0
513	637	0	457	845	0
544	637	0	549	841	0
575	637	0	648	834	0
606	637	0	762	828	0
637	637	0	886	817	0
668	637	0	943	798	0
800	637	0	1023	696	0
924	637	0	1023	510	0
0	668	0	0	926	111
62	668	0	0	929	106
123	668	0	0	930	84
185	668	0	0	933	68
254	668	0	0	936	14
308	668	0	13	939	0
386	668	0	164	934	0
451	668	0	287	933	0
482	668	0	354	932	0
513	668	0	433	931	0
544	668	0	521	928	0
575	668	0	615	922	0
606	668	0	725	917	0
637	668	0	845	910	0
668	668	0	921	892	0
800	668	0	1023	791	0
924	668	0	1023	591	0
0	800	0	0	1019	137
62	800	0	0	1019	133
123	800	0	0	1021	116
185	800	0	0	1023	93
254	800	0	0	1023	58
308	800	0	0	1023	12
386	800	0	63	1023	0
451	800	0	179	1023	0
482	800	0	235	1023	0
513	800	0	299	1023	0
544	800	0	370	1023	0
575	800	0	450	1023	0
606	800	0	542	1023	0
637	800	0	643	1023	0
668	800	0	757	1023	0
800	800	0	1023	1023	0
924	800	0	1023	931	0
0	924	0	0	1023	158
62	924	0	0	1023	155
123	924	0	0	1023	145
185	924	0	0	1023	131
254	924	0	0	1023	96
308	924	0	0	1023	68
386	924	0	0	1023	3
451	924	0	89	1023	0
482	924	0	147	1023	0
513	924	0	206	1023	0
544	924	0	270	1023	0
575	924	0	340	1023	0
606	924	0	421	1023	0
637	924	0	515	1023	0
668	924	0	618	1023	0
800	924	0	1009	1023	0
924	924	0	1023	1023	0
0	0	62	0	0	156
62	0	62	75	0	67
123	0	62	108	0	20
185	0	62	152	0	9
254	0	62	219	0	18
308	0	62	281	0	20
386	0	62	387	0	23
451	0	62	500	0	24
482	0	62	570	0	25
513	0	62	647	0	25
544	0	62	732	0	25
575	0	62	824	0	24
606	0	62	923	0	23
637	0	62	984	0	15
668	0	62	995	0	15
800	0	62	1023	0	14
924	0	62	1023	0	7
0	62	62	0	48	47
62	62	62	41	41	41
123	62	62	98	7	23
185	62	62	151	2	4
254	62	62	226	0	5
308	62	62	289	0	12
386	62	62	395	0	17
451	62	62	511	0	21
482	62	62	583	0	22
513	62	62	661	0	22
544	62	62	745	0	23
575	62	62	835	0	22
606	62	62	940	0	21
637	62	62	986	0	15
668	62	62	996	0	15
800	62	62	1023	0	12
924	62	62	1023	0	6
0	123	62	0	78	15
62	123	62	0	77	4
123	123	62	71	68	3
185	123	62	138	56	3
254	123	62	220	41	3
308	123	62	290	27	3
386	123	62	410	5	3
451	123	62	552	0	4
482	123	62	624	0	8
513	123	62	708	0	11
544	123	62	791	0	13
575	123	62	884	0	14
606	123	62	980	0	12
637	123	62	991	0	12
668	123	62	1001	0	13
800	123	62	1023	0	4
924	123	62	1023	0	4
0	185	62	0	123	36
62	185	62	0	122	22
123	185	62	38	119	3
185	185	62	118	113	3
254	185	62	203	100	3
308	185	62	277	88	3
386	185	62	400	70	2
451	185	62	543	55	3
482	185	62	624	47	3
513	185	62	719	38	3
544	185	62	815	28	4
575	185	62	926	19	4
606	185	62	986	11	4
637	185	62	998	2	4
668	185	62	1010	0	4
800	185	62	1023	0	4
924	185	62	1023	0	3
0	254	62	0	183	50
62	254	62	0	182	45
123	254	62	0	179	2
185	254	62	82	176	2
254	254	62	175	168	2
308	254	62	250	157	2
386	254	62	381	140	2
451	254	62	524	127	2
482	254	62	606	121	2
513	254	62	701	115	2
544	254	62	798	108	2
575	254	62	910	100	2
606	254	62	984	92	2
637	254	62	996	84	3
668	254	62	1008	75	3
800	254	62	1023	17	2
924	254	62	1023	21	3
0	308	62	0	231	55
62	308	62	0	231	46
123	308	62	0	230	21
185	308	62	50	228	1
254	308	62	145	222	1
308	308	62	222	213	1
386	308	62	360	200	1
451	308	62	506	187	2
482	308	62	587	181	2
513	308	62	681	175	2
544	308	62	777	168	2
575	308	62	888	160	2
606	308	62	981	152	2
637	308	62	994	144	2
668	308	62	1006	135	2
800	308	62	1023	87	2
924	308	62	1023	73	2
0	386	62	0	320	67
62	386	62	0	321	60
123	386	62	0	323	35
185	386	62	0	326	1
254	386	62	103	322	0
308	386	62	182	316	0
386	386	62	320	307	1
451	386	62	466	294	1
482	386	62	549	290	1
513	386	62	642	282	1
544	386	62	739	274	1
575	386	62	852	264	1
606	386	62	972	255	1
637	386	62	986	245	1
668	386	62	1001	236	1
800	386	62	1023	179	1
924	386	62	1023	138	2
0	451	62	0	418	78
62	451	62	0	420	72
123	451	62	0	422	52
185	451	62	0	426	16
254	451	62	59	429	0
308	451	62	146	426	0
386	451	62	283	416	0
451	451	62	426	406	0
482	451	62	507	397	0
513	451	62	595	390	0
544	451	62	697	381	0
575	451	62	806	372	0
606	451	62	926	362	0
637	451	62	975	350	0
668	451	62	992	338	0
800	451	62	1023	269	1
924	451	62	1023	201	1
0	482	62	0	475	82
62	482	62	0	477	79
123	482	62	0	479	59
185	482	62	0	485	24
254	482	62	33	491	0
308	482	62	130	487	0
386	482	62	266	479	0
451	482	62	403	466	0
482	482	62	483	458	0
513	482	62	573	452	0
544	482	62	672	443	0
575	482	62	781	431	0
606	482	62	900	422	0
637	482	62	968	409	0
668	482	62	987	397	0
800	482	62	1023	319	0
924	482	62	1023	235	1
0	513	62	0	535	89
62	513	62	0	537	84
123	513	62	0	539	67
185	513	62	0	546	28
254	513	62	11	556	0
308	513	62	113	552	0
386	513	62	247	543	0
451	513	62	382	533	0
482	513	62	459	527	0
513	513	62	548	519	0
544	513	62	646	508	0
575	513	62	753	499	0
606	513	62	873	489	0
637	513	62	958	475	0
668	513	62	980	461	0
800	513	62	1023	378	0
924	513	62	1023	273	1
0	544	62	0	598	95
62	544	62	0	600	90
123	544	62	0	603	75
185	544	62	0	610	40
254	544	62	0	624	0
308	544	62	95	621	0
386	544	62	229	613	0
451	544	62	360	603	0
482	544	62	436	598	0
513	544	62	522	591	0
544	544	62	619	582	0
575	544	62	724	573	0
606	544	62	840	561	0
637	544	62	950	550	0
668	544	62	973	536	0
800	544	62	1023	444	0
924	544	62	1023	314	0
0	575	62	0	668	100
62	575	62	0	671	96
123	575	62	0	673	80
185	575	62	0	683	50
254	575	62	0	696	2
308	575	62	75	698	0
386	575	62	209	690	0
451	575	62	340	681	0
482	575	62	412	675	0
513	575	62	494	671	0
544	575	62	589	662	0
575	575	62	695	654	0
606	575	62	810	643	0
637	575	62	939	632	0
668	575	62	964	613	0
800	575	62	1023	520	0
924	575	62	1023	364	0
0	606	62	0	744	106
62	606	62	0	746	102
123	606	62	0	749	88
185	606	62	0	760	61
254	606	62	0	774	11
308	606	62	48	782	0
386	606	62	188	773	0
451	606	62	317	766	0
482	606	62	388	762	0
513	606	62	468	755	0
544	606	62	562	749	0
575	606	62	667	740	0
606	606	62	781	733	0
637	606	62	911	723	0
668	606	62	953	704	0
800	606	62	1023	602	0
924	606	62	1023	426	0
0	637	62	0	825	113
62	637	62	0	828	109
123	637	62	0	832	95
185	637	62	0	845	71
254	637	62	0	862	18
308	637	62	16	875	0
386	637	62	169	867	0
451	637	62	295	860	0
482	637	62	364	857	0
513	637	62	444	852	0
544	637	62	537	845	0
575	637	62	636	837	0
606	637	62	752	828	0
637	637	62	882	820	0
668	637	62	941	798	0
800	637	62	1023	692	0
924	637	62	1023	502	0
0	668	62	0	926	120
62	668	62	0	926	116
123	668	62	0	930	96
185	668	62	0	932	67
254	668	62	0	936	16
308	668	62	0	940	0
386	668	62	149	935	0
451	668	62	271	934	0
482	668	62	342	933	0
513	668	62	418	932	0
544	668	62	507	929	0
575	668	62	605	923	0
606	668	62	713	918	0
637	668	62	835	910	0
668	668	62	919	894	0
800	668	62	1023	787	0
924	668	62	1023	579	0
0	800	62	0	1019	150
62	800	62	0	1019	146
123	800	62	0	1020	129
185	800	62	0	1022	120
254	800	62	0	1023	67
308	800	62	0	1023	26
386	800	62	41	1023	0
451	800	62	167	1023	0
482	800	62	221	1023	0
513	800	62	287	1023	0
544	800	62	356	1023	0
575	800	62	437	1023	0
606	800	62	529	1023	0
637	800	62	632	1023	0
668	800	62	746	1023	0
800	800	62	1023	1023	0
924	800	62	1023	929	0
0	924	62	0	1023	167
62	924	62	0	1023	164
123	924	62	0	1023	153
185	924	62	0	1023	139
254	924	62	0	1023	104
308	924	62	0	1023	75
386	924	62	0	1023	4
451	924	62	74	1023	0
482	924	62	134	1023	0
513	924	62	193	1023	0
544	924	62	258	1023	0
575	924	62	326	1023	0
606	924	62	405	1023	0
637	924	62	498	1023	0
668	924	62	599	1023	0
800	924	62	1001	1023	0
924	924	62	1023	1023	0
0	0	123	0	0	172
62	0	123	53	0	139
123	0	123	103	0	88
185	0	123	151	0	67
254	0	123	218	0	60
308	0	123	280	0	56
386	0	123	385	0	52
451	0	123	498	0	52
482	0	123	568	0	52
513	0	123	645	0	52
544	0	123	729	0	52
575	0	123	821	0	52
606	0	123	920	0	52
637	0	123	984	0	48
668	0	123	995	0	48
800	0	123	1023	0	41
924	0	123	1023	0	36
0	62	123	0	42	120
62	62	123	31	34	112
123	62	123	94	3	83
185	62	123	149	2	65
254	62	123	225	0	55
308	62	123	288	0	51
386	62	123	394	0	48
451	62	123	511	0	49
482	62	123	581	0	50
513	62	123	658	0	50
544	62	123	743	0	50
575	62	123	835	0	50
606	62	123	936	0	49
637	62	123	985	0	45
668	62	123	996	0	47
800	62	123	1023	0	39
924	62	123	1023	0	34
0	123	123	0	76	60
62	123	123	0	75	73
123	123	123	67	67	67
185	123	123	136	56	66
254	123	123	218	40	54
308	123	123	289	27	48
386	123	123	409	4	41
451	123	123	550	0	38
482	123	123	621	0	38
513	123	123	706	0	40
544	123	123	788	0	40
575	123	123	884	0	40
606	123	123	980	0	38
637	123	123	990	0	38
668	123	123	1001	0	38
800	123	123	1023	0	33
924	123	123	1023	0	29
0	185	123	0	122	66
62	185	123	0	122	58
123	185	123	34	119	56
185	185	123	116	114	51
254	185	123	202	100	55
308	185	123	275	88	48
386	185	123	399	70	42
451	185	123	541	55	36
482	185	123	621	46	35
513	185	123	716	37	33
544	185	123	815	28	32
575	185	123	926	19	29
606	185	123	986	11	27
637	185	123	998	2	25
668	185	123	1009	0	23
800	185	123	1023	0	22
924	185	123	1023	0	18
0	254	123	0	182	80
62	254	123	0	181	72
123	254	123	0	179	46
185	254	123	81	176	45
254	254	123	174	168	42
308	254	123	249	157	45
386	254	123	379	139	39
451	254	123	524	127	35
482	254	123	606	120	34
513	254	123	699	115	33
544	254	123	795	107	28
575	254	123	910	100	26
606	254	123	984	92	25
637	254	123	996	83	22
668	254	123	1008	75	21
800	254	123	1023	17	10
924	254	123	1023	21	13
0	308	123	0	230	86
62	308	123	0	230	79
123	308	123	0	229	53
185	308	123	47	228	38
254	308	123	144	220	37
308	308	123	221	213	34
386	308	123	359	199	36
451	308	123	504	187	33
482	308	123	587	181	32
513	308	123	681	175	31
544	308	123	774	167	29
575	308	123	888	160	25
606	308	123	980	152	19
637	308	123	994	143	18
668	308	123	1006	135	18
800	308	123	1023	87	8
924	308	123	1023	72	12
0	386	123	0	319	95
62	386	123	0	319	89
123	386	123	0	320	72
185	386	123	0	324	32
254	386	123	102	320	28
308	386	123	181	316	29
386	386	123	320	307	28
451	386	123	466	294	30
482	386	123	547	289	29
513	386	123	639	282	28
544	386	123	739	274	27
575	386	123	849	264	25
606	386	123	972	255	22
637	386	123	986	245	20
668	386	123	1000	236	20
800	386	123	1023	179	8
924	386	123	1023	138	7
0	451	123	0	416	109
62	451	123	0	416	104
123	451	123	0	420	86
185	451	123	0	426	52
254	451	123	57	428	24
308	451	123	145	426	23
386	451	123	283	416	24
451	451	123	426	406	23
482	451	123	507	397	23
513	451	123	595	390	24
544	451	123	697	381	22
575	451	123	806	371	21
606	451	123	926	362	20
637	451	123	975	350	18
668	451	123	992	338	17
800	451	123	1023	270	8
924	451	123	1023	200	4
0	482	123	0	473	114
62	482	123	0	475	110
123	482	123	0	477	94
185	482	123	0	483	61
254	482	123	27	491	20
308	482	123	126	487	20
386	482	123	263	479	21
451	482	123	401	466	20
482	482	123	483	458	19
513	482	123	573	452	20
544	482	123	672	443	20
575	482	123	781	431	19
606	482	123	900	422	18
637	482	123	968	409	15
668	482	123	987	397	15
800	482	123	1023	319	5
924	482	123	1023	234	4
0	513	123	0	533	120
62	513	123	0	535	115
123	513	123	0	537	100
185	513	123	0	546	70
254	513	123	1	556	17
308	513	123	106	552	17
386	513	123	242	543	17
451	513	123	378	533	17
482	513	123	457	527	17
513	513	123	546	519	17
544	513	123	643	508	16
575	513	123	753	499	16
606	513	123	873	489	16
637	513	123	958	475	14
668	513	123	980	461	14
800	513	123	1023	377	5
924	513	123	1023	273	3
0	544	123	0	596	125
62	544	123	0	598	121
123	544	123	0	600	107
185	544	123	0	610	78
254	544	123	0	624	23
308	544	123	82	624	13
386	544	123	219	616	14
451	544	123	354	606	14
482	544	123	430	599	14
513	544	123	517	591	14
544	544	123	614	582	14
575	544	123	722	571	14
606	544	123	840	561	14
637	544	123	950	550	13
668	544	123	973	534	12
800	544	123	1023	444	5
924	544	123	1023	313	3
0	575	123	0	666	130
62	575	123	0	668	126
123	575	123	0	673	112
185	575	123	0	681	85
254	575	123	0	696	32
308	575	123	50	701	11
386	575	123	196	693	11
451	575	123	329	684	11
482	575	123	402	678	11
513	575	123	486	671	11
544	575	123	584	664	11
575	575	123	690	654	11
606	575	123	807	643	11
637	575	123	939	630	11
668	575	123	964	613	11
800	575	123	1023	517	5
924	575	123	1023	363	3
0	606	123	0	741	135
62	606	123	0	744	128
123	606	123	0	749	117
185	606	123	0	757	93
254	606	123	0	774	45
308	606	123	14	784	8
386	606	123	171	779	8
451	606	123	302	769	8
482	606	123	373	766	8
513	606	123	456	757	9
544	606	123	552	753	9
575	606	123	655	743	9
606	606	123	775	733	9
637	606	123	908	723	9
668	606	123	953	704	9
800	606	123	1023	596	3
924	606	123	1023	423	2
0	637	123	0	822	142
62	637	123	0	825	137
123	637	123	0	828	123
185	637	123	0	842	101
254	637	123	0	862	57
308	637	123	0	882	8
386	637	123	147	873	5
451	637	123	275	867	6
482	637	123	347	860	6
513	637	123	428	855	6
544	637	123	520	848	6
575	637	123	623	841	6
606	637	123	740	832	6
637	637	123	872	821	6
668	637	123	941	799	4
800	637	123	1023	688	2
924	637	123	1023	493	2
0	668	123	0	920	149
62	668	123	0	924	145
123	668	123	0	928	131
185	668	123	0	932	103
254	668	123	0	936	68
308	668	123	0	940	13
386	668	123	120	938	1
451	668	123	248	935	1
482	668	123	319	935	1
513	668	123	395	934	2
544	668	123	486	932	2
575	668	123	587	926	2
606	668	123	698	919	2
637	668	123	821	912	2
668	668	123	916	895	2
800	668	123	1023	783	2
924	668	123	1023	570	2
0	800	123	0	1018	163
62	800	123	0	1019	159
123	800	123	0	1020	170
185	800	123	0	1022	139
254	800	123	0	1023	93
308	800	123	0	1023	58
386	800	123	0	1023	1
451	800	123	123	1023	0
482	800	123	185	1023	0
513	800	123	248	1023	0
544	800	123	317	1023	0
575	800	123	397	1023	0
606	800	123	489	1023	0
637	800	123	592	1023	0
668	800	123	712	1023	0
800	800	123	1023	1023	0
924	800	123	1023	925	0
0	924	123	0	1023	193
62	924	123	0	1023	190
123	924	123	0	1023	180
185	924	123	0	1023	161
254	924	123	0	1023	134
308	924	123	0	1023	97
386	924	123	0	1023	37
451	924	123	4	1023	0
482	924	123	89	1023	0
513	924	123	152	1023	0
544	924	123	213	1023	0
575	924	123	284	1023	0
606	924	123	361	1023	0
637	924	123	451	1023	0
668	924	123	554	1023	0
800	924	123	980	1023	0
924	924	123	1023	1023	0
0	0	185	0	5	203
62	0	185	25	0	194
123	0	185	91	0	152
185	0	185	145	0	115
254	0	185	216	0	111
308	0	185	277	0	104
386	0	185	382	0	98
451	0	185	494	0	96
482	0	185	565	0	96
513	0	185	640	0	97
544	0	185	727	0	97
575	0	185	815	0	97
606	0	185	916	0	96
637	0	185	983	0	94
668	0	185	994	0	94
800	0	185	1023	0	82
924	0	185	1023	0	74
0	62	185	0	26	169
62	62	185	9	15	172
123	62	185	85	3	145
185	62	185	144	2	122
254	62	185	222	0	110
308	62	185	285	0	102
386	62	185	390	0	95
451	62	185	507	0	94
482	62	185	576	0	94
513	62	185	655	0	95
544	62	185	740	0	95
575	62	185	830	0	95
606	62	185	930	0	94
637	62	185	985	0	92
668	62	185	996	0	92
800	62	185	1023	0	81
924	62	185	1023	0	72
0	123	185	0	74	121
62	123	185	0	71	131
123	123	185	61	65	127
185	123	185	132	55	119
254	123	185	216	39	109
308	123	185	286	26	99
386	123	185	407	3	89
451	123	185	548	0	86
482	123	185	619	0	86
513	123	185	703	0	87
544	123	185	785	0	87
575	123	185	880	0	87
606	123	185	979	0	86
637	123	185	990	0	86
668	123	185	1000	0	86
800	123	185	1023	0	77
924	123	185	1023	0	67
0	185	185	0	121	115
62	185	185	0	120	115
123	185	185	28	118	115
185	185	185	113	113	113
254	185	185	199	99	112
308	185	185	274	87	101
386	185	185	397	69	88
451	185	185	539	54	84
482	185	185	619	46	84
513	185	185	714	37	83
544	185	185	812	27	81
575	185	185	923	19	80
606	185	185	985	10	77
637	185	185	997	2	76
668	185	185	1009	0	74
800	185	185	1023	0	67
924	185	185	1023	0	58
0	254	185	0	179	114
62	254	185	0	179	110
123	254	185	0	178	101
185	254	185	78	175	98
254	254	185	172	168	94
308	254	185	248	157	99
386	254	185	378	140	89
451	254	185	522	127	84
482	254	185	604	120	83
513	254	185	696	115	82
544	254	185	795	107	80
575	254	185	907	100	78
606	254	185	984	92	76
637	254	185	996	83	75
668	254	185	1008	74	73
800	254	185	1023	17	57
924	254	185	1023	19	53
0	308	185	0	228	121
62	308	185	0	228	117
123	308	185	0	228	99
185	308	185	43	228	88
254	308	185	142	221	87
308	308	185	220	213	84
386	308	185	357	199	86
451	308	185	501	187	82
482	308	185	585	180	81
513	308	185	679	174	81
544	308	185	774	167	79
575	308	185	885	160	76
606	308	185	980	152	72
637	308	185	993	143	71
668	308	185	1006	134	70
800	308	185	1023	87	56
924	308	185	1023	72	52
0	386	185	0	316	136
62	386	185	0	317	131
123	386	185	0	319	116
185	386	185	0	323	84
254	386	185	100	320	79
308	386	185	180	316	79
386	386	185	319	305	77
451	386	185	464	294	80
482	386	185	545	287	78
513	386	185	637	281	77
544	386	185	737	273	77
575	386	185	849	264	75
606	386	185	969	254	74
637	386	185	986	245	71
668	386	185	1000	236	71
800	386	185	1023	179	58
924	386	185	1023	137	50
0	451	185	0	414	146
62	451	185	0	414	142
123	451	185	0	418	129
185	451	185	0	424	101
254	451	185	54	428	74
308	451	185	143	424	74
386	451	185	281	417	74
451	451	185	424	406	73
482	451	185	505	397	73
513	451	185	593	389	75
544	451	185	695	381	73
575	451	185	803	371	71
606	451	185	923	360	71
637	451	185	974	349	68
668	451	185	992	338	68
800	451	185	1023	270	56
924	451	185	1023	200	45
0	482	185	0	471	153
62	482	185	0	471	149
123	482	185	0	475	136
185	482	185	0	481	109
254	482	185	25	491	71
308	482	185	125	487	71
386	482	185	262	477	71
451	482	185	399	467	70
482	482	185	481	458	69
513	482	185	571	452	70
544	482	185	669	444	71
575	482	185	777	431	69
606	482	185	897	422	68
637	482	185	968	409	65
668	482	185	986	397	65
800	482	185	1023	319	49
924	482	185	1023	232	42
0	513	185	0	531	159
62	513	185	0	531	154
123	513	185	0	535	139
185	513	185	0	544	116
254	513	185	0	556	67
308	513	185	104	552	67
386	513	185	241	543	67
451	513	185	377	533	67
482	513	185	455	527	67
513	513	185	546	519	67
544	513	185	643	508	66
575	513	185	751	499	67
606	513	185	869	487	66
637	513	185	958	475	63
668	513	185	980	461	63
800	513	185	1023	377	49
924	513	185	1023	272	38
0	544	185	0	593	165
62	544	185	0	593	161
123	544	185	0	598	146
185	544	185	0	607	122
254	544	185	0	621	78
308	544	185	79	624	64
386	544	185	218	616	64
451	544	185	352	606	64
482	544	185	428	599	64
513	544	185	515	591	63
544	544	185	614	582	63
575	544	185	722	571	63
606	544	185	837	562	63
637	544	185	949	550	61
668	544	185	973	534	61
800	544	185	1023	442	48
924	544	185	1023	313	33
0	575	185	0	663	170
62	575	185	0	663	168
123	575	185	0	668	153
185	575	185	0	678	129
254	575	185	0	693	86
308	575	185	47	701	60
386	575	185	193	693	59
451	575	185	327	682	60
482	575	185	400	678	60
513	575	185	484	671	60
544	575	185	582	662	59
575	575	185	690	654	59
606	575	185	807	641	60
637	575	185	938	630	59
668	575	185	964	613	59
800	575	185	1023	517	48
924	575	185	1023	363	31
0	606	185	0	738	179
62	606	185	0	738	175
123	606	185	0	744	159
185	606	185	0	755	133
254	606	185	0	771	95
308	606	185	12	784	55
386	606	185	169	779	56
451	606	185	300	769	56
482	606	185	371	766	56
513	606	185	454	757	56
544	606	185	550	750	56
575	606	185	655	743	56
606	606	185	772	733	56
637	606	185	908	723	55
668	606	185	953	702	56
800	606	185	1023	597	45
924	606	185	1023	424	30
0	637	185	0	820	182
62	637	185	0	820	177
123	637	185	0	825	166
185	637	185	0	838	142
254	637	185	0	859	104
308	637	185	0	882	59
386	637	185	145	873	52
451	637	185	272	867	51
482	637	185	346	860	52
513	637	185	426	855	52
544	637	185	520	848	52
575	637	185	621	841	52
606	637	185	740	832	52
637	637	185	868	821	51
668	637	185	940	799	45
800	637	185	1023	686	42
924	637	185	1023	493	29
0	668	185	0	915	189
62	668	185	0	915	186
123	668	185	0	922	174
185	668	185	0	929	139
254	668	185	0	935	108
308	668	185	0	940	57
386	668	185	118	938	40
451	668	185	247	935	42
482	668	185	317	935	42
513	668	185	393	934	43
544	668	185	484	932	43
575	668	185	585	926	42
606	668	185	695	919	43
637	668	185	821	912	41
668	668	185	915	896	37
800	668	185	1023	783	39
924	668	185	1023	572	27
0	800	185	0	1017	219
62	800	185	0	1018	214
123	800	185	0	1019	199
185	800	185	0	1022	172
254	800	185	0	1023	132
308	800	185	0	1023	99
386	800	185	0	1023	29
451	800	185	120	1023	17
482	800	185	182	1023	18
513	800	185	245	1023	18
544	800	185	315	1023	19
575	800	185	395	1023	19
606	800	185	487	1023	20
637	800	185	590	1023	20
668	800	185	709	1023	20
800	800	185	1023	1023	22
924	800	185	1023	925	18
0	924	185	0	1023	227
62	924	185	0	1023	223
123	924	185	0	1023	220
185	924	185	0	1023	203
254	924	185	0	1023	171
308	924	185	0	1023	136
386	924	185	0	1023	79
451	924	185	0	1023	4
482	924	185	63	1023	4
513	924	185	129	1023	4
544	924	185	194	1023	4
575	924	185	264	1023	4
606	924	185	339	1023	4
637	924	185	428	1023	4
668	924	185	531	1023	4
800	924	185	970	1023	4
924	924	185	1023	1023	5
0	0	254	0	4	232
62	0	254	0	0	241
123	0	254	73	0	219
185	0	254	137	0	184
254	0	254	211	0	172
308	0	254	273	0	158
386	0	254	378	0	156
451	0	254	489	0	151
482	0	254	561	0	151
513	0	254	637	0	150
544	0	254	722	0	150
575	0	254	812	0	149
606	0	254	910	0	148
637	0	254	983	0	144
668	0	254	994	0	144
800	0	254	1023	0	129
924	0	254	1023	0	115
0	62	254	0	16	213
62	62	254	0	4	229
123	62	254	67	2	215
185	62	254	136	1	199
254	62	254	216	0	183
308	62	254	281	0	160
386	62	254	387	0	156
451	62	254	502	0	150
482	62	254	572	0	150
513	62	254	650	0	149
544	62	254	735	0	149
575	62	254	824	0	148
606	62	254	926	0	147
637	62	254	984	0	143
668	62	254	995	0	143
800	62	254	1023	0	128
924	62	254	1023	0	114
0	123	254	0	71	180
62	123	254	0	68	195
123	123	254	49	61	204
185	123	254	125	51	195
254	123	254	211	38	182
308	123	254	282	24	170
386	123	254	403	2	154
451	123	254	546	0	147
482	123	254	614	0	144
513	123	254	698	0	144
544	123	254	780	0	143
575	123	254	874	0	142
606	123	254	976	0	141
637	123	254	989	0	138
668	123	254	1000	0	138
800	123	254	1023	0	124
924	123	254	1023	0	108
0	185	254	0	119	166
62	185	254	0	118	174
123	185	254	15	116	173
185	185	254	107	110	188
254	185	254	194	97	176
308	185	254	269	86	166
386	185	254	394	68	153
451	185	254	537	54	146
482	185	254	616	45	142
513	185	254	711	35	141
544	185	254	809	26	139
575	185	254	920	18	136
606	185	254	985	9	132
637	185	254	997	2	130
668	185	254	1009	0	127
800	185	254	1023	0	114
924	185	254	1023	0	96
0	254	254	0	176	167
62	254	254	0	176	168
123	254	254	0	176	171
185	254	254	73	174	170
254	254	254	168	168	168
308	254	254	243	156	169
386	254	254	374	139	155
451	254	254	520	126	145
482	254	254	599	120	142
513	254	254	693	114	140
544	254	254	787	107	137
575	254	254	903	99	135
606	254	254	983	91	132
637	254	254	995	83	129
668	254	254	1007	74	126
800	254	254	1023	15	104
924	254	254	1023	16	92
0	308	254	0	225	161
62	308	254	0	225	160
123	308	254	0	227	153
185	308	254	37	227	158
254	308	254	138	221	154
308	308	254	215	212	148
386	308	254	353	199	151
451	308	254	499	186	144
482	308	254	580	180	142
513	308	254	673	174	140
544	308	254	769	167	138
575	308	254	882	159	132
606	308	254	980	151	131
637	308	254	993	143	128
668	308	254	1006	134	125
800	308	254	1023	86	103
924	308	254	1023	70	91
0	386	254	0	314	179
62	386	254	0	314	177
123	386	254	0	316	167
185	386	254	0	322	142
254	386	254	95	320	143
308	386	254	177	316	143
386	386	254	314	305	139
451	386	254	460	293	143
482	386	254	542	287	140
513	386	254	634	281	138
544	386	254	733	273	136
575	386	254	842	264	134
606	386	254	965	254	131
637	386	254	986	244	127
668	386	254	1000	235	126
800	386	254	1023	178	106
924	386	254	1023	136	89
0	451	254	0	411	195
62	451	254	0	413	193
123	451	254	0	414	182
185	451	254	0	422	159
254	451	254	49	428	135
308	451	254	139	424	135
386	451	254	278	414	136
451	451	254	419	405	134
482	451	254	501	396	136
513	451	254	590	389	135
544	451	254	692	381	132
575	451	254	799	371	130
606	451	254	919	360	128
637	451	254	974	349	125
668	451	254	991	338	125
800	451	254	1023	269	106
924	451	254	1023	199	87
0	482	254	0	467	201
62	482	254	0	469	197
123	482	254	0	473	188
185	482	254	0	479	166
254	482	254	20	489	133
308	482	254	121	487	133
386	482	254	259	476	132
451	482	254	395	467	131
482	482	254	477	458	130
513	482	254	567	452	129
544	482	254	667	442	131
575	482	254	774	431	129
606	482	254	893	420	126
637	482	254	967	408	121
668	482	254	986	395	121
800	482	254	1023	318	97
924	482	254	1023	231	84
0	513	254	0	527	212
62	513	254	0	529	205
123	513	254	0	533	192
185	513	254	0	541	173
254	513	254	0	554	130
308	513	254	100	552	129
386	513	254	237	543	128
451	513	254	374	533	127
482	513	254	450	527	126
513	513	254	541	519	126
544	513	254	638	509	125
575	513	254	748	499	127
606	513	254	864	487	124
637	513	254	958	475	121
668	513	254	979	461	120
800	513	254	1023	377	99
924	513	254	1023	270	81
0	544	254	0	589	221
62	544	254	0	591	216
123	544	254	0	596	199
185	544	254	0	605	180
254	544	254	0	619	136
308	544	254	76	621	125
386	544	254	215	616	125
451	544	254	349	606	125
482	544	254	425	599	124
513	544	254	510	591	123
544	544	254	609	582	121
575	544	254	716	572	122
606	544	254	833	562	123
637	544	254	949	548	119
668	544	254	972	534	118
800	544	254	1023	443	100
924	544	254	1023	311	78
0	575	254	0	661	227
62	575	254	0	661	223
123	575	254	0	666	206
185	575	254	0	676	181
254	575	254	0	691	144
308	575	254	42	701	121
386	575	254	190	692	121
451	575	254	324	682	121
482	575	254	396	677	120
513	575	254	480	671	120
544	575	254	577	662	119
575	575	254	684	652	118
606	575	254	801	641	117
637	575	254	937	630	117
668	575	254	963	614	117
800	575	254	1023	517	101
924	575	254	1023	363	78
0	606	254	0	736	232
62	606	254	0	736	230
123	606	254	0	741	216
185	606	254	0	752	190
254	606	254	0	768	152
308	606	254	8	784	117
386	606	254	166	778	116
451	606	254	297	769	116
482	606	254	368	763	117
513	606	254	452	757	116
544	606	254	548	750	116
575	606	254	650	740	115
606	606	254	769	731	115
637	606	254	901	721	116
668	606	254	952	702	115
800	606	254	1023	598	100
924	606	254	1023	423	77
0	637	254	0	817	239
62	637	254	0	817	235
123	637	254	0	822	224
185	637	254	0	835	199
254	637	254	0	854	161
308	637	254	0	879	120
386	637	254	143	873	112
451	637	254	269	867	112
482	637	254	343	860	113
513	637	254	422	855	113
544	637	254	516	848	113
575	637	254	618	838	113
606	637	254	734	832	113
637	637	254	865	821	112
668	637	254	939	800	103
800	637	254	1023	687	100
924	637	254	1023	493	77
0	668	254	0	912	246
62	668	254	0	912	243
123	668	254	0	919	232
185	668	254	0	926	189
254	668	254	0	931	167
308	668	254	0	939	111
386	668	254	115	937	105
451	668	254	244	935	105
482	668	254	314	935	106
513	668	254	390	933	106
544	668	254	481	932	106
575	668	254	581	925	106
606	668	254	693	919	106
637	668	254	814	913	105
668	668	254	914	896	97
800	668	254	1023	784	98
924	668	254	1023	572	76
0	800	254	0	1016	262
62	800	254	0	1017	257
123	800	254	0	1019	239
185	800	254	0	1021	250
254	800	254	0	1023	184
308	800	254	0	1023	148
386	800	254	0	1023	91
451	800	254	117	1023	82
482	800	254	179	1023	82
513	800	254	242	1023	83
544	800	254	312	1023	83
575	800	254	392	1023	83
606	800	254	485	1023	82
637	800	254	588	1023	83
668	800	254	706	1023	82
800	800	254	1023	1023	81
924	800	254	1023	925	74
0	924	254	0	1023	293
62	924	254	0	1023	288
123	924	254	0	1023	278
185	924	254	0	1023	257
254	924	254	0	1023	220
308	924	254	0	1023	190
386	924	254	0	1023	131
451	924	254	0	1023	73
482	924	254	60	1023	68
513	924	254	126	1023	68
544	924	254	192	1023	68
575	924	254	261	1023	69
606	924	254	337	1023	69
637	924	254	424	1023	70
668	924	254	528	1023	70
800	924	254	968	1023	72
924	924	254	1023	1023	71
0	0	308	0	2	269
62	0	308	0	0	284
123	0	308	60	0	276
185	0	308	131	0	249
254	0	308	207	0	232
308	0	308	270	0	214
386	0	308	376	0	202
451	0	308	487	0	198
482	0	308	559	0	200
513	0	308	632	0	200
544	0	308	719	0	200
575	0	308	805	0	199
606	0	308	907	0	198
637	0	308	982	0	195
668	0	308	993	0	194
800	0	308	1023	0	178
924	0	308	1023	0	155
0	62	308	0	13	257
62	62	308	0	3	281
123	62	308	52	2	279
185	62	308	129	0	270
254	62	308	211	0	240
308	62	308	276	0	218
386	62	308	384	0	204
451	62	308	500	0	199
482	62	308	570	0	201
513	62	308	645	0	199
544	62	308	732	0	199
575	62	308	820	0	198
606	62	308	920	0	197
637	62	308	984	0	194
668	62	308	995	0	193
800	62	308	1023	0	177
924	62	308	1023	0	153
0	123	308	0	69	234
62	123	308	0	64	252
123	123	308	36	57	272
185	123	308	118	49	265
254	123	308	204	35	248
308	123	308	277	22	233
386	123	308	400	2	214
451	123	308	539	0	203
482	123	308	610	0	200
513	123	308	692	0	198
544	123	308	777	0	196
575	123	308	868	0	196
606	123	308	972	0	193
637	123	308	989	0	190
668	123	308	1000	0	189
800	123	308	1023	0	171
924	123	308	1023	0	147
0	185	308	0	118	212
62	185	308	0	117	223
123	185	308	3	113	237
185	185	308	99	107	255
254	185	308	189	96	243
308	185	308	265	85	231
386	185	308	391	67	211
451	185	308	532	52	202
482	185	308	612	44	199
513	185	308	708	34	197
544	185	308	806	25	194
575	185	308	916	17	190
606	185	308	985	8	185
637	185	308	997	2	182
668	185	308	1008	0	179
800	185	308	1023	0	161
924	185	308	1023	0	135
0	254	308	0	175	206
62	254	308	0	175	210
123	254	308	0	176	228
185	254	308	66	173	219
254	254	308	162	165	232
308	254	308	239	154	222
386	254	308	371	139	208
451	254	308	514	125	200
482	254	308	596	120	198
513	254	308	691	113	196
544	254	308	784	107	193
575	254	308	900	99	190
606	254	308	983	90	185
637	254	308	995	82	181
668	254	308	1007	73	178
800	254	308	1023	14	150
924	254	308	1023	14	130
0	308	308	0	224	209
62	308	308	0	224	211
123	308	308	0	225	213
185	308	308	30	225	218
254	308	308	134	218	214
308	308	308	211	211	211
386	308	308	350	198	209
451	308	308	493	186	199
482	308	308	578	179	196
513	308	308	669	173	194
544	308	308	766	166	192
575	308	308	878	158	188
606	308	308	980	150	184
637	308	308	993	142	182
668	308	308	1005	133	178
800	308	308	1023	86	150
924	308	308	1023	69	129
0	386	308	0	311	217
62	386	308	0	313	216
123	386	308	0	316	210
185	386	308	0	320	197
254	386	308	91	320	199
308	386	308	173	314	199
386	386	308	310	305	195
451	386	308	455	293	199
482	386	308	538	286	195
513	386	308	631	281	193
544	386	308	730	273	191
575	386	308	837	263	188
606	386	308	962	254	186
637	386	308	985	244	180
668	386	308	1000	235	179
800	386	308	1023	178	150
924	386	308	1023	134	126
0	451	308	0	409	239
62	451	308	0	411	236
123	451	308	0	413	229
185	451	308	0	420	210
254	451	308	43	428	192
308	451	308	136	424	191
386	451	308	275	415	191
451	451	308	416	403	189
482	451	308	499	396	192
513	451	308	586	389	191
544	451	308	686	380	188
575	451	308	795	371	186
606	451	308	915	361	183
637	451	308	973	350	177
668	451	308	991	337	177
800	451	308	1023	269	154
924	451	308	1023	198	123
0	482	308	0	465	249
62	482	308	0	467	244
123	482	308	0	471	236
185	482	308	0	477	218
254	482	308	14	489	188
308	482	308	118	485	188
386	482	308	256	476	188
451	482	308	392	463	187
482	482	308	472	457	184
513	482	308	564	450	188
544	482	308	662	442	186
575	482	308	768	432	181
606	482	308	890	421	179
637	482	308	966	408	174
668	482	308	985	395	173
800	482	308	1023	319	142
924	482	308	1023	230	121
0	513	308	0	525	259
62	513	308	0	527	253
123	513	308	0	531	244
185	513	308	0	539	225
254	513	308	0	554	188
308	513	308	97	552	184
386	513	308	235	543	182
451	513	308	371	531	183
482	513	308	446	527	183
513	513	308	539	520	181
544	513	308	635	509	179
575	513	308	743	497	181
606	513	308	861	487	178
637	513	308	957	474	173
668	513	308	979	462	172
800	513	308	1023	378	146
924	513	308	1023	270	118
0	544	308	0	589	266
62	544	308	0	589	263
123	544	308	0	593	249
185	544	308	0	603	230
254	544	308	0	619	190
308	544	308	71	621	180
386	544	308	212	614	180
451	544	308	346	604	180
482	544	308	421	599	178
513	544	308	508	591	177
544	544	308	606	582	176
575	544	308	713	572	174
606	544	308	830	562	176
637	544	308	948	548	172
668	544	308	972	534	171
800	544	308	1023	443	148
924	544	308	1023	311	114
0	575	308	0	658	273
62	575	308	0	658	271
123	575	308	0	663	256
185	575	308	0	673	236
254	575	308	0	691	197
308	575	308	36	701	175
386	575	308	186	692	175
451	575	308	321	681	174
482	575	308	395	674	172
513	575	308	478	670	173
544	575	308	574	662	172
575	575	308	682	652	171
606	575	308	798	641	169
637	575	308	934	630	172
668	575	308	963	612	169
800	575	308	1023	518	149
924	575	308	1023	364	115
0	606	308	0	733	273
62	606	308	0	733	275
123	606	308	0	738	266
185	606	308	0	749	243
254	606	308	0	768	206
308	606	308	3	784	169
386	606	308	163	775	170
451	606	308	294	768	169
482	606	308	366	762	169
513	606	308	448	757	169
544	606	308	543	750	168
575	606	308	647	740	168
606	606	308	766	731	167
637	606	308	898	721	167
668	606	308	951	702	167
800	606	308	1023	598	148
924	606	308	1023	424	115
0	637	308	0	814	283
62	637	308	0	814	280
123	637	308	0	820	269
185	637	308	0	831	250
254	637	308	0	851	215
308	637	308	0	873	174
386	637	308	139	873	165
451	637	308	266	864	165
482	637	308	340	860	166
513	637	308	418	855	166
544	637	308	513	848	165
575	637	308	614	838	165
606	637	308	731	828	164
637	637	308	862	818	164
668	637	308	939	797	153
800	637	308	1023	687	148
924	637	308	1023	493	115
0	668	308	0	909	293
62	668	308	0	909	290
123	668	308	0	915	279
185	668	308	0	926	255
254	668	308	0	930	210
308	668	308	0	935	160
386	668	308	113	937	157
451	668	308	241	935	157
482	668	308	311	935	157
513	668	308	388	933	157
544	668	308	477	932	156
575	668	308	578	925	157
606	668	308	688	919	156
637	668	308	811	913	155
668	668	308	913	897	145
800	668	308	1023	784	146
924	668	308	1023	572	115
0	800	308	0	1016	342
62	800	308	0	1016	337
123	800	308	0	1018	322
185	800	308	0	1020	291
254	800	308	0	1023	227
308	800	308	0	1023	200
386	800	308	0	1023	140
451	800	308	114	1023	129
482	800	308	177	1023	129
513	800	308	238	1023	129
544	800	308	309	1023	130
575	800	308	390	1023	130
606	800	308	482	1023	130
637	800	308	583	1023	130
668	800	308	703	1023	129
800	800	308	1023	1023	128
924	800	308	1023	925	115
0	924	308	0	1023	344
62	924	308	0	1023	343
123	924	308	0	1023	329
185	924	308	0	1023	305
254	924	308	0	1023	281
308	924	308	0	1023	240
386	924	308	0	1023	180
451	924	308	0	1023	119
482	924	308	57	1023	112
513	924	308	125	1023	112
544	924	308	189	1023	112
575	924	308	259	1023	114
606	924	308	334	1023	114
637	924	308	423	1023	114
668	924	308	524	1023	115
800	924	308	968	1023	117
924	924	308	1023	1023	115
0	0	386	0	2	356
62	0	386	0	0	376
123	0	386	46	0	381
185	0	386	119	0	354
254	0	386	196	0	336
308	0	386	262	0	311
386	0	386	369	0	296
451	0	386	482	0	293
482	0	386	554	0	288
513	0	386	627	0	287
544	0	386	713	0	285
575	0	386	800	0	282
606	0	386	900	0	279
637	0	386	982	0	280
668	0	386	993	0	278
800	0	386	1023	0	254
924	0	386	1023	0	216
0	62	386	0	10	349
62	62	386	0	3	372
123	62	386	29	1	400
185	62	386	112	0	391
254	62	386	196	0	352
308	62	386	266	0	320
386	62	386	377	0	302
451	62	386	493	0	293
482	62	386	565	0	290
513	62	386	638	0	289
544	62	386	726	0	286
575	62	386	812	0	283
606	62	386	913	0	279
637	62	386	983	0	279
668	62	386	994	0	277
800	62	386	1023	0	253
924	62	386	1023	0	214
0	123	386	0	64	330
62	123	386	0	61	349
123	123	386	11	50	394
185	123	386	102	42	385
254	123	386	191	31	368
308	123	386	266	19	350
386	123	386	393	2	322
451	123	386	530	0	307
482	123	386	602	0	301
513	123	386	684	0	297
544	123	386	766	0	293
575	123	386	862	0	287
606	123	386	966	0	283
637	123	386	988	0	279
668	123	386	999	0	276
800	123	386	1023	0	249
924	123	386	1023	0	208
0	185	386	0	114	303
62	185	386	0	113	317
123	185	386	0	106	376
185	185	386	85	100	371
254	185	386	178	92	361
308	185	386	254	82	347
386	185	386	383	65	321
451	185	386	524	50	308
482	185	386	606	42	304
513	185	386	700	32	300
544	185	386	793	23	294
575	185	386	910	15	287
606	185	386	984	6	282
637	185	386	996	1	277
668	185	386	1007	0	271
800	185	386	1023	0	238
924	185	386	1023	0	198
0	254	386	0	173	284
62	254	386	0	173	292
123	254	386	0	172	327
185	254	386	53	169	331
254	254	386	152	161	346
308	254	386	229	152	333
386	254	386	364	137	316
451	254	386	507	124	306
482	254	386	589	118	302
513	254	386	683	112	298
544	254	386	778	105	293
575	254	386	889	98	288
606	254	386	981	89	281
637	254	386	994	81	275
668	254	386	1006	72	270
800	254	386	1023	12	228
924	254	386	1023	10	190
0	308	386	0	219	278
62	308	386	0	220	282
123	308	386	0	221	299
185	308	386	15	221	310
254	308	386	126	215	308
308	308	386	202	207	321
386	308	386	342	196	310
451	308	386	486	185	303
482	308	386	571	178	302
513	308	386	662	172	298
544	308	386	761	166	292
575	308	386	870	158	287
606	308	386	976	149	280
637	308	386	990	141	275
668	308	386	1003	132	269
800	308	386	1023	85	229
924	308	386	1023	67	190
0	386	386	0	310	290
62	386	386	0	311	292
123	386	386	0	313	296
185	386	386	0	319	304
254	386	386	81	317	306
308	386	386	167	312	305
386	386	386	304	304	304
451	386	386	448	292	305
482	386	386	531	286	302
513	386	386	623	281	296
544	386	386	722	272	290
575	386	386	831	263	284
606	386	386	950	253	278
637	386	386	983	243	272
668	386	386	998	234	267
800	386	386	1023	178	229
924	386	386	1023	133	188
0	451	386	0	407	308
62	451	386	0	407	308
123	451	386	0	411	303
185	451	386	0	418	299
254	451	386	32	426	295
308	451	386	130	422	295
386	451	386	268	412	294
451	451	386	409	404	292
482	451	386	489	397	297
513	451	386	579	388	294
544	451	386	681	380	289
575	451	386	786	370	283
606	451	386	908	359	279
637	451	386	972	348	271
668	451	386	989	337	270
800	451	386	1023	268	230
924	451	386	1023	196	186
0	482	386	0	463	320
62	482	386	0	465	319
123	482	386	0	469	310
185	482	386	0	475	302
254	482	386	2	489	290
308	482	386	111	484	291
386	482	386	250	474	290
451	482	386	387	463	288
482	482	386	466	457	284
513	482	386	558	449	287
544	482	386	656	442	284
575	482	386	762	430	279
606	482	386	883	418	275
637	482	386	965	407	265
668	482	386	984	395	264
800	482	386	1023	319	219
924	482	386	1023	230	184
0	513	386	0	522	330
62	513	386	0	524	330
123	513	386	0	528	319
185	513	386	0	537	309
254	513	386	0	550	288
308	513	386	88	549	284
386	513	386	229	541	283
451	513	386	363	531	281
482	513	386	441	524	280
513	513	386	532	518	277
544	513	386	628	507	281
575	513	386	735	498	279
606	513	386	851	484	272
637	513	386	956	474	265
668	513	386	978	460	263
800	513	386	1023	377	223
924	513	386	1023	268	182
0	544	386	0	587	339
62	544	386	0	587	339
123	544	386	0	591	330
185	544	386	0	600	313
254	544	386	0	614	284
308	544	386	62	621	279
386	544	386	205	613	277
451	544	386	340	604	276
482	544	386	415	597	274
513	544	386	502	589	273
544	544	386	597	579	270
575	544	386	708	570	274
606	544	386	822	560	271
637	544	386	945	549	264
668	544	386	969	533	262
800	544	386	1023	442	226
924	544	386	1023	311	180
0	575	386	0	656	349
62	575	386	0	656	347
123	575	386	0	661	341
185	575	386	0	670	318
254	575	386	0	685	289
308	575	386	23	698	270
386	575	386	181	688	270
451	575	386	314	681	269
482	575	386	387	674	267
513	575	386	473	668	267
544	575	386	567	662	267
575	575	386	671	651	264
606	575	386	792	641	262
637	575	386	927	628	265
668	575	386	961	612	260
800	575	386	1023	517	229
924	575	386	1023	363	181
0	606	386	0	729	356
62	606	386	0	729	355
123	606	386	0	734	347
185	606	386	0	745	326
254	606	386	0	762	297
308	606	386	0	784	264
386	606	386	158	775	264
451	606	386	288	766	263
482	606	386	360	761	263
513	606	386	442	755	262
544	606	386	536	750	263
575	606	386	639	740	261
606	606	386	760	731	259
637	606	386	891	721	257
668	606	386	950	703	259
800	606	386	1023	597	229
924	606	386	1023	424	181
0	637	386	0	811	365
62	637	386	0	811	364
123	637	386	0	817	356
185	637	386	0	828	335
254	637	386	0	848	304
308	637	386	0	870	265
386	637	386	133	870	258
451	637	386	261	864	258
482	637	386	335	859	258
513	637	386	413	852	258
544	637	386	506	847	258
575	637	386	609	837	258
606	637	386	725	828	256
637	637	386	855	819	254
668	637	386	937	798	235
800	637	386	1023	688	230
924	637	386	1023	496	182
0	668	386	0	906	372
62	668	386	0	906	371
123	668	386	0	912	364
185	668	386	0	925	346
254	668	386	0	929	295
308	668	386	0	935	243
386	668	386	107	937	250
451	668	386	236	935	250
482	668	386	306	934	250
513	668	386	381	933	249
544	668	386	471	932	249
575	668	386	571	926	248
606	668	386	683	919	248
637	668	386	805	909	245
668	668	386	912	897	228
800	668	386	1023	785	228
924	668	386	1023	572	183
0	800	386	0	1016	402
62	800	386	0	1016	398
123	800	386	0	1017	375
185	800	386	0	1019	399
254	800	386	0	1023	311
308	800	386	0	1023	286
386	800	386	0	1023	222
451	800	386	109	1023	209
482	800	386	172	1023	209
513	800	386	233	1023	209
544	800	386	305	1023	210
575	800	386	385	1023	210
606	800	386	476	1023	210
637	800	386	579	1023	209
668	800	386	698	1023	209
800	800	386	1023	1023	205
924	800	386	1023	929	187
0	924	386	0	1023	433
62	924	386	0	1023	431
123	924	386	0	1023	416
185	924	386	0	1023	409
254	924	386	0	1023	368
308	924	386	0	1023	328
386	924	386	0	1023	264
451	924	386	0	1023	197
482	924	386	50	1023	188
513	924	386	120	1023	188
544	924	386	187	1023	188
575	924	386	255	1023	189
606	924	386	330	1023	189
637	924	386	417	1023	190
668	924	386	519	1023	190
800	924	386	964	1023	194
924	924	386	1023	1023	190
0	0	451	0	2	441
62	0	451	0	0	461
123	0	451	34	0	476
185	0	451	107	0	457
254	0	451	187	0	439
308	0	451	253	0	411
386	0	451	363	0	393
451	0	451	478	0	389
482	0	451	550	0	386
513	0	451	622	0	380
544	0	451	711	0	376
575	0	451	793	0	374
606	0	451	897	0	368
637	0	451	981	0	346
668	0	451	992	0	349
800	0	451	1023	0	335
924	0	451	1023	0	284
0	62	451	0	11	436
62	62	451	0	4	455
123	62	451	3	0	511
185	62	451	93	0	503
254	62	451	184	0	462
308	62	451	254	0	426
386	62	451	368	0	403
451	62	451	486	0	392
482	62	451	559	0	388
513	62	451	633	0	385
544	62	451	721	0	379
575	62	451	809	0	375
606	62	451	910	0	371
637	62	451	983	0	349
668	62	451	994	0	350
800	62	451	1023	0	334
924	62	451	1023	0	282
0	123	451	0	60	415
62	123	451	0	56	437
123	123	451	0	41	505
185	123	451	85	37	500
254	123	451	177	26	488
308	123	451	252	15	465
386	123	451	383	1	439
451	123	451	519	0	417
482	123	451	592	0	405
513	123	451	676	0	399
544	123	451	758	0	391
575	123	451	852	0	386
606	123	451	956	0	379
637	123	451	987	0	353
668	123	451	998	0	354
800	123	451	1023	0	330
924	123	451	1023	0	275
0	185	451	0	111	386
62	185	451	0	108	402
123	185	451	0	101	475
185	185	451	70	95	494
254	185	451	164	87	483
308	185	451	240	77	461
386	185	451	373	62	435
451	185	451	516	49	420
482	185	451	599	40	414
513	185	451	692	31	411
544	185	451	787	22	402
575	185	451	900	14	395
606	185	451	983	5	384
637	185	451	995	1	378
668	185	451	1006	0	371
800	185	451	1023	0	322
924	185	451	1023	0	263
0	254	451	0	170	357
62	254	451	0	170	369
123	254	451	0	167	418
185	254	451	38	163	445
254	254	451	140	156	461
308	254	451	215	147	448
386	254	451	353	135	432
451	254	451	497	123	419
482	254	451	580	117	413
513	254	451	673	110	409
544	254	451	769	104	401
575	254	451	882	96	392
606	254	451	981	88	382
637	254	451	993	80	376
668	254	451	1005	71	375
800	254	451	1023	11	313
924	254	451	1023	6	253
0	308	451	0	217	346
62	308	451	0	217	354
123	308	451	0	217	384
185	308	451	1	216	423
254	308	451	115	210	423
308	308	451	195	205	438
386	308	451	334	195	426
451	308	451	478	184	417
482	308	451	562	177	410
513	308	451	655	171	406
544	308	451	752	165	401
575	308	451	861	156	394
606	308	451	976	148	384
637	308	451	989	140	377
668	308	451	1003	131	370
800	308	451	1023	84	318
924	308	451	1023	65	253
0	386	451	0	309	359
62	386	451	0	308	362
123	386	451	0	311	375
185	386	451	0	316	401
254	386	451	73	315	408
308	386	451	158	311	407
386	386	451	297	301	416
451	386	451	440	292	409
482	386	451	524	285	406
513	386	451	614	279	402
544	386	451	714	270	395
575	386	451	822	262	391
606	386	451	944	252	383
637	386	451	982	242	375
668	386	451	997	233	369
800	386	451	1023	177	317
924	386	451	1023	131	251
0	451	451	0	405	388
62	451	451	0	407	382
123	451	451	0	411	386
185	451	451	0	416	395
254	451	451	21	424	407
308	451	451	123	420	405
386	451	451	261	412	404
451	451	451	402	402	402
482	451	451	483	394	405
513	451	451	572	388	404
544	451	451	673	379	399
575	451	451	780	369	388
606	451	451	898	359	383
637	451	451	971	346	372
668	451	451	989	336	366
800	451	451	1023	268	317
924	451	451	1023	194	249
0	482	451	0	463	395
62	482	451	0	463	395
123	482	451	0	467	391
185	482	451	0	473	395
254	482	451	0	486	400
308	482	451	104	482	400
386	482	451	242	474	397
451	482	451	379	462	393
482	482	451	459	455	389
513	482	451	550	448	394
544	482	451	648	440	392
575	482	451	754	429	388
606	482	451	872	418	378
637	482	451	964	405	365
668	482	451	984	393	363
800	482	451	1023	318	318
924	482	451	1023	227	246
0	513	451	0	520	396
62	513	451	0	520	396
123	513	451	0	524	398
185	513	451	0	533	389
254	513	451	0	546	392
308	513	451	80	548	390
386	513	451	221	541	388
451	513	451	359	529	388
482	513	451	435	524	387
513	513	451	524	517	382
544	513	451	620	508	387
575	513	451	729	496	383
606	513	451	843	484	375
637	513	451	955	472	364
668	513	451	977	458	362
800	513	451	1023	377	308
924	513	451	1023	266	244
0	544	451	0	585	409
62	544	451	0	587	409
123	544	451	0	589	407
185	544	451	0	598	394
254	544	451	0	612	383
308	544	451	51	619	384
386	544	451	199	610	382
451	544	451	334	600	381
482	544	451	409	596	379
513	544	451	492	587	377
544	544	451	590	579	372
575	544	451	698	570	377
606	544	451	815	560	373
637	544	451	943	547	365
668	544	451	967	533	363
800	544	451	1023	443	313
924	544	451	1023	311	245
0	575	451	0	652	421
62	575	451	0	654	421
123	575	451	0	659	416
185	575	451	0	667	401
254	575	451	0	682	384
308	575	451	16	697	373
386	575	451	175	688	373
451	575	451	308	679	372
482	575	451	381	674	371
513	575	451	465	666	369
544	575	451	560	658	367
575	575	451	666	648	366
606	575	451	783	639	371
637	575	451	916	629	367
668	575	451	960	610	360
800	575	451	1023	518	318
924	575	451	1023	364	245
0	606	451	0	725	432
62	606	451	0	728	432
123	606	451	0	733	428
185	606	451	0	741	408
254	606	451	0	758	388
308	606	451	0	777	367
386	606	451	152	775	365
451	606	451	281	766	364
482	606	451	354	758	364
513	606	451	437	754	363
544	606	451	528	746	363
575	606	451	633	738	362
606	606	451	751	728	359
637	606	451	884	719	362
668	606	451	949	701	359
800	606	451	1023	598	318
924	606	451	1023	424	246
0	637	451	0	808	438
62	637	451	0	811	436
123	637	451	0	817	429
185	637	451	0	825	418
254	637	451	0	844	397
308	637	451	0	867	367
386	637	451	126	870	358
451	637	451	256	864	358
482	637	451	329	856	358
513	637	451	408	852	360
544	637	451	499	844	358
575	637	451	602	834	357
606	637	451	716	829	356
637	637	451	845	820	353
668	637	451	936	799	327
800	637	451	1023	687	318
924	637	451	1023	496	249
0	668	451	0	902	452
62	668	451	0	906	450
123	668	451	0	912	444
185	668	451	0	922	431
254	668	451	0	929	392
308	668	451	0	934	336
386	668	451	101	937	349
451	668	451	231	935	347
482	668	451	300	934	347
513	668	451	376	932	349
544	668	451	465	932	349
575	668	451	565	925	347
606	668	451	674	919	345
637	668	451	795	910	343
668	668	451	910	898	317
800	668	451	1023	783	317
924	668	451	1023	575	251
0	800	451	0	1015	518
62	800	451	0	1015	513
123	800	451	0	1016	495
185	800	451	0	1019	458
254	800	451	0	1023	404
308	800	451	0	1023	364
386	800	451	0	1023	300
451	800	451	103	1023	294
482	800	451	168	1023	294
513	800	451	228	1023	294
544	800	451	300	1023	294
575	800	451	380	1023	294
606	800	451	470	1023	294
637	800	451	572	1023	293
668	800	451	690	1023	292
800	800	451	1023	1023	287
924	800	451	1023	929	259
0	924	451	0	1023	534
62	924	451	0	1023	528
123	924	451	0	1023	517
185	924	451	0	1023	494
254	924	451	0	1023	471
308	924	451	0	1023	419
386	924	451	0	1023	346
451	924	451	0	1023	278
482	924	451	42	1023	264
513	924	451	114	1023	264
544	924	451	182	1023	265
575	924	451	250	1023	266
606	924	451	326	1023	268
637	924	451	411	1023	268
668	924	451	513	1023	269
800	924	451	960	1023	274
924	924	451	1023	1023	269
0	0	482	0	2	485
62	0	482	0	0	505
123	0	482	29	0	528
185	0	482	101	0	515
254	0	482	182	0	495
308	0	482	248	0	473
386	0	482	359	0	448
451	0	482	475	0	439
482	0	482	547	0	437
513	0	482	619	0	433
544	0	482	707	0	428
575	0	482	793	0	425
606	0	482	893	0	421
637	0	482	981	0	400
668	0	482	992	0	400
800	0	482	1023	0	385
924	0	482	1023	0	320
0	62	482	0	12	481
62	62	482	0	5	500
123	62	482	1	0	574
185	62	482	87	0	564
254	62	482	178	0	520
308	62	482	248	0	486
386	62	482	365	0	460
451	62	482	483	0	446
482	62	482	555	0	442
513	62	482	632	0	436
544	62	482	717	0	433
575	62	482	806	0	428
606	62	482	907	0	422
637	62	482	983	0	401
668	62	482	993	0	401
800	62	482	1023	0	383
924	62	482	1023	0	317
0	123	482	0	57	467
62	123	482	0	54	485
123	123	482	0	40	565
185	123	482	78	34	566
254	123	482	168	24	551
308	123	482	243	12	529
386	123	482	377	1	504
451	123	482	513	0	480
482	123	482	587	0	465
513	123	482	669	0	459
544	123	482	755	0	449
575	123	482	849	0	442
606	123	482	953	0	434
637	123	482	987	0	405
668	123	482	998	0	405
800	123	482	1023	0	378
924	123	482	1023	0	310
0	185	482	0	108	440
62	185	482	0	106	459
123	185	482	0	98	527
185	185	482	61	90	557
254	185	482	155	84	544
308	185	482	232	75	526
386	185	482	366	61	499
451	185	482	511	47	486
482	185	482	593	38	480
513	185	482	687	30	475
544	185	482	784	21	465
575	185	482	896	13	456
606	185	482	982	3	443
637	185	482	995	0	435
668	185	482	1006	0	428
800	185	482	1023	0	369
924	185	482	1023	0	297
0	254	482	0	169	412
62	254	482	0	167	425
123	254	482	0	164	451
185	254	482	29	158	531
254	254	482	134	152	527
308	254	482	210	145	515
386	254	482	348	133	497
451	254	482	493	123	483
482	254	482	575	116	477
513	254	482	669	110	471
544	254	482	767	103	463
575	254	482	876	95	455
606	254	482	977	88	443
637	254	482	991	79	435
668	254	482	1004	70	432
800	254	482	1023	9	361
924	254	482	1023	4	288
0	308	482	0	216	394
62	308	482	0	216	402
123	308	482	0	216	437
185	308	482	0	213	487
254	308	482	111	209	487
308	308	482	191	204	500
386	308	482	328	193	489
451	308	482	473	182	483
482	308	482	557	177	477
513	308	482	648	171	471
544	308	482	748	163	463
575	308	482	857	156	455
606	308	482	975	148	443
637	308	482	989	139	435
668	308	482	1002	130	427
800	308	482	1023	84	367
924	308	482	1023	64	287
0	386	482	0	308	399
62	386	482	0	308	403
123	386	482	0	311	409
185	386	482	0	313	450
254	386	482	67	314	472
308	386	482	155	309	471
386	386	482	292	300	478
451	386	482	437	290	475
482	386	482	520	285	471
513	386	482	609	279	466
544	386	482	710	270	458
575	386	482	817	261	451
606	386	482	940	252	443
637	386	482	981	242	435
668	386	482	997	233	426
800	386	482	1023	176	366
924	386	482	1023	130	285
0	451	482	0	405	419
62	451	482	0	407	419
123	451	482	0	408	426
185	451	482	0	415	443
254	451	482	15	422	469
308	451	482	119	418	469
386	451	482	258	412	467
451	451	482	399	402	463
482	451	482	478	394	463
513	451	482	568	386	457
544	451	482	665	379	452
575	451	482	774	369	447
606	451	482	895	357	439
637	451	482	970	347	430
668	451	482	988	336	423
800	451	482	1023	268	368
924	451	482	1023	193	284
0	482	482	0	462	430
62	482	482	0	462	432
123	482	482	0	466	432
185	482	482	0	471	443
254	482	482	0	483	461
308	482	482	99	481	463
386	482	482	240	471	460
451	482	482	376	461	457
482	482	482	455	455	455
513	482	482	545	447	457
544	482	482	642	439	452
575	482	482	749	429	448
606	482	482	868	418	437
637	482	482	962	405	422
668	482	482	982	393	422
800	482	482	1023	319	367
924	482	482	1023	226	282
0	513	482	0	520	443
62	513	482	0	520	443
123	513	482	0	524	439
185	513	482	0	530	444
254	513	482	0	546	451
308	513	482	76	545	453
386	513	482	218	538	451
451	513	482	354	529	447
482	513	482	431	522	447
513	513	482	520	515	441
544	513	482	617	506	447
575	513	482	723	496	444
606	513	482	840	485	440
637	513	482	953	472	422
668	513	482	975	458	420
800	513	482	1023	376	368
924	513	482	1023	265	279
0	544	482	0	585	453
62	544	482	0	585	455
123	544	482	0	589	455
185	544	482	0	598	447
254	544	482	0	611	447
308	544	482	45	617	443
386	544	482	195	609	441
451	544	482	330	600	441
482	544	482	405	593	439
513	544	482	490	587	437
544	544	482	587	579	434
575	544	482	691	571	439
606	544	482	812	558	433
637	544	482	942	548	426
668	544	482	967	531	419
800	544	482	1023	444	362
924	544	482	1023	311	282
0	575	482	0	651	458
62	575	482	0	653	458
123	575	482	0	656	458
185	575	482	0	665	443
254	575	482	0	680	436
308	575	482	12	693	434
386	575	482	172	688	433
451	575	482	303	679	432
482	575	482	378	672	429
513	575	482	461	667	428
544	575	482	555	658	428
575	575	482	660	648	422
606	575	482	780	639	428
637	575	482	913	629	424
668	575	482	959	611	417
800	575	482	1023	516	365
924	575	482	1023	363	283
0	606	482	0	725	470
62	606	482	0	728	470
123	606	482	0	730	467
185	606	482	0	741	452
254	606	482	0	758	438
308	606	482	0	777	425
386	606	482	148	772	423
451	606	482	276	766	422
482	606	482	351	758	422
513	606	482	433	754	420
544	606	482	525	746	420
575	606	482	628	738	418
606	606	482	747	728	416
637	606	482	877	719	420
668	606	482	948	702	415
800	606	482	1023	598	367
924	606	482	1023	426	284
0	637	482	0	808	481
62	637	482	0	811	481
123	637	482	0	817	477
185	637	482	0	825	465
254	637	482	0	844	446
308	637	482	0	867	422
386	637	482	123	870	414
451	637	482	253	860	414
482	637	482	326	856	414
513	637	482	404	849	414
544	637	482	495	845	412
575	637	482	597	834	413
606	637	482	713	826	412
637	637	482	842	817	408
668	637	482	932	797	411
800	637	482	1023	687	368
924	637	482	1023	496	285
0	668	482	0	902	492
62	668	482	0	906	490
123	668	482	0	909	485
185	668	482	0	922	478
254	668	482	0	929	430
308	668	482	0	933	383
386	668	482	98	936	399
451	668	482	228	935	398
482	668	482	297	934	398
513	668	482	373	932	398
544	668	482	461	932	401
575	668	482	562	926	399
606	668	482	672	919	397
637	668	482	792	910	395
668	668	482	909	899	365
800	668	482	1023	784	365
924	668	482	1023	577	288
0	800	482	0	1015	535
62	800	482	0	1015	530
123	800	482	0	1016	510
185	800	482	0	1019	481
254	800	482	0	1023	450
308	800	482	0	1023	406
386	800	482	0	1023	347
451	800	482	100	1023	339
482	800	482	165	1023	339
513	800	482	226	1023	339
544	800	482	297	1023	339
575	800	482	377	1023	339
606	800	482	465	1023	339
637	800	482	570	1023	339
668	800	482	687	1023	338
800	800	482	1023	1023	331
924	800	482	1023	931	298
0	924	482	0	1023	573
62	924	482	0	1023	570
123	924	482	0	1023	558
185	924	482	0	1023	537
254	924	482	0	1023	517
308	924	482	0	1023	470
386	924	482	0	1023	394
451	924	482	0	1023	321
482	924	482	37	1023	305
513	924	482	111	1023	307
544	924	482	179	1023	307
575	924	482	248	1023	308
606	924	482	323	1023	308
637	924	482	409	1023	311
668	924	482	510	1023	313
800	924	482	958	1023	315
924	924	482	1023	1023	313
0	0	513	0	2	532
62	0	513	0	1	554
123	0	513	23	0	584
185	0	513	96	0	571
254	0	513	176	0	553
308	0	513	241	0	531
386	0	513	355	0	506
451	0	513	473	0	498
482	0	513	543	0	494
513	0	513	618	0	492
544	0	513	703	0	487
575	0	513	789	0	482
606	0	513	892	0	477
637	0	513	979	0	458
668	0	513	990	0	456
800	0	513	1023	0	394
924	0	513	1023	0	359
0	62	513	0	12	527
62	62	513	0	5	551
123	62	513	0	0	634
185	62	513	80	0	617
254	62	513	170	0	577
308	62	513	240	0	548
386	62	513	359	0	521
451	62	513	481	0	510
482	62	513	552	0	502
513	62	513	628	0	497
544	62	513	713	0	492
575	62	513	801	0	487
606	62	513	901	0	480
637	62	513	980	0	458
668	62	513	991	0	457
800	62	513	1023	0	394
924	62	513	1023	0	356
0	123	513	0	55	511
62	123	513	0	52	535
123	123	513	0	38	614
185	123	513	68	30	628
254	123	513	159	21	614
308	123	513	235	10	596
386	123	513	370	1	576
451	123	513	508	0	547
482	123	513	581	0	533
513	123	513	662	0	524
544	123	513	748	0	514
575	123	513	843	0	504
606	123	513	946	0	495
637	123	513	984	0	465
668	123	513	995	0	463
800	123	513	1023	0	394
924	123	513	1023	0	348
0	185	513	0	106	476
62	185	513	0	104	499
123	185	513	0	95	578
185	185	513	52	86	615
254	185	513	148	80	606
308	185	513	224	73	595
386	185	513	361	60	574
451	185	513	505	46	559
482	185	513	587	37	552
513	185	513	681	29	546
544	185	513	775	20	537
575	185	513	889	12	524
606	185	513	979	2	514
637	185	513	992	0	501
668	185	513	1004	0	491
800	185	513	1023	0	424
924	185	513	1023	0	336
0	254	513	0	166	442
62	254	513	0	166	459
123	254	513	0	161	527
185	254	513	19	153	598
254	254	513	127	148	593
308	254	513	204	143	585
386	254	513	343	132	570
451	254	513	489	121	556
482	254	513	572	115	549
513	254	513	664	109	545
544	254	513	760	103	536
575	254	513	870	95	527
606	254	513	977	87	510
637	254	513	990	78	501
668	254	513	1003	69	497
800	254	513	1023	8	416
924	254	513	1023	4	324
0	308	513	0	214	426
62	308	513	0	214	437
123	308	513	0	214	486
185	308	513	0	211	572
254	308	513	104	207	576
308	308	513	186	202	576
386	308	513	323	192	566
451	308	513	468	181	555
482	308	513	553	176	549
513	308	513	643	170	542
544	308	513	743	163	534
575	308	513	850	155	524
606	308	513	974	147	512
637	308	513	988	138	501
668	308	513	1001	130	494
800	308	513	1023	84	423
924	308	513	1023	62	324
0	386	513	0	307	438
62	386	513	0	307	445
123	386	513	0	308	467
185	386	513	0	313	510
254	386	513	62	312	546
308	386	513	150	309	545
386	386	513	289	299	554
451	386	513	431	290	547
482	386	513	514	284	542
513	386	513	604	276	537
544	386	513	703	269	528
575	386	513	813	260	519
606	386	513	932	250	509
637	386	513	980	241	498
668	386	513	996	232	492
800	386	513	1023	177	421
924	386	513	1023	130	324
0	451	513	0	404	471
62	451	513	0	405	463
123	451	513	0	407	470
185	451	513	0	412	495
254	451	513	6	422	536
308	451	513	115	418	536
386	451	513	255	409	532
451	451	513	394	399	536
482	451	513	473	393	533
513	451	513	563	385	528
544	451	513	662	377	521
575	451	513	768	368	514
606	451	513	891	357	505
637	451	513	970	347	495
668	451	513	988	335	489
800	451	513	1023	268	423
924	451	513	1023	192	321
0	482	513	0	459	470
62	482	513	0	461	473
123	482	513	0	465	475
185	482	513	0	471	495
254	482	513	0	481	528
308	482	513	95	481	533
386	482	513	236	470	528
451	482	513	373	460	527
482	482	513	449	453	524
513	482	513	538	447	521
544	482	513	638	438	517
575	482	513	746	429	510
606	482	513	865	417	502
637	482	513	961	404	493
668	482	513	981	392	485
800	482	513	1023	318	423
924	482	513	1023	225	320
0	513	513	0	520	485
62	513	513	0	520	485
123	513	513	0	524	488
185	513	513	0	530	494
254	513	513	0	543	514
308	513	513	70	545	521
386	513	513	214	538	523
451	513	513	350	529	520
482	513	513	427	522	517
513	513	513	515	515	515
544	513	513	610	504	517
575	513	513	720	494	511
606	513	513	835	483	505
637	513	513	952	473	485
668	513	513	974	458	482
800	513	513	1023	376	423
924	513	513	1023	266	320
0	544	513	0	583	496
62	544	513	0	583	496
123	544	513	0	587	501
185	544	513	0	594	497
254	544	513	0	607	507
308	544	513	37	616	512
386	544	513	191	609	510
451	544	513	326	599	507
482	544	513	400	593	505
513	544	513	486	585	503
544	544	513	582	577	496
575	544	513	689	567	502
606	544	513	806	558	499
637	544	513	939	548	495
668	544	513	966	532	484
800	544	513	1023	442	414
924	544	513	1023	311	321
0	575	513	0	651	507
62	575	513	0	651	510
123	575	513	0	655	510
185	575	513	0	665	501
254	575	513	0	680	501
308	575	513	5	693	498
386	575	513	168	685	498
451	575	513	300	677	496
482	575	513	371	671	498
513	575	513	457	664	494
544	575	513	551	658	491
575	575	513	657	648	487
606	575	513	776	639	494
637	575	513	910	627	489
668	575	513	958	611	480
800	575	513	1023	517	420
924	575	513	1023	364	321
0	606	513	0	725	509
62	606	513	0	728	509
123	606	513	0	730	509
185	606	513	0	741	498
254	606	513	0	758	493
308	606	513	0	774	491
386	606	513	144	772	488
451	606	513	273	763	487
482	606	513	348	758	487
513	606	513	427	752	485
544	606	513	521	746	484
575	606	513	625	738	483
606	606	513	741	728	480
637	606	513	874	719	483
668	606	513	947	703	477
800	606	513	1023	599	424
924	606	513	1023	426	324
0	637	513	0	808	525
62	637	513	0	811	525
123	637	513	0	814	522
185	637	513	0	825	514
254	637	513	0	844	500
308	637	513	0	864	482
386	637	513	120	870	478
451	637	513	250	860	478
482	637	513	322	856	478
513	637	513	400	849	478
544	637	513	490	844	477
575	637	513	594	834	475
606	637	513	708	826	474
637	637	513	838	817	473
668	637	513	930	798	475
800	637	513	1023	688	423
924	637	513	1023	498	327
0	668	513	0	902	541
62	668	513	0	906	541
123	668	513	0	909	538
185	668	513	0	922	531
254	668	513	0	928	472
308	668	513	0	933	432
386	668	513	94	936	463
451	668	513	225	935	463
482	668	513	293	933	463
513	668	513	369	932	463
544	668	513	457	929	463
575	668	513	557	926	463
606	668	513	666	919	461
637	668	513	790	909	459
668	668	513	908	899	424
800	668	513	1023	784	421
924	668	513	1023	575	330
0	800	513	0	1015	545
62	800	513	0	1015	545
123	800	513	0	1016	619
185	800	513	0	1019	593
254	800	513	0	1023	500
308	800	513	0	1023	456
386	800	513	0	1023	401
451	800	513	97	1023	393
482	800	513	161	1023	392
513	800	513	222	1023	392
544	800	513	295	1023	392
575	800	513	373	1023	392
606	800	513	463	1023	394
637	800	513	565	1023	392
668	800	513	681	1023	391
800	800	513	1023	1023	383
924	800	513	1023	931	342
0	924	513	0	1023	615
62	924	513	0	1023	611
123	924	513	0	1023	601
185	924	513	0	1023	601
254	924	513	0	1023	564
308	924	513	0	1023	524
386	924	513	0	1023	449
451	924	513	0	1023	373
482	924	513	32	1023	353
513	924	513	108	1023	355
544	924	513	176	1023	355
575	924	513	245	1023	356
606	924	513	320	1023	356
637	924	513	407	1023	358
668	924	513	508	1023	359
800	924	513	956	1023	366
924	924	513	1023	1023	359
0	0	544	0	1	584
62	0	544	0	1	605
123	0	544	18	0	638
185	0	544	90	0	626
254	0	544	168	0	596
308	0	544	234	0	575
386	0	544	350	0	572
451	0	544	470	0	563
482	0	544	540	0	560
513	0	544	614	0	555
544	0	544	702	0	549
575	0	544	784	0	545
606	0	544	886	0	539
637	0	544	977	0	522
668	0	544	989	0	520
800	0	544	1023	0	452
924	0	544	1023	0	400
0	62	544	0	12	577
62	62	544	0	6	599
123	62	544	0	0	681
185	62	544	73	0	673
254	62	544	161	0	639
308	62	544	233	0	613
386	62	544	353	0	588
451	62	544	477	0	577
482	62	544	549	0	566
513	62	544	624	0	562
544	62	544	709	0	557
575	62	544	796	0	550
606	62	544	899	0	543
637	62	544	978	0	524
668	62	544	990	0	521
800	62	544	1023	0	452
924	62	544	1023	0	400
0	123	544	0	55	563
62	123	544	0	51	584
123	123	544	0	37	665
185	123	544	57	27	694
254	123	544	149	18	685
308	123	544	227	8	672
386	123	544	364	0	652
451	123	544	501	0	617
482	123	544	575	0	607
513	123	544	658	0	595
544	123	544	744	0	581
575	123	544	836	0	573
606	123	544	942	0	561
637	123	544	983	0	531
668	123	544	995	0	530
800	123	544	1023	0	451
924	123	544	1023	0	392
0	185	544	0	102	555
62	185	544	0	101	550
123	185	544	0	92	626
185	185	544	41	82	688
254	185	544	138	76	681
308	185	544	215	71	670
386	185	544	353	58	653
451	185	544	499	44	638
482	185	544	581	36	629
513	185	544	676	28	622
544	185	544	770	19	612
575	185	544	883	11	600
606	185	544	978	2	590
637	185	544	991	0	577
668	185	544	1003	0	565
800	185	544	1023	0	486
924	185	544	1023	0	378
0	254	544	0	163	516
62	254	544	0	162	512
123	254	544	0	158	576
185	254	544	7	151	672
254	254	544	120	146	668
308	254	544	198	141	662
386	254	544	336	131	647
451	254	544	482	120	635
482	254	544	566	114	629
513	254	544	656	108	621
544	254	544	756	101	612
575	254	544	867	94	601
606	254	544	976	86	584
637	254	544	989	78	574
668	254	544	1003	69	569
800	254	544	1023	7	478
924	254	544	1023	4	366
0	308	544	0	212	495
62	308	544	0	212	487
123	308	544	0	212	541
185	308	544	0	208	637
254	308	544	98	203	658
308	308	544	180	199	654
386	308	544	317	190	643
451	308	544	464	181	631
482	308	544	546	174	625
513	308	544	638	169	618
544	308	544	736	162	608
575	308	544	847	154	599
606	308	544	967	147	590
637	308	544	987	139	576
668	308	544	1001	130	566
800	308	544	1023	83	486
924	308	544	1023	61	366
0	386	544	0	307	482
62	386	544	0	307	491
123	386	544	0	308	521
185	386	544	0	311	572
254	386	544	55	312	623
308	386	544	146	305	620
386	386	544	284	298	631
451	386	544	426	287	623
482	386	544	509	283	618
513	386	544	599	276	612
544	386	544	700	268	603
575	386	544	807	259	597
606	386	544	928	250	587
637	386	544	979	241	575
668	386	544	995	232	565
800	386	544	1023	176	484
924	386	544	1023	129	366
0	451	544	0	403	518
62	451	544	0	405	513
123	451	544	0	407	527
185	451	544	0	412	554
254	451	544	1	419	611
308	451	544	110	415	610
386	451	544	250	408	607
451	451	544	390	399	611
482	451	544	468	391	606
513	451	544	557	383	602
544	451	544	657	376	599
575	451	544	762	367	593
606	451	544	881	356	581
637	451	544	967	345	571
668	451	544	986	335	561
800	451	544	1023	267	486
924	451	544	1023	191	364
0	482	544	0	459	525
62	482	544	0	461	527
123	482	544	0	463	533
185	482	544	0	468	551
254	482	544	0	479	600
308	482	544	90	477	599
386	482	544	230	468	598
451	482	544	368	457	595
482	482	544	445	451	600
513	482	544	533	445	596
544	482	544	633	438	592
575	482	544	740	426	584
606	482	544	857	417	577
637	482	544	959	404	568
668	482	544	980	392	558
800	482	544	1023	318	487
924	482	544	1023	224	363
0	513	544	0	520	527
62	513	544	0	520	529
123	513	544	0	524	539
185	513	544	0	530	550
254	513	544	0	540	583
308	513	544	64	544	596
386	513	544	209	537	594
451	513	544	347	524	591
482	513	544	422	521	591
513	513	544	511	515	589
544	513	544	605	504	586
575	513	544	714	492	580
606	513	544	832	483	573
637	513	544	951	471	564
668	513	544	974	456	555
800	513	544	1023	377	487
924	513	544	1023	265	363
0	544	544	0	583	542
62	544	544	0	583	542
123	544	544	0	587	550
185	544	544	0	594	550
254	544	544	0	607	572
308	544	544	29	614	586
386	544	544	186	607	588
451	544	544	322	597	584
482	544	544	394	593	582
513	544	544	482	585	579
544	544	544	577	577	577
575	544	544	683	566	579
606	544	544	803	558	574
637	544	544	932	546	568
668	544	544	965	532	554
800	544	544	1023	442	488
924	544	544	1023	311	364
0	575	544	0	651	553
62	575	544	0	651	553
123	575	544	0	655	558
185	575	544	0	663	553
254	575	544	0	678	566
308	575	544	1	693	574
386	575	544	165	685	574
451	575	544	295	674	570
482	575	544	368	671	570
513	575	544	452	664	568
544	575	544	547	655	566
575	575	544	652	646	561
606	575	544	769	636	565
637	575	544	899	627	565
668	575	544	955	611	554
800	575	544	1023	517	484
924	575	544	1023	364	368
0	606	544	0	725	566
62	606	544	0	725	566
123	606	544	0	730	566
185	606	544	0	738	561
254	606	544	0	755	565
308	606	544	0	774	563
386	606	544	140	772	562
451	606	544	269	761	561
482	606	544	345	758	561
513	606	544	423	752	561
544	606	544	516	742	559
575	606	544	620	738	557
606	606	544	738	729	555
637	606	544	868	719	558
668	606	544	946	700	550
800	606	544	1023	596	487
924	606	544	1023	424	369
0	637	544	0	808	570
62	637	544	0	808	570
123	637	544	0	814	570
185	637	544	0	822	570
254	637	544	0	841	560
308	637	544	0	864	559
386	637	544	116	867	554
451	637	544	247	860	554
482	637	544	319	853	553
513	637	544	396	849	552
544	637	544	486	841	550
575	637	544	589	834	550
606	637	544	705	826	547
637	637	544	829	815	542
668	637	544	929	798	548
800	637	544	1023	685	487
924	637	544	1023	496	373
0	668	544	0	902	588
62	668	544	0	906	588
123	668	544	0	909	588
185	668	544	0	919	582
254	668	544	0	928	510
308	668	544	0	932	486
386	668	544	90	936	537
451	668	544	221	934	537
482	668	544	290	933	537
513	668	544	364	932	537
544	668	544	453	929	536
575	668	544	553	926	533
606	668	544	663	918	531
637	668	544	784	909	526
668	668	544	904	896	488
800	668	544	1023	782	484
924	668	544	1023	575	376
0	800	544	0	1014	657
62	800	544	0	1015	657
123	800	544	0	1016	639
185	800	544	0	1019	616
254	800	544	0	1022	572
308	800	544	0	1023	528
386	800	544	0	1023	461
451	800	544	93	1023	453
482	800	544	158	1023	453
513	800	544	219	1023	453
544	800	544	292	1023	452
575	800	544	370	1023	452
606	800	544	460	1023	454
637	800	544	563	1023	453
668	800	544	679	1023	452
800	800	544	1023	1023	442
924	800	544	1023	933	392
0	924	544	0	1023	685
62	924	544	0	1023	682
123	924	544	0	1023	671
185	924	544	0	1023	653
254	924	544	0	1023	615
308	924	544	0	1023	582
386	924	544	0	1023	508
451	924	544	0	1023	428
482	924	544	26	1023	407
513	924	544	104	1023	407
544	924	544	173	1023	409
575	924	544	241	1023	409
606	924	544	317	1023	411
637	924	544	404	1023	413
668	924	544	504	1023	415
800	924	544	956	1023	423
924	924	544	1023	1023	417
0	0	575	0	2	633
62	0	575	0	1	655
123	0	575	13	0	692
185	0	575	84	0	683
254	0	575	162	0	660
308	0	575	228	0	641
386	0	575	345	0	629
451	0	575	466	0	628
482	0	575	536	0	625
513	0	575	611	0	622
544	0	575	697	0	619
575	0	575	784	0	611
606	0	575	883	0	607
637	0	575	977	0	592
668	0	575	988	0	588
800	0	575	1023	0	517
924	0	575	1023	0	451
0	62	575	0	13	626
62	62	575	0	7	649
123	62	575	0	0	734
185	62	575	66	0	737
254	62	575	154	0	707
308	62	575	227	0	683
386	62	575	349	0	659
451	62	575	471	0	647
482	62	575	545	0	638
513	62	575	621	0	634
544	62	575	707	0	628
575	62	575	793	0	620
606	62	575	896	0	613
637	62	575	978	0	594
668	62	575	990	0	591
800	62	575	1023	0	516
924	62	575	1023	0	449
0	123	575	0	52	621
62	123	575	0	49	633
123	123	575	0	36	716
185	123	575	47	24	769
254	123	575	142	16	765
308	123	575	218	6	756
386	123	575	356	0	741
451	123	575	493	0	701
482	123	575	568	0	687
513	123	575	651	0	675
544	123	575	738	0	662
575	123	575	833	0	649
606	123	575	936	0	636
637	123	575	983	0	603
668	123	575	994	0	599
800	123	575	1023	0	516
924	123	575	1023	0	440
0	185	575	0	100	598
62	185	575	0	98	598
123	185	575	0	89	685
185	185	575	31	79	765
254	185	575	132	74	763
308	185	575	207	68	756
386	185	575	348	57	741
451	185	575	492	42	724
482	185	575	574	34	718
513	185	575	668	26	709
544	185	575	766	18	702
575	185	575	876	9	687
606	185	575	977	2	674
637	185	575	991	0	657
668	185	575	1002	0	643
800	185	575	1023	0	519
924	185	575	1023	0	426
0	254	575	0	160	565
62	254	575	0	159	584
123	254	575	0	156	634
185	254	575	1	147	757
254	254	575	113	143	756
308	254	575	191	139	752
386	254	575	329	129	739
451	254	575	473	118	726
482	254	575	560	113	719
513	254	575	649	107	711
544	254	575	749	100	698
575	254	575	860	93	687
606	254	575	972	85	667
637	254	575	986	76	655
668	254	575	1001	67	650
800	254	575	1023	6	563
924	254	575	1023	3	413
0	308	575	0	212	547
62	308	575	0	212	564
123	308	575	0	211	600
185	308	575	0	207	705
254	308	575	91	201	744
308	308	575	174	197	740
386	308	575	311	189	732
451	308	575	456	179	720
482	308	575	540	174	718
513	308	575	632	168	710
544	308	575	732	161	698
575	308	575	839	154	686
606	308	575	961	146	673
637	308	575	984	138	657
668	308	575	999	129	646
800	308	575	1023	83	559
924	308	575	1023	60	413
0	386	575	0	307	549
62	386	575	0	307	543
123	386	575	0	308	578
185	386	575	0	310	636
254	386	575	47	308	710
308	386	575	140	304	710
386	386	575	279	295	719
451	386	575	421	287	715
482	386	575	503	282	711
513	386	575	593	274	702
544	386	575	692	267	691
575	386	575	800	259	683
606	386	575	920	249	671
637	386	575	977	239	657
668	386	575	993	230	646
800	386	575	1023	176	557
924	386	575	1023	127	413
0	451	575	0	403	567
62	451	575	0	403	572
123	451	575	0	407	584
185	451	575	0	412	617
254	451	575	0	419	697
308	451	575	105	415	697
386	451	575	246	406	696
451	451	575	384	395	702
482	451	575	462	389	695
513	451	575	552	383	690
544	451	575	651	376	684
575	451	575	759	367	675
606	451	575	878	356	664
637	451	575	965	345	653
668	451	575	984	335	642
800	451	575	1023	268	560
924	451	575	1023	190	413
0	482	575	0	458	576
62	482	575	0	460	578
123	482	575	0	462	589
185	482	575	0	467	611
254	482	575	0	477	678
308	482	575	84	475	685
386	482	575	227	466	683
451	482	575	364	456	681
482	482	575	440	450	686
513	482	575	528	443	682
544	482	575	626	436	674
575	482	575	734	426	671
606	482	575	851	413	661
637	482	575	958	404	649
668	482	575	979	392	638
800	482	575	1023	317	563
924	482	575	1023	222	411
0	513	575	0	519	586
62	513	575	0	519	589
123	513	575	0	523	594
185	513	575	0	529	607
254	513	575	0	540	658
308	513	575	57	542	674
386	513	575	204	532	674
451	513	575	341	524	670
482	513	575	416	518	668
513	513	575	504	510	675
544	513	575	600	502	669
575	513	575	707	492	663
606	513	575	822	481	654
637	513	575	948	469	645
668	513	575	971	456	633
800	513	575	1023	375	558
924	513	575	1023	265	411
0	544	575	0	583	599
62	544	575	0	583	592
123	544	575	0	587	601
185	544	575	0	594	608
254	544	575	0	605	644
308	544	575	22	614	671
386	544	575	182	605	671
451	544	575	316	595	666
482	544	575	391	589	663
513	544	575	476	583	660
544	544	575	570	575	657
575	544	575	678	567	657
606	544	575	795	556	649
637	544	575	928	545	642
668	544	575	963	529	631
800	544	575	1023	442	558
924	544	575	1023	311	415
0	575	575	0	651	601
62	575	575	0	651	601
123	575	575	0	655	611
185	575	575	0	663	611
254	575	575	0	678	635
308	575	575	0	693	657
386	575	575	160	683	654
451	575	575	291	674	655
482	575	575	365	668	655
513	575	575	448	662	652
544	575	575	542	655	649
575	575	575	646	646	646
606	575	575	763	637	649
637	575	575	896	627	642
668	575	575	954	609	629
800	575	575	1023	514	557
924	575	575	1023	366	419
0	606	575	0	725	614
62	606	575	0	725	614
123	606	575	0	730	620
185	606	575	0	738	621
254	606	575	0	755	629
308	606	575	0	772	640
386	606	575	135	772	643
451	606	575	265	760	643
482	606	575	339	755	641
513	606	575	418	750	640
544	606	575	512	742	637
575	606	575	615	735	635
606	606	575	732	726	630
637	606	575	861	716	635
668	606	575	944	701	629
800	606	575	1023	596	556
924	606	575	1023	426	423
0	637	575	0	808	629
62	637	575	0	808	629
123	637	575	0	814	632
185	637	575	0	822	635
254	637	575	0	841	632
308	637	575	0	860	632
386	637	575	112	867	632
451	637	575	243	859	631
482	637	575	313	852	630
513	637	575	390	849	629
544	637	575	481	838	630
575	637	575	584	831	629
606	637	575	699	826	627
637	637	575	825	814	621
668	637	575	929	799	626
800	637	575	1023	686	556
924	637	575	1023	498	426
0	668	575	0	902	636
62	668	575	0	902	639
123	668	575	0	909	639
185	668	575	0	919	639
254	668	575	0	928	551
308	668	575	0	932	630
386	668	575	86	936	614
451	668	575	218	934	619
482	668	575	285	933	617
513	668	575	361	932	616
544	668	575	448	929	616
575	668	575	546	922	611
606	668	575	657	916	609
637	668	575	781	909	606
668	668	575	902	896	559
800	668	575	1023	783	556
924	668	575	1023	577	428
0	800	575	0	1014	676
62	800	575	0	1015	676
123	800	575	0	1016	663
185	800	575	0	1019	644
254	800	575	0	1022	711
308	800	575	0	1023	586
386	800	575	0	1023	528
451	800	575	90	1023	523
482	800	575	154	1023	523
513	800	575	216	1023	523
544	800	575	288	1023	521
575	800	575	366	1023	520
606	800	575	456	1023	523
637	800	575	558	1023	522
668	800	575	673	1023	522
800	800	575	1023	1023	508
924	800	575	1023	935	451
0	924	575	0	1023	734
62	924	575	0	1023	731
123	924	575	0	1023	723
185	924	575	0	1023	704
254	924	575	0	1023	696
308	924	575	0	1023	660
386	924	575	0	1023	572
451	924	575	0	1023	493
482	924	575	19	1023	468
513	924	575	102	1023	470
544	924	575	170	1023	470
575	924	575	237	1023	472
606	924	575	314	1023	474
637	924	575	400	1023	476
668	924	575	502	1023	479
800	924	575	954	1023	487
924	924	575	1023	1023	481
0	0	606	0	2	687
62	0	606	0	1	709
123	0	606	8	0	756
185	0	606	79	0	746
254	0	606	156	0	730
308	0	606	222	0	718
386	0	606	341	0	708
451	0	606	462	0	706
482	0	606	532	0	701
513	0	606	606	0	700
544	0	606	694	0	697
575	0	606	779	0	690
606	0	606	883	0	681
637	0	606	976	0	669
668	0	606	988	0	662
800	0	606	1023	0	589
924	0	606	1023	0	506
0	62	606	0	13	684
62	62	606	0	8	704
123	62	606	0	1	791
185	62	606	61	0	809
254	62	606	148	0	785
308	62	606	219	0	761
386	62	606	343	0	739
451	62	606	467	0	724
482	62	606	538	0	718
513	62	606	616	0	714
544	62	606	704	0	706
575	62	606	788	0	697
606	62	606	892	0	690
637	62	606	977	0	672
668	62	606	989	0	665
800	62	606	1023	0	588
924	62	606	1023	0	504
0	123	606	0	50	676
62	123	606	0	47	691
123	123	606	0	35	772
185	123	606	37	21	858
254	123	606	134	13	853
308	123	606	210	3	851
386	123	606	348	0	839
451	123	606	486	0	791
482	123	606	562	0	777
513	123	606	645	0	759
544	123	606	732	0	746
575	123	606	825	0	732
606	123	606	930	0	717
637	123	606	980	0	684
668	123	606	993	0	679
800	123	606	1023	0	586
924	123	606	1023	0	496
0	185	606	0	98	652
62	185	606	0	95	674
123	185	606	0	88	745
185	185	606	21	76	856
254	185	606	124	71	853
308	185	606	199	66	849
386	185	606	340	54	836
451	185	606	483	40	823
482	185	606	568	32	817
513	185	606	661	25	807
544	185	606	759	16	795
575	185	606	869	8	782
606	185	606	973	1	765
637	185	606	988	0	747
668	185	606	1000	0	730
800	185	606	1023	0	589
924	185	606	1023	0	481
0	254	606	0	159	626
62	254	606	0	157	643
123	254	606	0	153	699
185	254	606	0	144	847
254	254	606	105	140	849
308	254	606	185	136	844
386	254	606	322	127	834
451	254	606	467	117	820
482	254	606	551	112	814
513	254	606	642	106	804
544	254	606	742	99	790
575	254	606	851	92	779
606	254	606	971	84	769
637	254	606	985	75	749
668	254	606	1000	65	744
800	254	606	1023	6	642
924	254	606	1023	3	466
0	308	606	0	210	607
62	308	606	0	210	622
123	308	606	0	209	665
185	308	606	0	205	782
254	308	606	84	198	836
308	308	606	168	195	835
386	308	606	304	187	830
451	308	606	450	177	818
482	308	606	533	173	813
513	308	606	624	167	803
544	308	606	724	159	790
575	308	606	831	153	779
606	308	606	954	145	765
637	308	606	983	136	748
668	308	606	998	128	735
800	308	606	1023	82	638
924	308	606	1023	58	468
0	386	606	0	306	605
62	386	606	0	306	617
123	386	606	0	307	639
185	386	606	0	308	710
254	386	606	38	306	808
308	386	606	135	301	807
386	386	606	273	294	817
451	386	606	414	285	809
482	386	606	497	279	803
513	386	606	586	273	794
544	386	606	686	265	783
575	386	606	792	257	774
606	386	606	915	248	762
637	386	606	975	239	748
668	386	606	992	230	735
800	386	606	1023	175	635
924	386	606	1023	125	468
0	451	606	0	403	619
62	451	606	0	405	624
123	451	606	0	406	645
185	451	606	0	410	697
254	451	606	0	415	793
308	451	606	99	413	791
386	451	606	240	404	787
451	451	606	377	393	794
482	451	606	455	388	786
513	451	606	546	382	781
544	451	606	644	374	775
575	451	606	751	364	766
606	451	606	870	353	755
637	451	606	964	343	746
668	451	606	983	332	734
800	451	606	1023	267	638
924	451	606	1023	189	468
0	482	606	0	457	629
62	482	606	0	459	635
123	482	606	0	461	650
185	482	606	0	467	688
254	482	606	0	473	762
308	482	606	77	471	776
386	482	606	220	464	778
451	482	606	358	454	783
482	482	606	434	448	781
513	482	606	522	441	776
544	482	606	620	434	770
575	482	606	727	425	762
606	482	606	844	413	751
637	482	606	957	402	741
668	482	606	978	389	728
800	482	606	1023	318	648
924	482	606	1023	221	466
0	513	606	0	519	638
62	513	606	0	519	644
123	513	606	0	523	653
185	513	606	0	527	682
254	513	606	0	536	736
308	513	606	49	539	765
386	513	606	200	531	764
451	513	606	336	522	760
482	513	606	412	517	758
513	513	606	497	508	765
544	513	606	593	501	758
575	513	606	700	491	754
606	513	606	816	479	749
637	513	606	947	467	737
668	513	606	970	455	725
800	513	606	1023	376	637
924	513	606	1023	265	470
0	544	606	0	583	652
62	544	606	0	583	655
123	544	606	0	587	667
185	544	606	0	593	670
254	544	606	0	604	719
308	544	606	17	612	761
386	544	606	177	603	751
451	544	606	311	595	750
482	544	606	383	589	747
513	544	606	470	580	746
544	544	606	566	573	751
575	544	606	669	563	746
606	544	606	788	554	740
637	544	606	921	545	734
668	544	606	963	529	720
800	544	606	1023	441	638
924	544	606	1023	311	472
0	575	606	0	651	665
62	575	606	0	651	668
123	575	606	0	655	667
185	575	606	0	662	673
254	575	606	0	674	707
308	575	606	0	688	747
386	575	606	155	682	748
451	575	606	285	673	745
482	575	606	359	665	744
513	575	606	442	659	741
544	575	606	537	653	738
575	575	606	638	643	735
606	575	606	756	635	735
637	575	606	889	624	729
668	575	606	953	610	716
800	575	606	1023	515	636
924	575	606	1023	364	479
0	606	606	0	725	666
62	606	606	0	728	666
123	606	606	0	730	677
185	606	606	0	738	685
254	606	606	0	755	702
308	606	606	0	769	728
386	606	606	130	766	732
451	606	606	262	760	735
482	606	606	334	753	733
513	606	606	414	747	732
544	606	606	506	742	729
575	606	606	610	733	726
606	606	606	726	726	726
637	606	606	853	717	729
668	606	606	941	701	717
800	606	606	1023	597	636
924	606	606	1023	426	481
0	637	606	0	808	682
62	637	606	0	808	685
123	637	606	0	814	689
185	637	606	0	822	698
254	637	606	0	841	701
308	637	606	0	857	714
386	637	606	108	866	723
451	637	606	239	855	723
482	637	606	309	852	721
513	637	606	387	845	720
544	637	606	477	838	720
575	637	606	578	830	717
606	637	606	691	822	714
637	637	606	819	812	709
668	637	606	927	794	713
800	637	606	1023	685	637
924	637	606	1023	498	485
0	668	606	0	902	701
62	668	606	0	902	701
123	668	606	0	909	704
185	668	606	0	919	707
254	668	606	0	928	693
308	668	606	0	932	705
386	668	606	81	935	705
451	668	606	214	934	705
482	668	606	280	933	705
513	668	606	356	932	704
544	668	606	444	927	702
575	668	606	541	922	706
606	668	606	651	915	700
637	668	606	773	910	697
668	668	606	901	897	640
800	668	606	1023	781	634
924	668	606	1023	579	491
0	800	606	0	1015	809
62	800	606	0	1015	809
123	800	606	0	1016	802
185	800	606	0	1019	782
254	800	606	0	1022	755
308	800	606	0	1023	646
386	800	606	0	1023	598
451	800	606	86	1023	598
482	800	606	150	1023	598
513	800	606	213	1023	598
544	800	606	284	1023	595
575	800	606	361	1023	595
606	800	606	452	1023	595
637	800	606	553	1023	594
668	800	606	670	1023	596
800	800	606	1023	1023	582
924	800	606	1023	935	517
0	924	606	0	1023	773
62	924	606	0	1023	773
123	924	606	0	1023	768
185	924	606	0	1023	784
254	924	606	0	1023	757
308	924	606	0	1023	723
386	924	606	0	1023	645
451	924	606	0	1023	563
482	924	606	11	1023	538
513	924	606	98	1023	538
544	924	606	167	1023	540
575	924	606	234	1023	542
606	924	606	311	1023	545
637	924	606	394	1023	547
668	924	606	498	1023	549
800	924	606	950	1023	558
924	924	606	1023	1023	552
0	0	637	0	2	745
62	0	637	0	1	766
123	0	637	2	0	829
185	0	637	74	0	823
254	0	637	151	0	810
308	0	637	218	0	798
386	0	637	337	0	789
451	0	637	458	0	785
482	0	637	528	0	781
513	0	637	604	0	783
544	0	637	689	0	774
575	0	637	776	0	770
606	0	637	877	0	750
637	0	637	973	0	753
668	0	637	985	0	745
800	0	637	1023	0	669
924	0	637	1023	0	563
0	62	637	0	13	742
62	62	637	0	9	761
123	62	637	0	1	858
185	62	637	55	0	892
254	62	637	143	0	865
308	62	637	214	0	846
386	62	637	337	0	816
451	62	637	461	0	805
482	62	637	534	0	802
513	62	637	611	0	798
544	62	637	696	0	788
575	62	637	785	0	781
606	62	637	886	0	773
637	62	637	974	0	757
668	62	637	986	0	750
800	62	637	1023	0	668
924	62	637	1023	0	563
0	123	637	0	49	731
62	123	637	0	46	753
123	123	637	0	35	842
185	123	637	27	19	958
254	123	637	126	11	957
308	123	637	201	2	954
386	123	637	341	0	940
451	123	637	476	0	890
482	123	637	554	0	873
513	123	637	637	0	853
544	123	637	723	0	839
575	123	637	819	0	821
606	123	637	924	0	807
637	123	637	978	0	772
668	123	637	991	0	765
800	123	637	1023	0	666
924	123	637	1023	0	554
0	185	637	0	96	715
62	185	637	0	94	738
123	185	637	0	87	817
185	185	637	8	74	955
254	185	637	116	69	953
308	185	637	193	64	952
386	185	637	332	52	944
451	185	637	475	38	930
482	185	637	560	31	926
513	185	637	650	23	916
544	185	637	750	15	902
575	185	637	859	6	886
606	185	637	972	1	865
637	185	637	986	0	845
668	185	637	999	0	824
800	185	637	1023	0	669
924	185	637	1023	0	540
0	254	637	0	157	690
62	254	637	0	155	708
123	254	637	0	151	774
185	254	637	0	142	934
254	254	637	98	137	949
308	254	637	178	133	947
386	254	637	314	125	940
451	254	637	459	116	928
482	254	637	543	110	920
513	254	637	633	105	914
544	254	637	733	97	901
575	254	637	841	91	887
606	254	637	965	82	871
637	254	637	983	74	848
668	254	637	998	64	843
800	254	637	1023	6	730
924	254	637	1023	3	524
0	308	637	0	209	672
62	308	637	0	209	688
123	308	637	0	209	735
185	308	637	0	201	863
254	308	637	77	196	945
308	308	637	162	192	942
386	308	637	297	185	936
451	308	637	441	176	926
482	308	637	527	171	922
513	308	637	614	166	909
544	308	637	715	159	895
575	308	637	824	151	883
606	308	637	944	144	867
637	308	637	981	135	847
668	308	637	996	127	836
800	308	637	1023	82	727
924	308	637	1023	56	526
0	386	637	0	305	669
62	386	637	0	306	678
123	386	637	0	307	710
185	386	637	0	306	801
254	386	637	29	303	914
308	386	637	128	299	912
386	386	637	268	292	923
451	386	637	406	284	918
482	386	637	489	278	911
513	386	637	577	271	900
544	386	637	678	264	890
575	386	637	786	257	882
606	386	637	905	247	867
637	386	637	972	237	850
668	386	637	990	229	836
800	386	637	1023	175	723
924	386	637	1023	124	528
0	451	637	0	403	695
62	451	637	0	404	692
123	451	637	0	406	710
185	451	637	0	408	769
254	451	637	0	411	890
308	451	637	92	409	896
386	451	637	234	400	894
451	451	637	370	391	898
482	451	637	448	385	898
513	451	637	536	379	892
544	451	637	636	372	884
575	451	637	743	362	874
606	451	637	860	353	860
637	451	637	960	343	844
668	451	637	980	332	831
800	451	637	1023	267	726
924	451	637	1023	188	528
0	482	637	0	457	697
62	482	637	0	459	703
123	482	637	0	460	717
185	482	637	0	465	758
254	482	637	0	470	851
308	482	637	70	469	885
386	482	637	214	462	884
451	482	637	352	452	889
482	482	637	427	446	887
513	482	637	517	440	881
544	482	637	613	433	872
575	482	637	719	422	863
606	482	637	835	413	851
637	482	637	953	402	843
668	482	637	974	389	829
800	482	637	1023	317	736
924	482	637	1023	221	531
0	513	637	0	518	698
62	513	637	0	518	702
123	513	637	0	519	725
185	513	637	0	524	752
254	513	637	0	534	820
308	513	637	40	538	867
386	513	637	193	530	871
451	513	637	330	520	866
482	513	637	404	514	876
513	513	637	491	508	872
544	513	637	585	497	864
575	513	637	694	489	857
606	513	637	809	479	848
637	513	637	942	467	836
668	513	637	968	453	821
800	513	637	1023	374	726
924	513	637	1023	265	531
0	544	637	0	582	710
62	544	637	0	582	713
123	544	637	0	586	730
185	544	637	0	592	748
254	544	637	0	599	800
308	544	637	10	607	853
386	544	637	171	600	850
451	544	637	306	590	848
482	544	637	379	586	846
513	544	637	463	578	844
544	544	637	558	570	850
575	544	637	664	563	845
606	544	637	781	554	838
637	544	637	912	542	835
668	544	637	960	528	819
800	544	637	1023	441	726
924	544	637	1023	313	538
0	575	637	0	649	722
62	575	637	0	649	725
123	575	637	0	653	738
185	575	637	0	660	750
254	575	637	0	672	788
308	575	637	0	685	842
386	575	637	150	678	838
451	575	637	280	670	836
482	575	637	355	665	836
513	575	637	437	657	832
544	575	637	528	650	830
575	575	637	633	641	837
606	575	637	754	632	831
637	575	637	882	623	827
668	575	637	951	608	815
800	575	637	1023	516	727
924	575	637	1023	366	542
0	606	637	0	725	737
62	606	637	0	728	740
123	606	637	0	730	750
185	606	637	0	738	754
254	606	637	0	751	779
308	606	637	0	766	818
386	606	637	125	766	836
451	606	637	257	757	832
482	606	637	330	753	832
513	606	637	409	746	829
544	606	637	499	738	825
575	606	637	604	733	825
606	606	637	718	723	822
637	606	637	846	717	821
668	606	637	939	699	811
800	606	637	1023	595	723
924	606	637	1023	426	547
0	637	637	0	808	740
62	637	637	0	810	743
123	637	637	0	813	750
185	637	637	0	821	765
254	637	637	0	836	779
308	637	637	0	856	802
386	637	637	103	862	819
451	637	637	235	855	819
482	637	637	304	851	822
513	637	637	381	843	819
544	637	637	470	837	818
575	637	637	573	830	816
606	637	637	685	822	816
637	637	637	812	812	812
668	637	637	922	795	812
800	637	637	1023	686	724
924	637	637	1023	498	552
0	668	637	0	902	758
62	668	637	0	905	762
123	668	637	0	909	765
185	668	637	0	918	775
254	668	637	0	927	748
308	668	637	0	932	782
386	668	637	75	935	806
451	668	637	209	934	805
482	668	637	276	932	805
513	668	637	353	928	805
544	668	637	437	925	802
575	668	637	537	922	799
606	668	637	646	915	792
637	668	637	768	906	790
668	668	637	900	897	731
800	668	637	1023	782	724
924	668	637	1023	577	556
0	800	637	0	1015	834
62	800	637	0	1015	834
123	800	637	0	1016	827
185	800	637	0	1019	819
254	800	637	0	1022	805
308	800	637	0	1023	715
386	800	637	0	1023	678
451	800	637	82	1023	685
482	800	637	146	1023	685
513	800	637	210	1023	685
544	800	637	282	1023	683
575	800	637	358	1023	683
606	800	637	446	1023	683
637	800	637	548	1023	680
668	800	637	665	1023	680
800	800	637	1023	1023	666
924	800	637	1023	937	589
0	924	637	0	1023	815
62	924	637	0	1023	815
123	924	637	0	1023	811
185	924	637	0	1023	805
254	924	637	0	1023	792
308	924	637	0	1023	777
386	924	637	0	1023	720
451	924	637	0	1023	642
482	924	637	4	1023	612
513	924	637	94	1023	612
544	924	637	163	1023	615
575	924	637	230	1023	620
606	924	637	307	1023	620
637	924	637	391	1023	623
668	924	637	493	1023	626
800	924	637	948	1023	637
924	924	637	1023	1023	634
0	0	668	0	2	810
62	0	668	0	1	834
123	0	668	2	0	915
185	0	668	70	0	908
254	0	668	146	0	898
308	0	668	213	0	889
386	0	668	331	0	881
451	0	668	453	0	875
482	0	668	523	0	872
513	0	668	599	0	872
544	0	668	682	0	864
575	0	668	770	0	861
606	0	668	870	0	841
637	0	668	972	0	792
668	0	668	985	0	794
800	0	668	1023	0	759
924	0	668	1023	0	631
0	62	668	0	14	809
62	62	668	0	10	831
123	62	668	0	1	938
185	62	668	50	0	975
254	62	668	139	0	955
308	62	668	208	0	933
386	62	668	332	0	912
451	62	668	456	0	903
482	62	668	529	0	896
513	62	668	606	0	892
544	62	668	689	0	881
575	62	668	778	0	860
606	62	668	880	0	852
637	62	668	973	0	851
668	62	668	986	0	840
800	62	668	1023	0	757
924	62	668	1023	0	628
0	123	668	0	48	799
62	123	668	0	45	825
123	123	668	0	34	921
185	123	668	16	16	1023
254	123	668	119	8	1023
308	123	668	194	2	1023
386	123	668	331	0	1023
451	123	668	468	0	996
482	123	668	545	0	980
513	123	668	628	0	959
544	123	668	714	0	940
575	123	668	810	0	923
606	123	668	916	0	905
637	123	668	977	0	871
668	123	668	990	0	860
800	123	668	1023	0	754
924	123	668	1023	0	618
0	185	668	0	94	783
62	185	668	0	93	808
123	185	668	0	86	892
185	185	668	1	71	1023
254	185	668	108	67	1023
308	185	668	186	61	1023
386	185	668	322	49	1023
451	185	668	466	36	1023
482	185	668	550	29	1023
513	185	668	640	21	1015
544	185	668	741	13	1000
575	185	668	850	4	986
606	185	668	968	1	968
637	185	668	983	0	950
668	185	668	997	0	933
800	185	668	1023	0	758
924	185	668	1023	0	604
0	254	668	0	155	761
62	254	668	0	154	784
123	254	668	0	149	854
185	254	668	0	141	1000
254	254	668	90	135	1023
308	254	668	171	131	1023
386	254	668	306	122	1023
451	254	668	451	114	1023
482	254	668	533	109	1023
513	254	668	624	102	1013
544	254	668	724	96	1000
575	254	668	832	88	986
606	254	668	957	81	968
637	254	668	981	72	954
668	254	668	997	63	937
800	254	668	1023	6	810
924	254	668	1023	3	589
0	308	668	0	210	742
62	308	668	0	208	760
123	308	668	0	206	828
185	308	668	0	200	947
254	308	668	68	194	1023
308	308	668	154	189	1023
386	308	668	289	182	1023
451	308	668	433	174	1023
482	308	668	516	169	1022
513	308	668	604	163	1012
544	308	668	703	157	998
575	308	668	816	150	986
606	308	668	934	141	970
637	308	668	976	133	952
668	308	668	993	125	935
800	308	668	1023	81	811
924	308	668	1023	55	591
0	386	668	0	304	738
62	386	668	0	304	752
123	386	668	0	305	798
185	386	668	0	303	890
254	386	668	20	301	1016
308	386	668	122	295	1023
386	386	668	261	290	1023
451	386	668	400	281	1023
482	386	668	481	275	1014
513	386	668	570	269	1006
544	386	668	670	262	997
575	386	668	777	255	983
606	386	668	897	245	969
637	386	668	970	236	953
668	386	668	988	227	936
800	386	668	1023	175	814
924	386	668	1023	123	594
0	451	668	0	403	754
62	451	668	0	403	760
123	451	668	0	404	789
185	451	668	0	406	852
254	451	668	0	409	995
308	451	668	85	406	1004
386	451	668	227	397	1002
451	451	668	364	388	1006
482	451	668	440	383	1001
513	451	668	529	378	995
544	451	668	628	370	988
575	451	668	735	360	975
606	451	668	851	350	965
637	451	668	959	341	950
668	451	668	979	330	934
800	451	668	1023	266	821
924	451	668	1023	187	594
0	482	668	0	458	763
62	482	668	0	458	773
123	482	668	0	459	788
185	482	668	0	463	840
254	482	668	0	466	951
308	482	668	61	465	993
386	482	668	208	458	992
451	482	668	346	450	997
482	482	668	421	444	994
513	482	668	508	437	988
544	482	668	605	429	982
575	482	668	711	421	973
606	482	668	828	410	960
637	482	668	951	400	948
668	482	668	973	387	932
800	482	668	1023	317	825
924	482	668	1023	221	596
0	513	668	0	516	772
62	513	668	0	515	778
123	513	668	0	519	789
185	513	668	0	523	831
254	513	668	0	531	918
308	513	668	29	533	980
386	513	668	188	526	976
451	513	668	324	518	974
482	513	668	397	511	983
513	513	668	484	504	977
544	513	668	578	495	972
575	513	668	686	487	963
606	513	668	802	476	952
637	513	668	933	467	943
668	513	668	966	453	927
800	513	668	1023	375	822
924	513	668	1023	265	599
0	544	668	0	580	772
62	544	668	0	580	776
123	544	668	0	584	798
185	544	668	0	587	826
254	544	668	0	597	890
308	544	668	2	605	961
386	544	668	166	598	961
451	544	668	299	588	960
482	544	668	373	582	957
513	544	668	456	575	968
544	544	668	551	570	962
575	544	668	655	559	957
606	544	668	773	551	948
637	544	668	907	542	940
668	544	668	958	526	925
800	544	668	1023	440	822
924	544	668	1023	311	604
0	575	668	0	648	786
62	575	668	0	648	789
123	575	668	0	652	804
185	575	668	0	660	824
254	575	668	0	669	872
308	575	668	0	681	948
386	575	668	144	677	945
451	575	668	274	667	945
482	575	668	348	660	945
513	575	668	428	657	942
544	575	668	523	647	940
575	575	668	628	641	945
606	575	668	742	632	941
637	575	668	874	622	936
668	575	668	950	606	922
800	575	668	1023	514	821
924	575	668	1023	364	612
0	606	668	0	724	799
62	606	668	0	726	802
123	606	668	0	728	817
185	606	668	0	735	830
254	606	668	0	749	862
308	606	668	0	763	919
386	606	668	121	766	945
451	606	668	253	755	934
482	606	668	324	749	934
513	606	668	403	744	934
544	606	668	494	737	930
575	606	668	596	729	928
606	606	668	712	721	934
637	606	668	843	711	929
668	606	668	938	697	917
800	606	668	1023	595	819
924	606	668	1023	426	618
0	637	668	0	806	814
62	637	668	0	808	818
123	637	668	0	811	829
185	637	668	0	819	834
254	637	668	0	835	861
308	637	668	0	852	899
386	637	668	98	862	933
451	637	668	230	854	933
482	637	668	299	846	933
513	637	668	375	841	933
544	637	668	464	834	930
575	637	668	566	827	925
606	637	668	680	822	925
637	637	668	806	812	921
668	637	668	920	796	910
800	637	668	1023	684	815
924	637	668	1023	498	623
0	668	668	0	902	823
62	668	668	0	905	827
123	668	668	0	908	835
185	668	668	0	918	850
254	668	668	0	927	805
308	668	668	0	932	856
386	668	668	69	935	917
451	668	668	205	932	914
482	668	668	269	929	913
513	668	668	347	928	921
544	668	668	432	923	917
575	668	668	530	919	913
606	668	668	639	912	906
637	668	668	763	905	902
668	668	668	895	895	895
800	668	668	1023	780	817
924	668	668	1023	579	634
0	800	668	0	1015	814
62	800	668	0	1015	814
123	800	668	0	1016	814
185	800	668	0	1019	814
254	800	668	0	1022	811
308	800	668	0	1023	775
386	800	668	0	1023	792
451	800	668	77	1023	780
482	800	668	142	1023	780
513	800	668	206	1023	778
544	800	668	276	1023	777
575	800	668	352	1023	777
606	800	668	441	1023	777
637	800	668	543	1023	774
668	800	668	658	1023	771
800	800	668	1023	1023	755
924	800	668	1023	937	671
0	924	668	0	1023	857
62	924	668	0	1023	857
123	924	668	0	1023	852
185	924	668	0	1023	848
254	924	668	0	1023	840
308	924	668	0	1023	828
386	924	668	0	1023	788
451	924	668	0	1023	732
482	924	668	3	1023	697
513	924	668	90	1023	700
544	924	668	160	1023	700
575	924	668	226	1023	703
606	924	668	302	1023	709
637	924	668	389	1023	712
668	924	668	487	1023	715
800	924	668	945	1023	726
924	924	668	1023	1023	723
0	0	800	0	5	1023
62	0	800	0	2	1023
123	0	800	0	0	1023
185	0	800	52	0	1023
254	0	800	129	0	1023
308	0	800	192	0	1023
386	0	800	307	0	1023
451	0	800	426	0	1023
482	0	800	495	0	1023
513	0	800	569	0	1022
544	0	800	650	0	1017
575	0	800	742	0	1012
606	0	800	839	0	1007
637	0	800	950	0	1002
668	0	800	970	0	985
800	0	800	1023	0	952
924	0	800	1023	0	888
0	62	800	0	16	1023
62	62	800	0	13	1023
123	62	800	0	2	1023
185	62	800	27	0	1023
254	62	800	118	0	1023
308	62	800	185	0	1023
386	62	800	304	0	1023
451	62	800	427	0	1023
482	62	800	496	0	1023
513	62	800	572	0	1022
544	62	800	654	0	1017
575	62	800	747	0	1013
606	62	800	844	0	1009
637	62	800	953	0	989
668	62	800	970	0	987
800	62	800	1023	0	956
924	62	800	1023	0	886
0	123	800	0	46	1023
62	123	800	0	43	1023
123	123	800	0	32	1023
185	123	800	0	13	1023
254	123	800	80	1	1023
308	123	800	157	0	1023
386	123	800	291	0	1023
451	123	800	425	0	1023
482	123	800	501	0	1023
513	123	800	582	0	1023
544	123	800	671	0	1018
575	123	800	766	0	1015
606	123	800	871	0	1011
637	123	800	955	0	999
668	123	800	974	0	997
800	123	800	1023	0	968
924	123	800	1023	0	884
0	185	800	0	90	1023
62	185	800	0	89	1023
123	185	800	0	82	1023
185	185	800	0	68	1023
254	185	800	69	53	1023
308	185	800	148	47	1023
386	185	800	277	34	1023
451	185	800	416	22	1023
482	185	800	493	17	1023
513	185	800	583	11	1023
544	185	800	681	4	1023
575	185	800	789	1	1023
606	185	800	911	0	1023
637	185	800	960	0	1023
668	185	800	980	0	1019
800	185	800	1023	0	998
924	185	800	1023	0	880
0	254	800	0	148	1023
62	254	800	0	148	1023
123	254	800	0	143	1023
185	254	800	0	133	1023
254	254	800	45	121	1023
308	254	800	133	117	1023
386	254	800	265	110	1023
451	254	800	401	102	1023
482	254	800	479	97	1023
513	254	800	566	92	1023
544	254	800	663	86	1023
575	254	800	773	80	1023
606	254	800	895	73	1023
637	254	800	952	64	1023
668	254	800	977	54	1023
800	254	800	1023	4	1023
924	254	800	1023	1	872
0	308	800	0	203	1023
62	308	800	0	201	1023
123	308	800	0	198	1023
185	308	800	0	190	1023
254	308	800	19	178	1023
308	308	800	118	174	1023
386	308	800	251	168	1023
451	308	800	383	161	1023
482	308	800	462	156	1023
513	308	800	549	152	1023
544	308	800	645	146	1023
575	308	800	755	139	1023
606	308	800	874	132	1023
637	308	800	949	124	1023
668	308	800	974	118	1023
800	308	800	1023	77	1023
924	308	800	1023	43	874
0	386	800	0	299	1022
62	386	800	0	298	1022
123	386	800	0	297	1022
185	386	800	0	293	1023
254	386	800	0	283	1023
308	386	800	86	276	1023
386	386	800	222	269	1023
451	386	800	355	262	1023
482	386	800	429	258	1023
513	386	800	517	252	1023
544	386	800	612	247	1023
575	386	800	719	241	1023
606	386	800	837	235	1023
637	386	800	942	227	1023
668	386	800	968	218	1023
800	386	800	1023	171	1023
924	386	800	1023	114	880
0	451	800	0	396	1010
62	451	800	0	396	1011
123	451	800	0	396	1013
185	451	800	0	394	1018
254	451	800	0	389	1022
308	451	800	42	381	1023
386	451	800	191	374	1023
451	451	800	324	367	1023
482	451	800	396	362	1023
513	451	800	482	358	1023
544	451	800	575	353	1023
575	451	800	682	346	1023
606	451	800	796	338	1023
637	451	800	931	331	1023
668	451	800	959	319	1023
800	451	800	1023	261	1023
924	451	800	1023	185	886
0	482	800	0	449	1008
62	482	800	0	449	1008
123	482	800	0	450	1006
185	482	800	0	449	1011
254	482	800	0	449	1018
308	482	800	16	442	1023
386	482	800	174	435	1023
451	482	800	306	427	1023
482	482	800	378	421	1023
513	482	800	461	417	1023
544	482	800	556	411	1023
575	482	800	662	403	1023
606	482	800	777	397	1023
637	482	800	909	389	1023
668	482	800	954	376	1023
800	482	800	1023	311	1023
924	482	800	1023	220	890
0	513	800	0	510	1004
62	513	800	0	510	1004
123	513	800	0	510	1005
185	513	800	0	512	1004
254	513	800	0	512	1014
308	513	800	0	509	1023
386	513	800	157	500	1023
451	513	800	285	492	1023
482	513	800	359	486	1023
513	513	800	441	482	1023
544	513	800	534	477	1023
575	513	800	635	470	1023
606	513	800	755	462	1023
637	513	800	885	453	1023
668	513	800	948	442	1023
800	513	800	1023	368	1023
924	513	800	1023	265	895
0	544	800	0	573	995
62	544	800	0	573	996
123	544	800	0	574	999
185	544	800	0	577	995
254	544	800	0	580	1008
308	544	800	0	584	1021
386	544	800	136	575	1023
451	544	800	266	568	1023
482	544	800	340	561	1023
513	544	800	419	556	1023
544	544	800	510	553	1023
575	544	800	613	544	1023
606	544	800	729	538	1023
637	544	800	857	530	1023
668	544	800	942	515	1023
800	544	800	1023	433	1023
924	544	800	1023	313	899
0	575	800	0	643	985
62	575	800	0	643	986
123	575	800	0	644	989
185	575	800	0	648	992
254	575	800	0	655	1002
308	575	800	0	660	1016
386	575	800	116	656	1023
451	575	800	247	648	1023
482	575	800	319	644	1023
513	575	800	395	638	1023
544	575	800	485	633	1023
575	575	800	590	625	1023
606	575	800	701	618	1023
637	575	800	831	610	1023
668	575	800	934	596	1023
800	575	800	1023	505	1023
924	575	800	1023	366	905
0	606	800	0	720	979
62	606	800	0	720	980
123	606	800	0	722	983
185	606	800	0	729	987
254	606	800	0	736	997
308	606	800	0	746	1011
386	606	800	95	748	1023
451	606	800	227	739	1023
482	606	800	296	736	1023
513	606	800	373	728	1023
544	606	800	459	721	1023
575	606	800	562	717	1023
606	606	800	675	710	1023
637	606	800	797	698	1023
668	606	800	918	685	1023
800	606	800	1023	587	1023
924	606	800	1023	430	913
0	637	800	0	805	974
62	637	800	0	805	976
123	637	800	0	808	979
185	637	800	0	816	986
254	637	800	0	827	993
308	637	800	0	839	1007
386	637	800	67	847	1023
451	637	800	204	837	1023
482	637	800	269	834	1023
513	637	800	348	825	1023
544	637	800	433	821	1023
575	637	800	531	813	1023
606	637	800	639	802	1023
637	637	800	761	792	1023
668	637	800	895	780	1023
800	637	800	1023	676	1023
924	637	800	1023	502	917
0	668	800	0	899	973
62	668	800	0	899	974
123	668	800	0	901	977
185	668	800	0	910	983
254	668	800	0	916	978
308	668	800	0	918	1000
386	668	800	23	919	1023
451	668	800	177	914	1023
482	668	800	243	912	1023
513	668	800	317	910	1023
544	668	800	398	906	1023
575	668	800	496	904	1023
606	668	800	600	898	1023
637	668	800	719	887	1023
668	668	800	848	872	1023
800	668	800	1023	772	1023
924	668	800	1023	584	925
0	800	800	0	1015	985
62	800	800	0	1015	985
123	800	800	0	1016	988
185	800	800	0	1018	993
254	800	800	0	1021	999
308	800	800	0	1023	989
386	800	800	0	1023	1009
451	800	800	50	1023	1021
482	800	800	120	1023	1021
513	800	800	187	1023	1021
544	800	800	255	1023	1021
575	800	800	329	1023	1021
606	800	800	416	1023	1021
637	800	800	517	1023	1021
668	800	800	627	1023	1023
800	800	800	1023	1023	1023
924	800	800	1023	945	960
0	924	800	0	1023	1018
62	924	800	0	1023	1018
123	924	800	0	1023	1019
185	924	800	0	1023	1019
254	924	800	0	1023	1021
308	924	800	0	1023	1023
386	924	800	0	1023	1011
451	924	800	0	1023	992
482	924	800	0	1023	982
513	924	800	70	1023	982
544	924	800	140	1023	984
575	924	800	208	1023	986
606	924	800	284	1023	988
637	924	800	368	1023	990
668	924	800	466	1023	992
800	924	800	933	1023	1001
924	924	800	1023	1023	1007
0	0	924	0	9	1023
62	0	924	0	6	1023
123	0	924	0	1	1023
185	0	924	22	0	1023
254	0	924	102	0	1023
308	0	924	161	0	1023
386	0	924	261	0	1023
451	0	924	368	0	1023
482	0	924	428	0	1023
513	0	924	495	0	1023
544	0	924	569	0	1023
575	0	924	653	0	1023
606	0	924	741	0	1023
637	0	924	842	0	1023
668	0	924	892	0	1023
800	0	924	1023	0	1023
924	0	924	1023	0	1023
0	62	924	0	17	1023
62	62	924	0	14	1023
123	62	924	0	4	1023
185	62	924	5	0	1023
254	62	924	88	0	1023
308	62	924	149	0	1023
386	62	924	251	0	1023
451	62	924	361	0	1023
482	62	924	421	0	1023
513	62	924	490	0	1023
544	62	924	566	0	1023
575	62	924	647	0	1023
606	62	924	740	0	1023
637	62	924	840	0	1023
668	62	924	890	0	1023
800	62	924	1023	0	1023
924	62	924	1023	0	1023
0	123	924	0	43	1023
62	123	924	0	39	1023
123	123	924	0	26	1023
185	123	924	0	8	1023
254	123	924	13	0	1023
308	123	924	102	0	1023
386	123	924	217	0	1023
451	123	924	332	0	1023
482	123	924	395	0	1023
513	123	924	466	0	1023
544	123	924	546	0	1023
575	123	924	634	0	1023
606	123	924	730	0	1023
637	123	924	831	0	1023
668	123	924	882	0	1023
800	123	924	1023	0	1023
924	123	924	1023	0	1023
0	185	924	0	88	1023
62	185	924	0	85	1023
123	185	924	0	76	1023
185	185	924	0	55	1023
254	185	924	3	20	1023
308	185	924	85	14	1023
386	185	924	190	4	1023
451	185	924	295	3	1023
482	185	924	355	2	1023
513	185	924	424	1	1023
544	185	924	506	0	1023
575	185	924	596	0	1023
606	185	924	707	0	1023
637	185	924	801	0	1023
668	185	924	872	0	1023
800	185	924	1023	0	1023
924	185	924	1023	0	1023
0	254	924	0	143	1023
62	254	924	0	140	1023
123	254	924	0	131	1023
185	254	924	0	113	1023
254	254	924	1	82	1023
308	254	924	73	79	1023
386	254	924	180	74	1023
451	254	924	285	68	1023
482	254	924	343	64	1023
513	254	924	413	60	1023
544	254	924	493	57	1023
575	254	924	579	52	1023
606	254	924	683	45	1023
637	254	924	784	38	1023
668	254	924	860	30	1023
800	254	924	1023	2	1023
924	254	924	1023	0	1023
0	308	924	0	196	1023
62	308	924	0	193	1023
123	308	924	0	184	1023
185	308	924	0	167	1023
254	308	924	0	135	1023
308	308	924	59	128	1023
386	308	924	170	122	1023
451	308	924	274	116	1023
482	308	924	333	114	1023
513	308	924	402	110	1023
544	308	924	479	106	1023
575	308	924	565	102	1023
606	308	924	666	98	1023
637	308	924	774	94	1023
668	308	924	850	89	1023
800	308	924	1023	66	1023
924	308	924	1023	23	1023
0	386	924	0	288	1023
62	386	924	0	287	1023
123	386	924	0	278	1023
185	386	924	0	261	1023
254	386	924	0	228	1023
308	386	924	21	208	1023
386	386	924	148	204	1023
451	386	924	253	199	1023
482	386	924	311	197	1023
513	386	924	378	194	1023
544	386	924	453	190	1023
575	386	924	540	188	1023
606	386	924	642	184	1023
637	386	924	752	180	1023
668	386	924	831	176	1023
800	386	924	1023	155	1023
924	386	924	1023	109	1023
0	451	924	0	384	1023
62	451	924	0	383	1023
123	451	924	0	374	1023
185	451	924	0	359	1023
254	451	924	0	330	1023
308	451	924	0	294	1023
386	451	924	124	290	1023
451	451	924	230	285	1023
482	451	924	289	282	1023
513	451	924	353	278	1023
544	451	924	428	275	1023
575	451	924	513	272	1023
606	451	924	610	268	1023
637	451	924	723	264	1023
668	451	924	813	259	1023
800	451	924	1023	237	1023
924	451	924	1023	184	1023
0	482	924	0	439	1023
62	482	924	0	437	1023
123	482	924	0	429	1023
185	482	924	0	414	1023
254	482	924	0	385	1023
308	482	924	0	349	1023
386	482	924	112	336	1023
451	482	924	216	331	1023
482	482	924	278	328	1023
513	482	924	340	324	1023
544	482	924	415	321	1023
575	482	924	500	318	1023
606	482	924	596	314	1023
637	482	924	706	311	1023
668	482	924	803	305	1023
800	482	924	1023	285	1023
924	482	924	1023	220	1023
0	513	924	0	497	1023
62	513	924	0	495	1023
123	513	924	0	488	1023
185	513	924	0	474	1023
254	513	924	0	446	1023
308	513	924	0	412	1023
386	513	924	96	391	1023
451	513	924	205	384	1023
482	513	924	264	381	1023
513	513	924	326	378	1023
544	513	924	398	374	1023
575	513	924	485	371	1023
606	513	924	579	368	1023
637	513	924	689	363	1023
668	513	924	791	358	1023
800	513	924	1023	336	1023
924	513	924	1023	265	1023
0	544	924	0	560	1023
62	544	924	0	558	1023
123	544	924	0	551	1023
185	544	924	0	538	1023
254	544	924	0	514	1023
308	544	924	0	482	1023
386	544	924	82	453	1023
451	544	924	192	447	1023
482	544	924	250	443	1023
513	544	924	313	440	1023
544	544	924	382	436	1023
575	544	924	468	432	1023
606	544	924	563	428	1023
637	544	924	671	423	1023
668	544	924	780	419	1023
800	544	924	1023	394	1023
924	544	924	1023	314	1023
0	575	924	0	628	1023
62	575	924	0	626	1023
123	575	924	0	620	1023
185	575	924	0	610	1023
254	575	924	0	587	1023
308	575	924	0	560	1023
386	575	924	64	526	1023
451	575	924	179	519	1023
482	575	924	234	515	1023
513	575	924	297	513	1023
544	575	924	368	508	1023
575	575	924	451	504	1023
606	575	924	542	500	1023
637	575	924	650	493	1023
668	575	924	766	487	1023
800	575	924	1023	462	1023
924	575	924	1023	369	1023
0	606	924	0	703	1023
62	606	924	0	701	1023
123	606	924	0	696	1023
185	606	924	0	686	1023
254	606	924	0	668	1023
308	606	924	0	642	1023
386	606	924	40	602	1023
451	606	924	163	594	1023
482	606	924	216	591	1023
513	606	924	282	586	1023
544	606	924	351	582	1023
575	606	924	432	579	1023
606	606	924	526	575	1023
637	606	924	628	568	1023
668	606	924	747	563	1023
800	606	924	1023	538	1023
924	606	924	1023	432	1023
0	637	924	0	787	1023
62	637	924	0	785	1023
123	637	924	0	780	1023
185	637	924	0	772	1023
254	637	924	0	754	1023
308	637	924	0	735	1023
386	637	924	4	694	1023
451	637	924	145	683	1023
482	637	924	201	680	1023
513	637	924	264	674	1023
544	637	924	333	671	1023
575	637	924	411	666	1023
606	637	924	504	661	1023
637	637	924	604	655	1023
668	637	924	723	650	1023
800	637	924	1023	623	1023
924	637	924	1023	506	1023
0	668	924	0	870	1023
62	668	924	0	869	1023
123	668	924	0	865	1023
185	668	924	0	858	1023
254	668	924	0	843	1023
308	668	924	0	823	1023
386	668	924	0	782	1023
451	668	924	125	776	1023
482	668	924	185	774	1023
513	668	924	246	770	1023
544	668	924	314	768	1023
575	668	924	391	764	1023
606	668	924	483	761	1023
637	668	924	584	755	1023
668	668	924	700	749	1023
800	668	924	1023	718	1023
924	668	924	1023	589	1023
0	800	924	0	1010	1023
62	800	924	0	1011	1023
123	800	924	0	1012	1023
185	800	924	0	1015	1023
254	800	924	0	1020	1023
308	800	924	0	1023	1023
386	800	924	0	1023	1023
451	800	924	4	1023	1023
482	800	924	92	1023	1023
513	800	924	159	1023	1023
544	800	924	225	1023	1023
575	800	924	298	1023	1023
606	800	924	379	1023	1023
637	800	924	474	1023	1023
668	800	924	582	1023	1023
800	800	924	1003	1017	1023
924	800	924	1023	952	1023
0	924	924	0	1023	1023
62	924	924	0	1023	1023
123	924	924	0	1023	1023
185	924	924	0	1023	1023
254	924	924	0	1023	1023
308	924	924	0	1023	1023
386	924	924	0	1023	1023
451	924	924	0	1023	1023
482	924	924	0	1023	1023
513	924	924	39	1023	1023
544	924	924	118	1023	1023
575	924	924	189	1023	1023
606	924	924	265	1023	1023
637	924	924	345	1023	1023
668	924	924	442	1023	1023
800	924	924	917	1023	1023
924	924	924	1023	1023	1023