0	0	0	0	0	0
62	0	0	96	0	5
123	0	0	155	0	6
185	0	0	212	0	6
254	0	0	277	0	3
308	0	0	345	0	8
386	0	0	470	0	18
451	0	0	600	0	22
482	0	0	679	0	23
513	0	0	759	0	24
544	0	0	847	0	26
575	0	0	944	0	26
606	0	0	1012	0	27
637	0	0	1023	0	21
668	0	0	1023	0	21
800	0	0	1023	0	5
924	0	0	1023	0	4
0	62	0	0	71	0
62	62	0	66	63	0
123	62	0	142	37	0
185	62	0	210	12	3
254	62	0	285	0	1
308	62	0	354	0	2
386	62	0	481	0	7
451	62	0	615	0	16
482	62	0	691	0	18
513	62	0	773	0	20
544	62	0	860	0	22
575	62	0	961	0	23
606	62	0	1015	0	23
637	62	0	1023	0	20
668	62	0	1023	0	20
800	62	0	1023	0	5
924	62	0	1023	0	4
0	123	0	0	115	22
62	123	0	9	113	0
123	123	0	107	104	0
185	123	0	188	83	0
254	123	0	275	57	0
308	123	0	355	37	0
386	123	0	500	8	1
451	123	0	657	0	1
482	123	0	735	0	1
513	123	0	822	0	2
544	123	0	909	0	3
575	123	0	1005	0	8
606	123	0	1023	0	11
637	123	0	1023	0	12
668	123	0	1023	0	14
800	123	0	1023	0	5
924	123	0	1023	0	3
0	185	0	0	164	34
62	185	0	0	162	6
123	185	0	54	158	0
185	185	0	154	149	0
254	185	0	250	127	0
308	185	0	337	111	0
386	185	0	488	89	0
451	185	0	647	70	0
482	185	0	734	61	0
513	185	0	832	50	1
544	185	0	938	40	1
575	185	0	1013	28	1
606	185	0	1023	16	1
637	185	0	1023	2	1
668	185	0	1023	0	1
800	185	0	1023	0	3
924	185	0	1023	0	2
0	254	0	0	223	66
62	254	0	0	222	50
123	254	0	0	218	0
185	254	0	105	213	0
254	254	0	210	202	0
308	254	0	304	191	0
386	254	0	464	172	0
451	254	0	625	152	0
482	254	0	712	144	0
513	254	0	812	134	0
544	254	0	916	125	0
575	254	0	1008	114	0
606	254	0	1023	105	0
637	254	0	1023	95	0
668	254	0	1023	84	1
800	254	0	1023	19	1
924	254	0	1023	22	2
0	308	0	0	282	62
62	308	0	0	280	58
123	308	0	0	279	14
185	308	0	68	276	0
254	308	0	179	270	0
308	308	0	274	263	0
386	308	0	436	242	0
451	308	0	600	223	0
482	308	0	688	213	0
513	308	0	788	204	0
544	308	0	893	194	0
575	308	0	1000	182	0
606	308	0	1023	172	0
637	308	0	1023	161	0
668	308	0	1023	149	0
800	308	0	1023	88	1
924	308	0	1023	74	2
0	386	0	0	386	73
62	386	0	0	386	65
123	386	0	0	386	40
185	386	0	1	388	0
254	386	0	132	384	0
308	386	0	223	378	0
386	386	0	383	365	0
451	386	0	549	347	0
482	386	0	639	337	0
513	386	0	741	328	0
544	386	0	844	316	0
575	386	0	965	302	0
606	386	0	1022	289	0
637	386	0	1023	275	0
668	386	0	1023	261	0
800	386	0	1023	182	0
924	386	0	1023	139	1
0	451	0	0	494	83
62	451	0	0	494	77
123	451	0	0	496	53
185	451	0	0	502	7
254	451	0	90	502	0
308	451	0	184	497	0
386	451	0	337	484	0
451	451	0	499	471	0
482	451	0	587	461	0
513	451	0	684	450	0
544	451	0	789	439	0
575	451	0	909	426	0
606	451	0	1001	409	0
637	451	0	1023	392	0
668	451	0	1023	376	0
800	451	0	1023	280	0
924	451	0	1023	201	1
0	482	0	0	555	88
62	482	0	0	555	82
123	482	0	0	557	61
185	482	0	0	562	20
254	482	0	69	564	0
308	482	0	166	562	0
386	482	0	316	551	0
451	482	0	473	538	0
482	482	0	560	529	0
513	482	0	658	517	0
544	482	0	762	507	0
575	482	0	877	490	0
606	482	0	985	474	0
637	482	0	1023	458	0
668	482	0	1023	440	0
800	482	0	1023	335	0
924	482	0	1023	235	0
0	513	0	0	614	90
62	513	0	0	614	87
123	513	0	0	617	68
185	513	0	0	624	31
254	513	0	45	630	0
308	513	0	147	628	0
386	513	0	295	618	0
451	513	0	445	606	0
482	513	0	534	599	0
513	513	0	630	589	0
544	513	0	733	579	0
575	513	0	842	566	0
606	513	0	963	550	0
637	513	0	1023	531	0
668	513	0	1023	511	0
800	513	0	1023	398	0
924	513	0	1023	273	0
0	544	0	0	683	96
62	544	0	0	683	90
123	544	0	0	688	74
185	544	0	0	695	40
254	544	0	16	705	0
308	544	0	128	700	0
386	544	0	274	693	0
451	544	0	420	681	0
482	544	0	505	674	0
513	544	0	596	665	0
544	544	0	699	652	0
575	544	0	807	639	0
606	544	0	933	625	0
637	544	0	1023	609	0
668	544	0	1023	589	0
800	544	0	1023	468	0
924	544	0	1023	321	0
0	575	0	0	754	101
62	575	0	0	754	97
123	575	0	0	759	81
185	575	0	0	766	47
254	575	0	0	778	0
308	575	0	107	776	0
386	575	0	251	767	0
451	575	0	394	759	0
482	575	0	473	751	0
513	575	0	564	744	0
544	575	0	666	734	0
575	575	0	775	722	0
606	575	0	896	712	0
637	575	0	1023	696	0
668	575	0	1023	672	0
800	575	0	1023	547	0
924	575	0	1023	378	0
0	606	0	0	825	108
62	606	0	0	828	102
123	606	0	0	833	86
185	606	0	0	842	58
254	606	0	0	856	2
308	606	0	83	859	0
386	606	0	227	850	0
451	606	0	368	843	0
482	606	0	444	834	0
513	606	0	534	827	0
544	606	0	631	820	0
575	606	0	743	812	0
606	606	0	862	800	0
637	606	0	1004	789	0
668	606	0	1018	763	0
800	606	0	1023	630	0
924	606	0	1023	442	0
0	637	0	0	910	115
62	637	0	0	913	109
123	637	0	0	917	95
185	637	0	0	930	67
254	637	0	0	946	16
308	637	0	56	956	0
386	637	0	203	949	0
451	637	0	340	939	0
482	637	0	415	935	0
513	637	0	502	926	0
544	637	0	598	919	0
575	637	0	709	911	0
606	637	0	829	902	0
637	637	0	961	889	0
668	637	0	1004	863	0
800	637	0	1023	718	0
924	637	0	1023	510	0
0	668	0	0	1009	123
62	668	0	0	1012	117
123	668	0	0	1012	90
185	668	0	0	1012	76
254	668	0	0	1013	23
308	668	0	21	1013	0
386	668	0	179	1013	0
451	668	0	312	1012	0
482	668	0	385	1008	0
513	668	0	471	1008	0
544	668	0	564	1005	0
575	668	0	669	1000	0
606	668	0	782	990	0
637	668	0	910	979	0
668	668	0	977	955	0
800	668	0	1023	813	0
924	668	0	1023	591	0
0	800	0	0	1022	146
62	800	0	0	1023	142
123	800	0	0	1023	122
185	800	0	0	1023	96
254	800	0	0	1023	58
308	800	0	0	1023	12
386	800	0	66	1023	0
451	800	0	184	1023	0
482	800	0	240	1023	0
513	800	0	304	1023	0
544	800	0	376	1023	0
575	800	0	457	1023	0
606	800	0	552	1023	0
637	800	0	654	1023	0
668	800	0	771	1023	0
800	800	0	1023	1023	0
924	800	0	1023	931	0
0	924	0	0	1023	159
62	924	0	0	1023	156
123	924	0	0	1023	145
185	924	0	0	1023	133
254	924	0	0	1023	96
308	924	0	0	1023	68
386	924	0	0	1023	3
451	924	0	89	1023	0
482	924	0	147	1023	0
513	924	0	206	1023	0
544	924	0	270	1023	0
575	924	0	340	1023	0
606	924	0	421	1023	0
637	924	0	515	1023	0
668	924	0	618	1023	0
800	924	0	1009	1023	0
924	924	0	1023	1023	0
0	0	62	0	0	162
62	0	62	90	0	81
123	0	62	153	0	47
185	0	62	210	0	27
254	0	62	277	0	25
308	0	62	345	0	28
386	0	62	470	0	32
451	0	62	600	0	33
482	0	62	676	0	34
513	0	62	759	0	34
544	0	62	847	0	35
575	0	62	944	0	34
606	0	62	1012	0	34
637	0	62	1023	0	25
668	0	62	1023	0	25
800	0	62	1023	0	19
924	0	62	1023	0	7
0	62	62	0	69	68
62	62	62	64	64	64
123	62	62	140	36	49
185	62	62	209	12	21
254	62	62	284	0	6
308	62	62	354	0	16
386	62	62	481	0	24
451	62	62	612	0	29
482	62	62	691	0	30
513	62	62	773	0	30
544	62	62	860	0	32
575	62	62	957	0	32
606	62	62	1015	0	32
637	62	62	1023	0	24
668	62	62	1023	0	24
800	62	62	1023	0	17
924	62	62	1023	0	6
0	123	62	0	114	26
62	123	62	3	113	32
123	123	62	107	103	14
185	123	62	188	83	25
254	123	62	275	57	4
308	123	62	355	37	4
386	123	62	500	7	5
451	123	62	657	0	5
482	123	62	735	0	10
513	123	62	822	0	15
544	123	62	909	0	18
575	123	62	1004	0	20
606	123	62	1023	0	19
637	123	62	1023	0	19
668	123	62	1023	0	20
800	123	62	1023	0	5
924	123	62	1023	0	4
0	185	62	0	163	51
62	185	62	0	162	31
123	185	62	53	158	4
185	185	62	154	149	4
254	185	62	250	127	4
308	185	62	337	111	3
386	185	62	488	89	3
451	185	62	647	70	3
482	185	62	734	61	3
513	185	62	832	50	4
544	185	62	935	40	5
575	185	62	1013	28	5
606	185	62	1023	16	5
637	185	62	1023	2	6
668	185	62	1023	0	6
800	185	62	1023	0	4
924	185	62	1023	0	3
0	254	62	0	223	66
62	254	62	0	221	62
123	254	62	0	218	2
185	254	62	105	213	2
254	254	62	210	202	2
308	254	62	304	191	3
386	254	62	464	172	3
451	254	62	623	152	2
482	254	62	712	144	2
513	254	62	812	134	2
544	254	62	916	125	2
575	254	62	1008	114	2
606	254	62	1023	105	2
637	254	62	1023	95	3
668	254	62	1023	84	3
800	254	62	1023	19	2
924	254	62	1023	21	3
0	308	62	0	280	71
62	308	62	0	280	61
123	308	62	0	279	29
185	308	62	67	276	2
254	308	62	178	270	2
308	308	62	273	261	2
386	308	62	436	242	2
451	308	62	600	223	2
482	308	62	688	213	2
513	308	62	788	204	2
544	308	62	893	194	2
575	308	62	1000	182	2
606	308	62	1023	172	2
637	308	62	1023	161	2
668	308	62	1023	149	2
800	308	62	1023	88	2
924	308	62	1023	73	2
0	386	62	0	384	83
62	386	62	0	384	76
123	386	62	0	386	48
185	386	62	0	389	1
254	386	62	125	386	0
308	386	62	218	378	0
386	386	62	381	365	1
451	386	62	549	345	1
482	386	62	641	337	1
513	386	62	744	326	1
544	386	62	847	314	1
575	386	62	969	301	1
606	386	62	1023	288	1
637	386	62	1023	274	1
668	386	62	1023	260	1
800	386	62	1023	182	1
924	386	62	1023	138	2
0	451	62	0	492	93
62	451	62	0	494	87
123	451	62	0	496	65
185	451	62	0	500	22
254	451	62	73	504	0
308	451	62	173	500	0
386	451	62	329	486	0
451	451	62	495	471	0
482	451	62	585	461	0
513	451	62	684	450	0
544	451	62	792	437	0
575	451	62	913	424	0
606	451	62	1005	407	0
637	451	62	1023	390	0
668	451	62	1023	372	0
800	451	62	1023	276	1
924	451	62	1023	201	1
0	482	62	0	553	96
62	482	62	0	555	92
123	482	62	0	557	73
185	482	62	0	562	34
254	482	62	47	568	0
308	482	62	151	564	0
386	482	62	307	554	0
451	482	62	466	539	0
482	482	62	555	529	0
513	482	62	656	517	0
544	482	62	762	505	0
575	482	62	881	488	0
606	482	62	988	471	0
637	482	62	1023	453	0
668	482	62	1023	436	0
800	482	62	1023	327	0
924	482	62	1023	235	1
0	513	62	0	612	102
62	513	62	0	614	96
123	513	62	0	617	79
185	513	62	0	624	42
254	513	62	15	635	0
308	513	62	131	630	0
386	513	62	283	621	0
451	513	62	436	608	0
482	513	62	525	600	0
513	513	62	623	589	0
544	513	62	731	577	0
575	513	62	843	564	0
606	513	62	966	547	0
637	513	62	1023	526	0
668	513	62	1023	505	0
800	513	62	1023	389	0
924	513	62	1023	273	1
0	544	62	0	681	108
62	544	62	0	683	102
123	544	62	0	686	87
185	544	62	0	693	52
254	544	62	0	707	0
308	544	62	109	705	0
386	544	62	260	695	0
451	544	62	409	683	0
482	544	62	494	677	0
513	544	62	588	666	0
544	544	62	694	652	0
575	544	62	804	639	0
606	544	62	933	622	0
637	544	62	1023	606	0
668	544	62	1023	585	0
800	544	62	1023	458	0
924	544	62	1023	314	0
0	575	62	0	752	113
62	575	62	0	754	109
123	575	62	0	757	91
185	575	62	0	766	62
254	575	62	0	778	2
308	575	62	85	781	0
386	575	62	234	770	0
451	575	62	381	762	0
482	575	62	460	754	0
513	575	62	554	747	0
544	575	62	655	735	0
575	575	62	769	725	0
606	575	62	893	713	0
637	575	62	1023	696	0
668	575	62	1023	669	0
800	575	62	1023	536	0
924	575	62	1023	364	0
0	606	62	0	825	119
62	606	62	0	828	115
123	606	62	0	831	99
185	606	62	0	842	71
254	606	62	0	856	17
308	606	62	59	865	0
386	606	62	209	853	0
451	606	62	352	846	0
482	606	62	430	841	0
513	606	62	520	830	0
544	606	62	617	823	0
575	606	62	734	813	0
606	606	62	855	804	0
637	606	62	996	789	0
668	606	62	1018	763	0
800	606	62	1023	622	0
924	606	62	1023	426	0
0	637	62	0	910	126
62	637	62	0	913	121
123	637	62	0	917	106
185	637	62	0	930	79
254	637	62	0	946	28
308	637	62	26	959	0
386	637	62	187	953	0
451	637	62	325	943	0
482	637	62	399	939	0
513	637	62	488	932	0
544	637	62	586	923	0
575	637	62	697	915	0
606	637	62	819	903	0
637	637	62	957	892	0
668	637	62	1003	864	0
800	637	62	1023	713	0
924	637	62	1023	502	0
0	668	62	0	1009	134
62	668	62	0	1009	129
123	668	62	0	1012	105
185	668	62	0	1012	70
254	668	62	0	1013	18
308	668	62	0	1013	0
386	668	62	163	1013	0
451	668	62	296	1012	0
482	668	62	371	1009	0
513	668	62	455	1008	0
544	668	62	550	1006	0
575	668	62	657	1001	0
606	668	62	769	992	0
637	668	62	900	980	0
668	668	62	976	956	0
800	668	62	1023	809	0
924	668	62	1023	579	0
0	800	62	0	1022	162
62	800	62	0	1023	157
123	800	62	0	1023	137
185	800	62	0	1023	132
254	800	62	0	1023	68
308	800	62	0	1023	26
386	800	62	43	1023	0
451	800	62	171	1023	0
482	800	62	226	1023	0
513	800	62	292	1023	0
544	800	62	363	1023	0
575	800	62	443	1023	0
606	800	62	538	1023	0
637	800	62	643	1023	0
668	800	62	759	1023	0
800	800	62	1023	1023	0
924	800	62	1023	929	0
0	924	62	0	1023	168
62	924	62	0	1023	165
123	924	62	0	1023	154
185	924	62	0	1023	143
254	924	62	0	1023	104
308	924	62	0	1023	75
386	924	62	0	1023	4
451	924	62	74	1023	0
482	924	62	134	1023	0
513	924	62	193	1023	0
544	924	62	258	1023	0
575	924	62	326	1023	0
606	924	62	405	1023	0
637	924	62	498	1023	0
668	924	62	599	1023	0
800	924	62	1001	1023	0
924	924	62	1023	1023	0
0	0	123	0	0	199
62	0	123	74	0	173
123	0	123	145	0	126
185	0	123	208	0	99
254	0	123	276	0	83
308	0	123	343	0	76
386	0	123	468	0	69
451	0	123	598	0	67
482	0	123	674	0	66
513	0	123	756	0	65
544	0	123	844	0	65
575	0	123	941	0	65
606	0	123	1011	0	64
637	0	123	1023	0	58
668	0	123	1023	0	58
800	0	123	1023	0	42
924	0	123	1023	0	36
0	62	123	0	65	160
62	62	123	51	56	151
123	62	123	134	34	119
185	62	123	206	11	96
254	62	123	283	0	77
308	62	123	353	0	71
386	62	123	479	0	65
451	62	123	612	0	63
482	62	123	688	0	63
513	62	123	770	0	63
544	62	123	858	0	62
575	62	123	957	0	62
606	62	123	1015	0	61
637	62	123	1023	0	56
668	62	123	1023	0	56
800	62	123	1023	0	41
924	62	123	1023	0	34
0	123	123	0	112	86
62	123	123	0	111	109
123	123	123	102	102	102
185	123	123	185	82	99
254	123	123	273	55	75
308	123	123	352	37	65
386	123	123	498	6	56
451	123	123	655	0	52
482	123	123	732	0	51
513	123	123	819	0	52
544	123	123	905	0	53
575	123	123	1004	0	52
606	123	123	1023	0	49
637	123	123	1023	0	49
668	123	123	1023	0	48
800	123	123	1023	0	35
924	123	123	1023	0	29
0	185	123	0	162	90
62	185	123	0	161	79
123	185	123	48	158	79
185	185	123	151	148	72
254	185	123	249	127	78
308	185	123	335	111	66
386	185	123	486	89	57
451	185	123	644	70	50
482	185	123	731	60	48
513	185	123	830	50	46
544	185	123	935	40	45
575	185	123	1013	28	42
606	185	123	1023	16	39
637	185	123	1023	2	37
668	185	123	1023	0	34
800	185	123	1023	0	23
924	185	123	1023	0	18
0	254	123	0	221	103
62	254	123	0	220	93
123	254	123	0	218	63
185	254	123	104	213	62
254	254	123	208	202	57
308	254	123	302	191	62
386	254	123	460	171	55
451	254	123	623	152	49
482	254	123	712	143	48
513	254	123	809	135	45
544	254	123	913	125	42
575	254	123	1008	114	40
606	254	123	1023	105	38
637	254	123	1023	94	35
668	254	123	1023	84	32
800	254	123	1023	18	11
924	254	123	1023	21	13
0	308	123	0	279	108
62	308	123	0	279	100
123	308	123	0	278	69
185	308	123	64	276	52
254	308	123	177	269	51
308	308	123	271	261	48
386	308	123	433	241	51
451	308	123	597	223	45
482	308	123	688	213	45
513	308	123	788	204	43
544	308	123	891	193	42
575	308	123	1000	182	38
606	308	123	1023	172	31
637	308	123	1023	160	29
668	308	123	1023	149	28
800	308	123	1023	88	9
924	308	123	1023	72	12
0	386	123	0	383	114
62	386	123	0	383	106
123	386	123	0	384	89
185	386	123	0	388	44
254	386	123	124	384	40
308	386	123	217	378	40
386	386	123	381	365	39
451	386	123	549	345	42
482	386	123	639	336	39
513	386	123	741	326	39
544	386	123	847	314	38
575	386	123	965	301	36
606	386	123	1023	288	33
637	386	123	1023	274	31
668	386	123	1023	260	31
800	386	123	1023	182	12
924	386	123	1023	138	7
0	451	123	0	490	129
62	451	123	0	490	123
123	451	123	0	494	101
185	451	123	0	500	65
254	451	123	71	502	33
308	451	123	171	500	33
386	451	123	329	486	33
451	451	123	495	471	32
482	451	123	585	461	33
513	451	123	684	450	33
544	451	123	792	437	32
575	451	123	913	422	31
606	451	123	1005	407	31
637	451	123	1023	390	28
668	451	123	1023	372	27
800	451	123	1023	276	12
924	451	123	1023	200	4
0	482	123	0	551	134
62	482	123	0	553	129
123	482	123	0	555	109
185	482	123	0	560	75
254	482	123	39	568	28
308	482	123	148	564	29
386	482	123	304	554	29
451	482	123	464	539	29
482	482	123	555	529	29
513	482	123	656	517	29
544	482	123	762	505	29
575	482	123	881	488	28
606	482	123	988	471	28
637	482	123	1023	454	24
668	482	123	1023	436	23
800	482	123	1023	328	6
924	482	123	1023	234	4
0	513	123	0	610	139
62	513	123	0	612	134
123	513	123	0	614	116
185	513	123	0	624	83
254	513	123	1	635	24
308	513	123	122	630	24
386	513	123	278	621	24
451	513	123	433	608	25
482	513	123	523	600	25
513	513	123	620	589	25
544	513	123	728	577	25
575	513	123	843	564	25
606	513	123	966	547	25
637	513	123	1023	526	23
668	513	123	1023	506	22
800	513	123	1023	387	7
924	513	123	1023	273	3
0	544	123	0	679	144
62	544	123	0	681	139
123	544	123	0	683	122
185	544	123	0	693	88
254	544	123	0	707	35
308	544	123	93	707	20
386	544	123	249	698	21
451	544	123	402	686	21
482	544	123	487	678	21
513	544	123	583	666	21
544	544	123	688	653	21
575	544	123	802	637	21
606	544	123	933	622	21
637	544	123	1023	606	20
668	544	123	1023	583	20
800	544	123	1023	458	8
924	544	123	1023	313	3
0	575	123	0	749	148
62	575	123	0	752	143
123	575	123	0	757	128
185	575	123	0	764	97
254	575	123	0	778	44
308	575	123	62	783	16
386	575	123	219	772	16
451	575	123	369	764	16
482	575	123	450	757	17
513	575	123	545	747	17
544	575	123	649	738	17
575	575	123	763	725	17
606	575	123	890	713	17
637	575	123	1023	694	17
668	575	123	1023	669	17
800	575	123	1023	533	7
924	575	123	1023	363	3
0	606	123	0	822	152
62	606	123	0	825	142
123	606	123	0	831	133
185	606	123	0	839	104
254	606	123	0	856	56
308	606	123	22	867	11
386	606	123	190	860	12
451	606	123	335	849	12
482	606	123	413	845	13
513	606	123	506	834	13
544	606	123	607	826	13
575	606	123	722	816	13
606	606	123	849	804	13
637	606	123	993	789	13
668	606	123	1018	763	14
800	606	123	1023	615	7
924	606	123	1023	423	2
0	637	123	0	907	158
62	637	123	0	910	152
123	637	123	0	913	137
185	637	123	0	926	112
254	637	123	0	946	67
308	637	123	0	966	13
386	637	123	163	959	7
451	637	123	304	950	8
482	637	123	381	942	8
513	637	123	469	936	8
544	637	123	569	927	9
575	637	123	683	919	9
606	637	123	805	906	9
637	637	123	946	893	9
668	637	123	1003	865	7
800	637	123	1023	708	5
924	637	123	1023	493	2
0	668	123	0	1005	164
62	668	123	0	1009	160
123	668	123	0	1012	144
185	668	123	0	1012	113
254	668	123	0	1013	76
308	668	123	0	1013	20
386	668	123	131	1013	1
451	668	123	270	1013	1
482	668	123	346	1010	1
513	668	123	429	1008	2
544	668	123	527	1008	2
575	668	123	636	1002	2
606	668	123	753	993	2
637	668	123	885	982	2
668	668	123	975	959	2
800	668	123	1023	805	3
924	668	123	1023	570	2
0	800	123	0	1022	169
62	800	123	0	1022	164
123	800	123	0	1023	186
185	800	123	0	1023	149
254	800	123	0	1023	96
308	800	123	0	1023	59
386	800	123	0	1023	1
451	800	123	127	1023	0
482	800	123	189	1023	0
513	800	123	253	1023	0
544	800	123	322	1023	0
575	800	123	403	1023	0
606	800	123	497	1023	0
637	800	123	604	1023	0
668	800	123	723	1023	0
800	800	123	1023	1023	0
924	800	123	1023	925	0
0	924	123	0	1023	196
62	924	123	0	1023	193
123	924	123	0	1023	183
185	924	123	0	1023	162
254	924	123	0	1023	137
308	924	123	0	1023	97
386	924	123	0	1023	37
451	924	123	4	1023	0
482	924	123	89	1023	0
513	924	123	152	1023	0
544	924	123	213	1023	0
575	924	123	284	1023	0
606	924	123	361	1023	0
637	924	123	451	1023	0
668	924	123	554	1023	0
800	924	123	980	1023	0
924	924	123	1023	1023	0
0	0	185	0	11	265
62	0	185	44	0	255
123	0	185	130	0	209
185	0	185	202	0	152
254	0	185	272	0	144
308	0	185	339	0	131
386	0	185	464	0	122
451	0	185	593	0	117
482	0	185	672	0	115
513	0	185	751	0	114
544	0	185	841	0	113
575	0	185	935	0	112
606	0	185	1011	0	111
637	0	185	1023	0	106
668	0	185	1023	0	105
800	0	185	1023	0	85
924	0	185	1023	0	74
0	62	185	0	55	225
62	62	185	29	44	229
123	62	185	123	30	203
185	62	185	200	9	172
254	62	185	279	0	143
308	62	185	348	0	128
386	62	185	475	0	119
451	62	185	608	0	114
482	62	185	684	0	112
513	62	185	767	0	112
544	62	185	855	0	111
575	62	185	951	0	110
606	62	185	1013	0	108
637	62	185	1023	0	104
668	62	185	1023	0	103
800	62	185	1023	0	83
924	62	185	1023	0	72
0	123	185	0	110	176
62	123	185	0	108	191
123	123	185	93	97	183
185	123	185	179	81	163
254	123	185	270	55	140
308	123	185	349	35	125
386	123	185	496	5	112
451	123	185	652	0	103
482	123	185	730	0	102
513	123	185	816	0	102
544	123	185	902	0	101
575	123	185	1004	0	101
606	123	185	1023	0	97
637	123	185	1023	0	97
668	123	185	1023	0	96
800	123	185	1023	0	79
924	123	185	1023	0	67
0	185	185	0	160	154
62	185	185	0	159	154
123	185	185	39	156	152
185	185	185	148	148	148
254	185	185	244	126	146
308	185	185	332	110	128
386	185	185	484	88	111
451	185	185	642	69	102
482	185	185	729	59	99
513	185	185	827	50	97
544	185	185	931	38	93
575	185	185	1012	28	91
606	185	185	1023	15	88
637	185	185	1023	2	85
668	185	185	1023	0	83
800	185	185	1023	0	68
924	185	185	1023	0	58
0	254	185	0	217	142
62	254	185	0	217	137
123	254	185	0	216	128
185	254	185	100	211	122
254	254	185	206	202	117
308	254	185	301	190	123
386	254	185	459	171	113
451	254	185	620	152	103
482	254	185	710	143	99
513	254	185	807	135	96
544	254	185	913	125	93
575	254	185	1008	115	89
606	254	185	1023	105	87
637	254	185	1023	94	84
668	254	185	1023	83	81
800	254	185	1023	18	58
924	254	185	1023	19	53
0	308	185	0	276	148
62	308	185	0	276	143
123	308	185	0	276	121
185	308	185	59	275	113
254	308	185	175	269	112
308	308	185	268	260	105
386	308	185	431	240	110
451	308	185	594	223	100
482	308	185	686	212	97
513	308	185	785	203	95
544	308	185	891	193	93
575	308	185	1000	183	87
606	308	185	1023	172	80
637	308	185	1023	160	79
668	308	185	1023	148	78
800	308	185	1023	89	58
924	308	185	1023	72	52
0	386	185	0	379	163
62	386	185	0	381	157
123	386	185	0	383	139
185	386	185	0	388	103
254	386	185	121	384	97
308	386	185	216	378	97
386	386	185	380	363	94
451	386	185	547	345	98
482	386	185	636	336	94
513	386	185	739	325	92
544	386	185	844	313	90
575	386	185	965	301	87
606	386	185	1022	287	85
637	386	185	1023	274	81
668	386	185	1023	260	80
800	386	185	1023	183	61
924	386	185	1023	137	50
0	451	185	0	488	171
62	451	185	0	488	167
123	451	185	0	492	153
185	451	185	0	498	119
254	451	185	68	502	89
308	451	185	169	498	88
386	451	185	326	486	88
451	451	185	492	472	86
482	451	185	583	461	85
513	451	185	681	448	89
544	451	185	789	437	85
575	451	185	910	423	83
606	451	185	1003	405	82
637	451	185	1023	389	78
668	451	185	1023	373	78
800	451	185	1023	276	60
924	451	185	1023	200	45
0	482	185	0	549	178
62	482	185	0	549	173
123	482	185	0	553	160
185	482	185	0	558	128
254	482	185	35	568	85
308	482	185	146	564	85
386	482	185	303	552	85
451	482	185	460	539	82
482	482	185	553	530	82
513	482	185	653	518	81
544	482	185	759	505	83
575	482	185	878	488	80
606	482	185	986	472	78
637	482	185	1023	454	74
668	482	185	1023	436	74
800	482	185	1023	328	50
924	482	185	1023	232	42
0	513	185	0	608	182
62	513	185	0	608	178
123	513	185	0	612	161
185	513	185	0	621	135
254	513	185	0	635	80
308	513	185	120	630	80
386	513	185	276	621	79
451	513	185	431	609	80
482	513	185	520	600	79
513	513	185	620	589	78
544	513	185	728	577	78
575	513	185	840	564	79
606	513	185	963	545	76
637	513	185	1023	526	73
668	513	185	1023	506	72
800	513	185	1023	387	51
924	513	185	1023	272	38
0	544	185	0	676	188
62	544	185	0	676	183
123	544	185	0	681	166
185	544	185	0	690	141
254	544	185	0	705	89
308	544	185	90	707	76
386	544	185	247	698	76
451	544	185	400	686	76
482	544	185	485	678	76
513	544	185	581	666	74
544	544	185	688	653	74
575	544	185	802	637	73
606	544	185	930	623	73
637	544	185	1023	606	71
668	544	185	1023	583	70
800	544	185	1023	456	51
924	544	185	1023	313	33
0	575	185	0	747	193
62	575	185	0	747	190
123	575	185	0	752	172
185	575	185	0	762	147
254	575	185	0	776	98
308	575	185	59	783	71
386	575	185	217	772	71
451	575	185	368	762	71
482	575	185	448	757	70
513	575	185	543	746	70
544	575	185	647	735	70
575	575	185	763	725	69
606	575	185	890	710	69
637	575	185	1023	694	69
668	575	185	1023	669	68
800	575	185	1023	533	51
924	575	185	1023	363	31
0	606	185	0	820	202
62	606	185	0	820	197
123	606	185	0	825	177
185	606	185	0	836	148
254	606	185	0	853	106
308	606	185	19	867	66
386	606	185	188	860	67
451	606	185	333	849	66
482	606	185	411	845	66
513	606	185	504	834	66
544	606	185	605	824	66
575	606	185	722	816	66
606	606	185	845	804	65
637	606	185	993	789	64
668	606	185	1018	761	65
800	606	185	1023	616	49
924	606	185	1023	424	30
0	637	185	0	904	201
62	637	185	0	904	195
123	637	185	0	910	183
185	637	185	0	923	156
254	637	185	0	943	115
308	637	185	0	966	68
386	637	185	161	959	61
451	637	185	300	950	61
482	637	185	379	942	62
513	637	185	467	936	62
544	637	185	569	927	61
575	637	185	680	919	62
606	637	185	805	906	61
637	637	185	943	893	59
668	637	185	1003	866	51
800	637	185	1023	707	47
924	637	185	1023	493	29
0	668	185	0	1002	208
62	668	185	0	1002	204
123	668	185	0	1009	192
185	668	185	0	1012	149
254	668	185	0	1013	119
308	668	185	0	1013	59
386	668	185	130	1013	46
451	668	185	268	1013	47
482	668	185	345	1010	47
513	668	185	427	1008	48
544	668	185	525	1008	48
575	668	185	633	1002	48
606	668	185	750	993	48
637	668	185	885	982	47
668	668	185	974	959	40
800	668	185	1023	805	43
924	668	185	1023	572	27
0	800	185	0	1022	236
62	800	185	0	1022	230
123	800	185	0	1023	212
185	800	185	0	1023	180
254	800	185	0	1023	134
308	800	185	0	1023	103
386	800	185	0	1023	30
451	800	185	123	1023	18
482	800	185	186	1023	18
513	800	185	250	1023	18
544	800	185	320	1023	19
575	800	185	401	1023	19
606	800	185	494	1023	20
637	800	185	601	1023	20
668	800	185	721	1023	21
800	800	185	1023	1023	22
924	800	185	1023	925	18
0	924	185	0	1023	228
62	924	185	0	1023	223
123	924	185	0	1023	225
185	924	185	0	1023	207
254	924	185	0	1023	173
308	924	185	0	1023	136
386	924	185	0	1023	79
451	924	185	0	1023	4
482	924	185	63	1023	4
513	924	185	129	1023	4
544	924	185	194	1023	4
575	924	185	264	1023	4
606	924	185	339	1023	4
637	924	185	428	1023	4
668	924	185	531	1023	4
800	924	185	970	1023	4
924	924	185	1023	1023	5
0	0	254	0	21	321
62	0	254	0	0	336
123	0	254	109	0	309
185	0	254	188	0	237
254	0	254	266	0	211
308	0	254	335	0	191
386	0	254	459	0	189
451	0	254	589	0	182
482	0	254	666	0	181
513	0	254	748	0	178
544	0	254	835	0	176
575	0	254	931	0	173
606	0	254	1009	0	170
637	0	254	1023	0	162
668	0	254	1023	0	161
800	0	254	1023	0	132
924	0	254	1023	0	115
0	62	254	0	47	299
62	62	254	0	31	323
123	62	254	103	21	309
185	62	254	186	4	267
254	62	254	271	0	229
308	62	254	343	0	193
386	62	254	470	0	189
451	62	254	603	0	181
482	62	254	679	0	179
513	62	254	762	0	177
544	62	254	849	0	174
575	62	254	944	0	172
606	62	254	1013	0	169
637	62	254	1023	0	161
668	62	254	1023	0	159
800	62	254	1023	0	131
924	62	254	1023	0	114
0	123	254	0	104	249
62	123	254	0	100	273
123	123	254	75	90	280
185	123	254	169	74	256
254	123	254	262	52	226
308	123	254	345	33	206
386	123	254	492	3	188
451	123	254	650	0	176
482	123	254	725	0	173
513	123	254	811	0	170
544	123	254	896	0	168
575	123	254	1000	0	164
606	123	254	1022	0	162
637	123	254	1023	0	156
668	123	254	1023	0	154
800	123	254	1023	0	127
924	123	254	1023	0	108
0	185	254	0	156	212
62	185	254	0	155	222
123	185	254	22	152	210
185	185	254	139	143	235
254	185	254	239	124	216
308	185	254	327	109	201
386	185	254	479	88	187
451	185	254	639	69	174
482	185	254	724	58	170
513	185	254	824	48	165
544	185	254	928	37	162
575	185	254	1011	26	157
606	185	254	1023	14	151
637	185	254	1023	2	147
668	185	254	1023	0	142
800	185	254	1023	0	116
924	185	254	1023	0	96
0	254	254	0	213	203
62	254	254	0	213	204
123	254	254	0	213	207
185	254	254	93	210	204
254	254	254	200	200	200
308	254	254	296	189	203
386	254	254	455	170	190
451	254	254	618	152	173
482	254	254	705	142	168
513	254	254	804	134	164
544	254	254	906	124	160
575	254	254	1005	114	155
606	254	254	1023	104	150
637	254	254	1023	93	145
668	254	254	1023	82	140
800	254	254	1023	17	106
924	254	254	1023	16	92
0	308	254	0	273	193
62	308	254	0	273	192
123	308	254	0	274	184
185	308	254	51	275	191
254	308	254	170	268	190
308	308	254	263	260	181
386	308	254	426	241	186
451	308	254	592	222	173
482	308	254	681	212	169
513	308	254	780	204	165
544	308	254	885	194	161
575	308	254	999	182	152
606	308	254	1023	171	150
637	308	254	1023	160	145
668	308	254	1023	148	139
800	308	254	1023	88	105
924	308	254	1023	70	91
0	386	254	0	378	215
62	386	254	0	378	212
123	386	254	0	379	199
185	386	254	0	386	170
254	386	254	116	384	172
308	386	254	212	377	172
386	386	254	372	362	165
451	386	254	542	344	171
482	386	254	633	336	166
513	386	254	733	325	163
544	386	254	840	313	159
575	386	254	959	301	155
606	386	254	1021	287	151
637	386	254	1023	273	143
668	386	254	1023	259	142
800	386	254	1023	182	110
924	386	254	1023	136	89
0	451	254	0	484	230
62	451	254	0	486	227
123	451	254	0	488	214
185	451	254	0	496	186
254	451	254	62	502	161
308	451	254	165	496	161
386	451	254	323	484	160
451	451	254	488	472	157
482	451	254	579	460	161
513	451	254	679	449	159
544	451	254	786	437	155
575	451	254	907	423	152
606	451	254	1001	405	147
637	451	254	1023	389	141
668	451	254	1023	373	141
800	451	254	1023	276	112
924	451	254	1023	199	87
0	482	254	0	545	231
62	482	254	0	547	227
123	482	254	0	551	218
185	482	254	0	557	192
254	482	254	28	566	156
308	482	254	142	564	156
386	482	254	299	551	155
451	482	254	456	539	154
482	482	254	549	530	151
513	482	254	647	518	149
544	482	254	757	504	152
575	482	254	874	489	148
606	482	254	984	470	144
637	482	254	1023	452	136
668	482	254	1023	434	134
800	482	254	1023	327	97
924	482	254	1023	231	84
0	513	254	0	603	243
62	513	254	0	605	233
123	513	254	0	610	218
185	513	254	0	619	198
254	513	254	0	633	152
308	513	254	116	630	150
386	513	254	272	621	149
451	513	254	427	609	148
482	513	254	515	600	146
513	513	254	615	590	145
544	513	254	723	577	144
575	513	254	837	563	147
606	513	254	959	544	141
637	513	254	1023	527	135
668	513	254	1023	506	134
800	513	254	1023	388	101
924	513	254	1023	270	81
0	544	254	0	672	252
62	544	254	0	674	245
123	544	254	0	679	226
185	544	254	0	688	204
254	544	254	0	702	155
308	544	254	86	705	144
386	544	254	243	698	144
451	544	254	397	686	144
482	544	254	480	678	142
513	544	254	575	666	140
544	544	254	683	653	139
575	544	254	796	638	137
606	544	254	926	623	140
637	544	254	1023	604	134
668	544	254	1023	584	132
800	544	254	1023	456	104
924	544	254	1023	311	78
0	575	254	0	743	258
62	575	254	0	743	254
123	575	254	0	749	231
185	575	254	0	759	202
254	575	254	0	774	162
308	575	254	54	783	137
386	575	254	213	772	138
451	575	254	364	762	137
482	575	254	444	757	137
513	575	254	538	746	137
544	575	254	641	736	135
575	575	254	758	723	133
606	575	254	884	710	132
637	575	254	1023	695	131
668	575	254	1023	670	130
800	575	254	1023	533	105
924	575	254	1023	363	78
0	606	254	0	817	262
62	606	254	0	817	259
123	606	254	0	822	241
185	606	254	0	833	210
254	606	254	0	850	169
308	606	254	12	867	132
386	606	254	185	860	132
451	606	254	330	849	131
482	606	254	408	842	132
513	606	254	501	834	131
544	606	254	603	824	130
575	606	254	716	813	129
606	606	254	842	801	128
637	606	254	986	787	127
668	606	254	1018	761	127
800	606	254	1023	617	105
924	606	254	1023	423	77
0	637	254	0	901	266
62	637	254	0	901	262
123	637	254	0	907	249
185	637	254	0	920	219
254	637	254	0	940	178
308	637	254	0	963	133
386	637	254	158	959	126
451	637	254	297	950	126
482	637	254	376	942	127
513	637	254	463	936	126
544	637	254	564	927	126
575	637	254	677	916	126
606	637	254	798	907	125
637	637	254	939	894	124
668	637	254	1003	866	110
800	637	254	1023	708	104
924	637	254	1023	493	77
0	668	254	0	999	272
62	668	254	0	999	268
123	668	254	0	1005	256
185	668	254	0	1012	200
254	668	254	0	1013	182
308	668	254	0	1013	116
386	668	254	127	1013	115
451	668	254	266	1013	115
482	668	254	341	1011	116
513	668	254	424	1008	116
544	668	254	523	1008	115
575	668	254	629	1002	115
606	668	254	747	994	115
637	668	254	878	982	113
668	668	254	974	960	102
800	668	254	1023	806	103
924	668	254	1023	572	76
0	800	254	0	1022	274
62	800	254	0	1022	269
123	800	254	0	1022	248
185	800	254	0	1023	274
254	800	254	0	1023	186
308	800	254	0	1023	148
386	800	254	0	1023	94
451	800	254	121	1023	84
482	800	254	183	1023	84
513	800	254	247	1023	84
544	800	254	317	1023	84
575	800	254	398	1023	84
606	800	254	492	1023	84
637	800	254	599	1023	84
668	800	254	718	1023	84
800	800	254	1023	1023	81
924	800	254	1023	925	74
0	924	254	0	1023	299
62	924	254	0	1023	294
123	924	254	0	1023	283
185	924	254	0	1023	260
254	924	254	0	1023	220
308	924	254	0	1023	190
386	924	254	0	1023	131
451	924	254	0	1023	73
482	924	254	60	1023	68
513	924	254	126	1023	68
544	924	254	192	1023	68
575	924	254	261	1023	69
606	924	254	337	1023	69
637	924	254	424	1023	70
668	924	254	528	1023	70
800	924	254	968	1023	72
924	924	254	1023	1023	71
0	0	308	0	15	378
62	0	308	0	0	403
123	0	308	89	0	381
185	0	308	175	0	318
254	0	308	258	0	285
308	0	308	330	0	259
386	0	308	457	0	246
451	0	308	586	0	237
482	0	308	662	0	239
513	0	308	743	0	235
544	0	308	832	0	232
575	0	308	925	0	228
606	0	308	1008	0	224
637	0	308	1023	0	219
668	0	308	1023	0	216
800	0	308	1023	0	185
924	0	308	1023	0	155
0	62	308	0	37	357
62	62	308	0	21	398
123	62	308	79	11	383
185	62	308	171	0	355
254	62	308	262	0	294
308	62	308	336	0	264
386	62	308	468	0	248
451	62	308	600	0	238
482	62	308	675	0	239
513	62	308	756	0	234
544	62	308	846	0	231
575	62	308	941	0	227
606	62	308	1011	0	224
637	62	308	1023	0	217
668	62	308	1023	0	214
800	62	308	1023	0	184
924	62	308	1023	0	153
0	123	308	0	98	311
62	123	308	0	93	337
123	123	308	52	82	362
185	123	308	156	69	342
254	123	308	252	49	308
308	123	308	337	31	283
386	123	308	488	3	260
451	123	308	641	0	243
482	123	308	719	0	237
513	123	308	805	0	231
544	123	308	894	0	226
575	123	308	993	0	223
606	123	308	1022	0	218
637	123	308	1023	0	212
668	123	308	1023	0	209
800	123	308	1023	0	177
924	123	308	1023	0	147
0	185	308	0	154	264
62	185	308	0	153	280
123	185	308	4	148	287
185	185	308	128	138	319
254	185	308	230	122	297
308	185	308	320	108	279
386	185	308	474	86	256
451	185	308	633	67	241
482	185	308	719	58	235
513	185	308	818	47	228
544	185	308	925	37	223
575	185	308	1011	25	216
606	185	308	1023	12	208
637	185	308	1023	2	202
668	185	308	1023	0	197
800	185	308	1023	0	165
924	185	308	1023	0	135
0	254	308	0	211	250
62	254	308	0	211	255
123	254	308	0	212	276
185	254	308	85	207	266
254	254	308	194	197	276
308	254	308	290	188	269
386	254	308	450	169	253
451	254	308	612	151	239
482	254	308	702	142	234
513	254	308	799	133	228
544	254	308	903	124	222
575	254	308	1004	113	214
606	254	308	1023	103	208
637	254	308	1023	93	202
668	254	308	1023	82	196
800	254	308	1023	16	152
924	254	308	1023	14	130
0	308	308	0	271	253
62	308	308	0	271	255
123	308	308	0	272	258
185	308	308	42	273	265
254	308	308	166	266	262
308	308	308	259	259	259
386	308	308	422	240	256
451	308	308	587	221	239
482	308	308	678	212	231
513	308	308	776	202	227
544	308	308	882	193	220
575	308	308	998	181	213
606	308	308	1023	170	207
637	308	308	1023	159	202
668	308	308	1023	148	195
800	308	308	1023	87	153
924	308	308	1023	69	129
0	386	308	0	374	256
62	386	308	0	376	255
123	386	308	0	379	248
185	386	308	0	384	233
254	386	308	110	383	239
308	386	308	208	375	238
386	386	308	368	362	230
451	386	308	537	344	239
482	386	308	628	335	231
513	386	308	731	325	225
544	386	308	837	313	222
575	386	308	956	300	216
606	386	308	1020	287	211
637	386	308	1023	273	200
668	386	308	1023	259	199
800	386	308	1023	182	153
924	386	308	1023	134	126
0	451	308	0	482	278
62	451	308	0	484	275
123	451	308	0	486	267
185	451	308	0	494	245
254	451	308	57	502	225
308	451	308	162	496	225
386	451	308	320	484	224
451	451	308	484	470	219
482	451	308	576	460	226
513	451	308	673	449	223
544	451	308	780	436	216
575	451	308	904	422	212
606	451	308	1000	406	207
637	451	308	1023	389	198
668	451	308	1023	372	196
800	451	308	1023	276	161
924	451	308	1023	198	123
0	482	308	0	543	289
62	482	308	0	545	282
123	482	308	0	549	273
185	482	308	0	555	251
254	482	308	19	566	218
308	482	308	138	562	218
386	482	308	296	551	218
451	482	308	452	535	215
482	482	308	544	528	212
513	482	308	645	516	215
544	482	308	751	504	213
575	482	308	868	489	207
606	482	308	982	470	202
637	482	308	1023	453	192
668	482	308	1023	435	190
800	482	308	1023	328	143
924	482	308	1023	230	121
0	513	308	0	601	300
62	513	308	0	603	291
123	513	308	0	608	279
185	513	308	0	617	256
254	513	308	0	633	215
308	513	308	111	630	212
386	513	308	269	621	209
451	513	308	424	607	209
482	513	308	511	600	208
513	513	308	612	590	205
544	513	308	718	578	203
575	513	308	834	560	206
606	513	308	956	544	199
637	513	308	1023	525	191
668	513	308	1023	507	189
800	513	308	1023	389	149
924	513	308	1023	270	118
0	544	308	0	672	305
62	544	308	0	672	302
123	544	308	0	676	284
185	544	308	0	686	261
254	544	308	0	702	216
308	544	308	82	705	204
386	544	308	241	696	204
451	544	308	394	684	203
482	544	308	475	677	201
513	544	308	573	666	199
544	544	308	680	654	197
575	544	308	793	638	194
606	544	308	923	623	197
637	544	308	1023	605	189
668	544	308	1023	584	188
800	544	308	1023	457	152
924	544	308	1023	311	114
0	575	308	0	740	311
62	575	308	0	740	308
123	575	308	0	745	290
185	575	308	0	755	266
254	575	308	0	773	221
308	575	308	48	783	197
386	575	308	209	773	196
451	575	308	361	762	195
482	575	308	442	755	194
513	575	308	536	746	193
544	575	308	638	736	191
575	575	308	755	723	190
606	575	308	880	711	188
637	575	308	1019	695	190
668	575	308	1023	668	186
800	575	308	1023	534	155
924	575	308	1023	364	115
0	606	308	0	814	306
62	606	308	0	814	312
123	606	308	0	819	301
185	606	308	0	831	271
254	606	308	0	850	228
308	606	308	3	867	188
386	606	308	182	857	189
451	606	308	326	849	188
482	606	308	406	842	188
513	606	308	497	834	187
544	606	308	598	824	186
575	606	308	713	813	185
606	606	308	838	800	184
637	606	308	982	787	183
668	606	308	1018	762	183
800	606	308	1023	618	154
924	606	308	1023	424	115
0	637	308	0	899	313
62	637	308	0	899	310
123	637	308	0	904	297
185	637	308	0	917	276
254	637	308	0	936	237
308	637	308	0	959	192
386	637	308	154	959	182
451	637	308	294	947	181
482	637	308	373	942	182
513	637	308	458	936	182
544	637	308	562	927	181
575	637	308	672	916	181
606	637	308	796	903	179
637	637	308	936	891	179
668	637	308	1003	864	162
800	637	308	1023	708	153
924	637	308	1023	493	115
0	668	308	0	996	322
62	668	308	0	996	319
123	668	308	0	1002	307
185	668	308	0	1012	280
254	668	308	0	1013	225
308	668	308	0	1013	166
386	668	308	124	1013	171
451	668	308	262	1013	170
482	668	308	338	1011	170
513	668	308	422	1008	170
544	668	308	518	1008	168
575	668	308	626	1003	170
606	668	308	743	994	169
637	668	308	874	983	166
668	668	308	973	961	151
800	668	308	1023	807	151
924	668	308	1023	572	115
0	800	308	0	1022	369
62	800	308	0	1022	364
123	800	308	0	1022	345
185	800	308	0	1023	309
254	800	308	0	1023	228
308	800	308	0	1023	204
386	800	308	0	1023	144
451	800	308	117	1023	131
482	800	308	181	1023	131
513	800	308	244	1023	131
544	800	308	314	1023	132
575	800	308	396	1023	132
606	800	308	490	1023	131
637	800	308	593	1023	131
668	800	308	715	1023	130
800	800	308	1023	1023	128
924	800	308	1023	925	115
0	924	308	0	1023	351
62	924	308	0	1023	349
123	924	308	0	1023	333
185	924	308	0	1023	306
254	924	308	0	1023	286
308	924	308	0	1023	240
386	924	308	0	1023	180
451	924	308	0	1023	119
482	924	308	57	1023	112
513	924	308	125	1023	112
544	924	308	189	1023	112
575	924	308	259	1023	114
606	924	308	334	1023	114
637	924	308	423	1023	114
668	924	308	524	1023	115
800	924	308	968	1023	117
924	924	308	1023	1023	115
0	0	386	0	6	471
62	0	386	0	0	493
123	0	386	66	0	491
185	0	386	154	0	438
254	0	386	241	0	407
308	0	386	318	0	378
386	0	386	449	0	358
451	0	386	580	0	351
482	0	386	657	0	338
513	0	386	737	0	334
544	0	386	824	0	329
575	0	386	921	0	322
606	0	386	1004	0	316
637	0	386	1023	0	316
668	0	386	1023	0	310
800	0	386	1023	0	266
924	0	386	1023	0	216
0	62	386	0	20	456
62	62	386	0	7	487
123	62	386	41	2	510
185	62	386	144	0	492
254	62	386	241	0	424
308	62	386	323	0	390
386	62	386	458	0	365
451	62	386	592	0	349
482	62	386	669	0	341
513	62	386	748	0	336
544	62	386	838	0	330
575	62	386	933	0	324
606	62	386	1008	0	316
637	62	386	1023	0	315
668	62	386	1023	0	309
800	62	386	1023	0	265
924	62	386	1023	0	214
0	123	386	0	89	420
62	123	386	0	85	443
123	123	386	15	69	498
185	123	386	132	60	481
254	123	386	232	42	447
308	123	386	321	26	421
386	123	386	477	2	390
451	123	386	631	0	366
482	123	386	710	0	354
513	123	386	793	0	346
544	123	386	885	0	338
575	123	386	983	0	328
606	123	386	1020	0	321
637	123	386	1023	0	313
668	123	386	1023	0	307
800	123	386	1023	0	259
924	123	386	1023	0	208
0	185	386	0	147	371
62	185	386	0	144	389
123	185	386	0	134	463
185	185	386	109	127	455
254	185	386	214	115	435
308	185	386	306	104	418
386	185	386	465	84	390
451	185	386	624	65	367
482	185	386	714	55	357
513	185	386	809	45	348
544	185	386	914	35	338
575	185	386	1007	23	328
606	185	386	1023	9	317
637	185	386	1023	1	309
668	185	386	1023	0	299
800	185	386	1023	0	244
924	185	386	1023	0	198
0	254	386	0	208	342
62	254	386	0	207	352
123	254	386	0	206	392
185	254	386	70	202	403
254	254	386	183	193	416
308	254	386	278	185	405
386	254	386	442	166	384
451	254	386	604	149	364
482	254	386	692	140	353
513	254	386	791	132	347
544	254	386	895	122	337
575	254	386	1002	112	328
606	254	386	1023	102	316
637	254	386	1023	91	307
668	254	386	1023	81	297
800	254	386	1023	14	231
924	254	386	1023	10	190
0	308	386	0	266	337
62	308	386	0	268	341
123	308	386	0	269	363
185	308	386	21	269	372
254	308	386	156	263	369
308	308	386	249	255	392
386	308	386	412	237	374
451	308	386	579	220	360
482	308	386	669	211	353
513	308	386	768	201	346
544	308	386	874	191	336
575	308	386	994	180	328
606	308	386	1023	169	315
637	308	386	1023	159	305
668	308	386	1023	147	296
800	308	386	1023	87	234
924	308	386	1023	67	190
0	386	386	0	371	347
62	386	386	0	373	349
123	386	386	0	374	354
185	386	386	0	381	363
254	386	386	101	379	367
308	386	386	200	373	364
386	386	386	361	361	361
451	386	386	529	343	364
482	386	386	618	334	358
513	386	386	723	324	344
544	386	386	826	312	333
575	386	386	946	300	324
606	386	386	1016	285	314
637	386	386	1023	271	304
668	386	386	1023	258	295
800	386	386	1023	182	234
924	386	386	1023	133	188
0	451	386	0	480	361
62	451	386	0	480	361
123	451	386	0	484	352
185	451	386	0	492	348
254	451	386	44	498	346
308	451	386	153	493	345
386	451	386	313	482	344
451	451	386	475	468	338
482	451	386	565	459	346
513	451	386	665	446	341
544	451	386	773	435	331
575	451	386	891	421	324
606	451	386	996	404	316
637	451	386	1023	388	303
668	451	386	1023	372	301
800	451	386	1023	275	236
924	451	386	1023	196	186
0	482	386	0	540	373
62	482	386	0	542	371
123	482	386	0	546	358
185	482	386	0	552	347
254	482	386	2	566	337
308	482	386	130	561	339
386	482	386	288	549	334
451	482	386	447	535	331
482	482	386	535	525	325
513	482	386	636	515	331
544	482	386	745	504	326
575	482	386	861	486	316
606	482	386	978	469	310
637	482	386	1023	453	294
668	482	386	1023	435	291
800	482	386	1023	328	220
924	482	386	1023	230	184
0	513	386	0	598	381
62	513	386	0	600	381
123	513	386	0	605	365
185	513	386	0	614	353
254	513	386	0	628	331
308	513	386	102	627	326
386	513	386	262	618	324
451	513	386	416	606	323
482	513	386	505	597	321
513	513	386	604	588	315
544	513	386	710	576	322
575	513	386	826	561	318
606	513	386	949	543	306
637	513	386	1023	526	294
668	513	386	1023	505	291
800	513	386	1023	389	227
924	513	386	1023	268	182
0	544	386	0	669	389
62	544	386	0	669	389
123	544	386	0	674	377
185	544	386	0	683	356
254	544	386	0	697	323
308	544	386	73	703	318
386	544	386	232	694	316
451	544	386	387	684	314
482	544	386	470	675	311
513	544	386	566	663	309
544	544	386	671	650	305
575	544	386	788	636	310
606	544	386	913	622	305
637	544	386	1023	606	292
668	544	386	1023	583	289
800	544	386	1023	456	232
924	544	386	1023	311	180
0	575	386	0	737	398
62	575	386	0	737	396
123	575	386	0	742	388
185	575	386	0	751	358
254	575	386	0	766	324
308	575	386	36	779	306
386	575	386	202	770	305
451	575	386	354	762	303
482	575	386	433	755	301
513	575	386	529	744	301
544	575	386	630	736	299
575	575	386	746	724	295
606	575	386	874	709	292
637	575	386	1013	693	295
668	575	386	1023	669	287
800	575	386	1023	534	237
924	575	386	1023	363	181
0	606	386	0	809	402
62	606	386	0	809	400
123	606	386	0	814	391
185	606	386	0	826	362
254	606	386	0	844	330
308	606	386	0	867	295
386	606	386	176	857	295
451	606	386	320	846	293
482	606	386	398	842	293
513	606	386	489	832	292
544	606	386	591	824	291
575	606	386	704	814	290
606	606	386	831	801	286
637	606	386	974	787	284
668	606	386	1018	763	285
800	606	386	1023	616	237
924	606	386	1023	424	181
0	637	386	0	895	407
62	637	386	0	895	405
123	637	386	0	901	396
185	637	386	0	913	368
254	637	386	0	933	334
308	637	386	0	956	292
386	637	386	148	956	286
451	637	386	288	947	285
482	637	386	368	942	285
513	637	386	453	933	284
544	637	386	555	928	285
575	637	386	666	916	283
606	637	386	786	904	280
637	637	386	929	891	277
668	637	386	1003	865	249
800	637	386	1023	708	239
924	637	386	1023	496	182
0	668	386	0	992	406
62	668	386	0	992	403
123	668	386	0	999	402
185	668	386	0	1012	376
254	668	386	0	1012	314
308	668	386	0	1013	253
386	668	386	118	1013	274
451	668	386	257	1013	272
482	668	386	332	1011	272
513	668	386	414	1008	272
544	668	386	512	1008	271
575	668	386	618	1002	269
606	668	386	737	994	269
637	668	386	869	980	263
668	668	386	974	962	237
800	668	386	1023	807	238
924	668	386	1023	572	183
0	800	386	0	1022	423
62	800	386	0	1022	418
123	800	386	0	1022	388
185	800	386	0	1023	432
254	800	386	0	1023	312
308	800	386	0	1023	291
386	800	386	0	1023	228
451	800	386	112	1023	214
482	800	386	176	1023	213
513	800	386	238	1023	212
544	800	386	310	1023	213
575	800	386	391	1023	213
606	800	386	483	1023	213
637	800	386	588	1023	212
668	800	386	709	1023	210
800	800	386	1023	1023	205
924	800	386	1023	929	187
0	924	386	0	1023	438
62	924	386	0	1023	435
123	924	386	0	1023	418
185	924	386	0	1023	415
254	924	386	0	1023	371
308	924	386	0	1023	328
386	924	386	0	1023	264
451	924	386	0	1023	197
482	924	386	50	1023	188
513	924	386	120	1023	188
544	924	386	187	1023	188
575	924	386	255	1023	189
606	924	386	330	1023	189
637	924	386	417	1023	190
668	924	386	519	1023	190
800	924	386	964	1023	194
924	924	386	1023	1023	190
0	0	451	0	2	554
62	0	451	0	0	574
123	0	451	47	0	587
185	0	451	135	0	553
254	0	451	226	0	528
308	0	451	305	0	501
386	0	451	441	0	476
451	0	451	574	0	465
482	0	451	650	0	457
513	0	451	729	0	443
544	0	451	820	0	436
575	0	451	912	0	428
606	0	451	1004	0	417
637	0	451	1023	0	378
668	0	451	1023	0	380
800	0	451	1023	0	351
924	0	451	1023	0	284
0	62	451	0	15	543
62	62	451	0	5	564
123	62	451	3	0	622
185	62	451	118	0	611
254	62	451	222	0	554
308	62	451	307	0	522
386	62	451	448	0	488
451	62	451	583	0	465
482	62	451	660	0	455
513	62	451	740	0	449
544	62	451	832	0	439
575	62	451	928	0	430
606	62	451	1007	0	420
637	62	451	1023	0	379
668	62	451	1023	0	381
800	62	451	1023	0	349
924	62	451	1023	0	282
0	123	451	0	82	510
62	123	451	0	77	535
123	123	451	0	57	612
185	123	451	109	50	604
254	123	451	212	36	584
308	123	451	306	21	564
386	123	451	464	2	535
451	123	451	616	0	496
482	123	451	696	0	475
513	123	451	784	0	465
544	123	451	873	0	453
575	123	451	973	0	441
606	123	451	1018	0	429
637	123	451	1023	0	383
668	123	451	1023	0	384
800	123	451	1023	0	342
924	123	451	1023	0	275
0	185	451	0	138	464
62	185	451	0	135	485
123	185	451	0	125	571
185	185	451	89	118	591
254	185	451	196	110	579
308	185	451	291	99	560
386	185	451	453	81	529
451	185	451	613	63	500
482	185	451	703	54	487
513	185	451	800	43	480
544	185	451	905	32	463
575	185	451	1004	20	450
606	185	451	1023	6	431
637	185	451	1023	1	421
668	185	451	1023	0	408
800	185	451	1023	0	330
924	185	451	1023	0	263
0	254	451	0	204	434
62	254	451	0	203	449
123	254	451	0	200	507
185	254	451	51	195	549
254	254	451	171	189	560
308	254	451	265	182	550
386	254	451	427	164	525
451	254	451	591	148	498
482	254	451	682	139	487
513	254	451	780	130	477
544	254	451	885	121	462
575	254	451	999	110	448
606	254	451	1023	101	432
637	254	451	1023	90	419
668	254	451	1023	79	415
800	254	451	1023	13	318
924	254	451	1023	6	253
0	308	451	0	266	418
62	308	451	0	266	428
123	308	451	0	266	468
185	308	451	2	264	510
254	308	451	144	258	507
308	308	451	238	250	535
386	308	451	402	235	514
451	308	451	570	218	494
482	308	451	658	209	483
513	308	451	760	199	472
544	308	451	864	190	462
575	308	451	982	179	449
606	308	451	1023	169	432
637	308	451	1023	158	419
668	308	451	1023	146	407
800	308	451	1023	86	326
924	308	451	1023	65	253
0	386	451	0	369	426
62	386	451	0	369	430
123	386	451	0	372	447
185	386	451	0	377	481
254	386	451	90	376	480
308	386	451	190	371	478
386	386	451	352	357	496
451	386	451	519	341	481
482	386	451	611	332	475
513	386	451	713	323	465
544	386	451	816	310	455
575	386	451	936	299	446
606	386	451	1013	284	434
637	386	451	1023	270	419
668	386	451	1023	257	407
800	386	451	1023	181	325
924	386	451	1023	131	251
0	451	451	0	476	464
62	451	451	0	478	447
123	451	451	0	482	452
185	451	451	0	487	462
254	451	451	30	495	477
308	451	451	145	492	476
386	451	451	304	480	472
451	451	451	467	467	467
482	451	451	558	457	475
513	451	451	655	446	471
544	451	451	763	433	462
575	451	451	884	420	444
606	451	451	989	405	435
637	451	451	1023	386	414
668	451	451	1023	370	403
800	451	451	1023	275	326
924	451	451	1023	194	249
0	482	451	0	538	462
62	482	451	0	538	462
123	482	451	0	542	454
185	482	451	0	548	458
254	482	451	0	562	465
308	482	451	121	558	465
386	482	451	280	547	460
451	482	451	438	532	453
482	482	451	529	524	447
513	482	451	628	513	455
544	482	451	737	501	450
575	482	451	849	485	444
606	482	451	969	470	426
637	482	451	1023	451	403
668	482	451	1023	433	399
800	482	451	1023	328	327
924	482	451	1023	227	246
0	513	451	0	597	456
62	513	451	0	597	456
123	513	451	0	601	458
185	513	451	0	610	445
254	513	451	0	625	451
308	513	451	92	627	449
386	513	451	253	617	446
451	513	451	411	602	445
482	513	451	496	596	441
513	513	451	597	588	435
544	513	451	702	574	443
575	513	451	817	559	436
606	513	451	943	544	422
637	513	451	1023	525	402
668	513	451	1023	504	398
800	513	451	1023	390	313
924	513	451	1023	266	244
0	544	451	0	666	468
62	544	451	0	668	468
123	544	451	0	671	465
185	544	451	0	680	446
254	544	451	0	694	433
308	544	451	63	701	438
386	544	451	225	692	436
451	544	451	378	679	433
482	544	451	463	673	430
513	544	451	557	663	426
544	544	451	662	650	418
575	544	451	779	637	428
606	544	451	904	622	421
637	544	451	1023	605	402
668	544	451	1023	584	400
800	544	451	1023	458	321
924	544	451	1023	311	245
0	575	451	0	735	477
62	575	451	0	737	477
123	575	451	0	742	472
185	575	451	0	749	450
254	575	451	0	763	429
308	575	451	25	778	422
386	575	451	196	770	422
451	575	451	346	759	417
482	575	451	426	752	416
513	575	451	521	743	413
544	575	451	621	732	411
575	575	451	739	721	406
606	575	451	863	707	412
637	575	451	1002	693	407
668	575	451	1023	667	395
800	575	451	1023	534	329
924	575	451	1023	364	245
0	606	451	0	806	485
62	606	451	0	808	485
123	606	451	0	813	480
185	606	451	0	821	455
254	606	451	0	839	430
308	606	451	0	860	408
386	606	451	169	856	407
451	606	451	313	845	404
482	606	451	392	836	404
513	606	451	482	832	402
544	606	451	583	821	402
575	606	451	699	811	400
606	606	451	822	798	395
637	606	451	967	785	400
668	606	451	1018	761	393
800	606	451	1023	617	331
924	606	451	1023	424	246
0	637	451	0	891	486
62	637	451	0	895	483
123	637	451	0	901	475
185	637	451	0	910	463
254	637	451	0	930	436
308	637	451	0	953	399
386	637	451	141	956	395
451	637	451	282	947	395
482	637	451	362	938	394
513	637	451	447	933	395
544	637	451	547	925	392
575	637	451	657	913	391
606	637	451	776	904	389
637	637	451	919	892	384
668	637	451	1002	867	344
800	637	451	1023	707	331
924	637	451	1023	496	249
0	668	451	0	989	498
62	668	451	0	992	496
123	668	451	0	999	488
185	668	451	0	1009	472
254	668	451	0	1012	423
308	668	451	0	1013	350
386	668	451	111	1013	377
451	668	451	252	1013	377
482	668	451	326	1011	377
513	668	451	409	1008	379
544	668	451	506	1008	379
575	668	451	610	1002	375
606	668	451	727	992	372
637	668	451	858	980	369
668	668	451	973	963	330
800	668	451	1023	804	329
924	668	451	1023	575	251
0	800	451	0	1022	558
62	800	451	0	1022	551
123	800	451	0	1022	527
185	800	451	0	1023	480
254	800	451	0	1023	411
308	800	451	0	1023	367
386	800	451	0	1023	300
451	800	451	105	1023	300
482	800	451	171	1023	299
513	800	451	233	1023	299
544	800	451	305	1023	299
575	800	451	386	1023	299
606	800	451	477	1023	298
637	800	451	581	1023	297
668	800	451	701	1023	297
800	800	451	1023	1023	287
924	800	451	1023	929	259
0	924	451	0	1023	544
62	924	451	0	1023	537
123	924	451	0	1023	524
185	924	451	0	1023	499
254	924	451	0	1023	480
308	924	451	0	1023	419
386	924	451	0	1023	346
451	924	451	0	1023	278
482	924	451	42	1023	264
513	924	451	114	1023	264
544	924	451	182	1023	265
575	924	451	250	1023	266
606	924	451	326	1023	268
637	924	451	411	1023	268
668	924	451	513	1023	269
800	924	451	960	1023	274
924	924	451	1023	1023	269
0	0	482	0	2	597
62	0	482	0	0	616
123	0	482	39	0	639
185	0	482	126	0	623
254	0	482	218	0	592
308	0	482	299	0	573
386	0	482	437	0	546
451	0	482	570	0	525
482	0	482	646	0	518
513	0	482	726	0	508
544	0	482	816	0	498
575	0	482	911	0	488
606	0	482	1003	0	477
637	0	482	1023	0	440
668	0	482	1023	0	437
800	0	482	1023	0	406
924	0	482	1023	0	320
0	62	482	0	15	592
62	62	482	0	5	612
123	62	482	1	0	689
185	62	482	108	0	675
254	62	482	212	0	625
308	62	482	299	0	592
386	62	482	443	0	557
451	62	482	578	0	531
482	62	482	655	0	521
513	62	482	740	0	511
544	62	482	827	0	502
575	62	482	924	0	491
606	62	482	1006	0	479
637	62	482	1023	0	440
668	62	482	1023	0	438
800	62	482	1023	0	403
924	62	482	1023	0	317
0	123	482	0	78	570
62	123	482	0	74	591
123	123	482	0	53	674
185	123	482	98	45	676
254	123	482	202	33	661
308	123	482	296	17	642
386	123	482	457	2	611
451	123	482	609	0	572
482	123	482	690	0	547
513	123	482	776	0	536
544	123	482	869	0	519
575	123	482	970	0	506
606	123	482	1017	0	490
637	123	482	1023	0	441
668	123	482	1023	0	440
800	123	482	1023	0	394
924	123	482	1023	0	310
0	185	482	0	135	531
62	185	482	0	131	553
123	185	482	0	122	629
185	185	482	79	113	665
254	185	482	188	107	654
308	185	482	282	97	637
386	185	482	443	80	605
451	185	482	606	61	579
482	185	482	695	52	564
513	185	482	794	42	555
544	185	482	901	31	536
575	185	482	1003	19	520
606	185	482	1023	4	497
637	185	482	1023	0	483
668	185	482	1023	0	470
800	185	482	1023	0	379
924	185	482	1023	0	297
0	254	482	0	203	499
62	254	482	0	201	514
123	254	482	0	198	555
185	254	482	41	192	643
254	254	482	165	186	639
308	254	482	258	179	631
386	254	482	420	162	601
451	254	482	587	147	576
482	254	482	675	138	562
513	254	482	776	130	548
544	254	482	881	120	534
575	254	482	998	110	518
606	254	482	1023	99	498
637	254	482	1023	89	484
668	254	482	1023	78	478
800	254	482	1023	11	366
924	254	482	1023	4	288
0	308	482	0	264	482
62	308	482	0	264	493
123	308	482	0	265	540
185	308	482	0	262	585
254	308	482	138	256	583
308	308	482	232	249	609
386	308	482	395	233	590
451	308	482	563	217	572
482	308	482	652	209	561
513	308	482	753	200	548
544	308	482	859	189	535
575	308	482	977	179	519
606	308	482	1023	168	497
637	308	482	1023	157	483
668	308	482	1023	145	469
800	308	482	1023	86	376
924	308	482	1023	64	287
0	386	482	0	368	479
62	386	482	0	368	483
123	386	482	0	371	480
185	386	482	0	373	535
254	386	482	84	374	553
308	386	482	186	368	553
386	386	482	347	357	570
451	386	482	515	339	560
482	386	482	604	332	552
513	386	482	705	321	540
544	386	482	812	310	527
575	386	482	930	297	515
606	386	482	1011	284	499
637	386	482	1023	271	483
668	386	482	1023	257	469
800	386	482	1023	181	375
924	386	482	1023	130	285
0	451	482	0	475	493
62	451	482	0	477	492
123	451	482	0	478	497
185	451	482	0	486	519
254	451	482	20	494	551
308	451	482	140	489	550
386	451	482	301	480	545
451	451	482	461	465	540
482	451	482	552	456	535
513	451	482	652	444	528
544	451	482	757	434	519
575	451	482	878	419	507
606	451	482	987	403	493
637	451	482	1023	386	480
668	451	482	1023	370	467
800	451	482	1023	276	378
924	451	482	1023	193	284
0	482	482	0	538	502
62	482	482	0	538	505
123	482	482	0	542	500
185	482	482	0	548	514
254	482	482	0	560	537
308	482	482	116	557	538
386	482	482	277	545	534
451	482	482	434	532	527
482	482	482	523	523	523
513	482	482	621	514	528
544	482	482	730	502	522
575	482	482	846	485	513
606	482	482	966	469	490
637	482	482	1023	452	466
668	482	482	1023	434	465
800	482	482	1023	329	378
924	482	482	1023	226	282
0	513	482	0	597	514
62	513	482	0	597	514
123	513	482	0	601	506
185	513	482	0	608	510
254	513	482	0	624	518
308	513	482	88	624	521
386	513	482	249	614	517
451	513	482	404	602	513
482	513	482	492	594	510
513	513	482	592	586	501
544	513	482	698	572	512
575	513	482	811	559	506
606	513	482	940	544	496
637	513	482	1023	525	467
668	513	482	1023	505	463
800	513	482	1023	389	379
924	513	482	1023	265	279
0	544	482	0	664	521
62	544	482	0	664	524
123	544	482	0	669	524
185	544	482	0	678	509
254	544	482	0	692	509
308	544	482	57	699	504
386	544	482	221	691	502
451	544	482	375	679	501
482	544	482	458	670	496
513	544	482	553	663	494
544	544	482	660	650	486
575	544	482	773	636	493
606	544	482	901	620	486
637	544	482	1023	603	471
668	544	482	1023	580	459
800	544	482	1023	458	372
924	544	482	1023	311	282
0	575	482	0	735	517
62	575	482	0	737	517
123	575	482	0	739	517
185	575	482	0	749	497
254	575	482	0	763	488
308	575	482	18	775	488
386	575	482	192	769	487
451	575	482	340	757	483
482	575	482	422	750	481
513	575	482	516	743	479
544	575	482	616	732	476
575	575	482	731	719	469
606	575	482	859	707	476
637	575	482	998	693	470
668	575	482	1023	667	458
800	575	482	1023	533	376
924	575	482	1023	363	283
0	606	482	0	806	528
62	606	482	0	808	528
123	606	482	0	811	525
185	606	482	0	821	502
254	606	482	0	839	486
308	606	482	0	860	475
386	606	482	165	852	470
451	606	482	308	845	468
482	606	482	389	836	468
513	606	482	478	832	465
544	606	482	581	821	463
575	606	482	694	811	460
606	606	482	819	798	457
637	606	482	959	786	464
668	606	482	1018	761	454
800	606	482	1023	618	381
924	606	482	1023	426	284
0	637	482	0	889	538
62	637	482	0	892	538
123	637	482	0	898	532
185	637	482	0	907	514
254	637	482	0	928	491
308	637	482	0	953	462
386	637	482	137	954	457
451	637	482	279	944	456
482	637	482	358	938	455
513	637	482	443	929	454
544	637	482	543	923	452
575	637	482	652	913	452
606	637	482	774	901	450
637	637	482	916	888	444
668	637	482	1003	861	449
800	637	482	1023	707	383
924	637	482	1023	496	285
0	668	482	0	988	541
62	668	482	0	991	538
123	668	482	0	995	532
185	668	482	0	1009	529
254	668	482	0	1012	460
308	668	482	0	1013	398
386	668	482	108	1013	432
451	668	482	248	1013	431
482	668	482	323	1011	431
513	668	482	405	1008	431
544	668	482	501	1008	434
575	668	482	608	1002	430
606	668	482	725	991	427
637	668	482	855	981	423
668	668	482	972	965	381
800	668	482	1023	805	379
924	668	482	1023	577	288
0	800	482	0	1022	563
62	800	482	0	1022	556
123	800	482	0	1022	530
185	800	482	0	1023	492
254	800	482	0	1023	458
308	800	482	0	1023	407
386	800	482	0	1023	348
451	800	482	102	1023	344
482	800	482	168	1023	344
513	800	482	231	1023	344
544	800	482	302	1023	344
575	800	482	383	1023	344
606	800	482	473	1023	343
637	800	482	579	1023	344
668	800	482	698	1023	343
800	800	482	1023	1023	331
924	800	482	1023	931	298
0	924	482	0	1023	580
62	924	482	0	1023	577
123	924	482	0	1023	563
185	924	482	0	1023	539
254	924	482	0	1023	524
308	924	482	0	1023	470
386	924	482	0	1023	394
451	924	482	0	1023	321
482	924	482	37	1023	305
513	924	482	111	1023	307
544	924	482	179	1023	307
575	924	482	248	1023	308
606	924	482	323	1023	308
637	924	482	409	1023	311
668	924	482	510	1023	313
800	924	482	958	1023	315
924	924	482	1023	1023	313
0	0	513	0	2	645
62	0	513	0	1	668
123	0	513	32	0	699
185	0	513	119	0	683
254	0	513	210	0	661
308	0	513	292	0	643
386	0	513	432	0	614
451	0	513	566	0	595
482	0	513	641	0	584
513	0	513	725	0	577
544	0	513	811	0	564
575	0	513	907	0	552
606	0	513	1003	0	541
637	0	513	1023	0	505
668	0	513	1023	0	500
800	0	513	1023	0	396
924	0	513	1023	0	359
0	62	513	0	15	637
62	62	513	0	7	663
123	62	513	0	0	758
185	62	513	101	0	742
254	62	513	204	0	698
308	62	513	292	0	667
386	62	513	436	0	630
451	62	513	574	0	607
482	62	513	650	0	591
513	62	513	735	0	580
544	62	513	822	0	568
575	62	513	920	0	558
606	62	513	1005	0	544
637	62	513	1023	0	504
668	62	513	1023	0	500
800	62	513	1023	0	396
924	62	513	1023	0	356
0	123	513	0	74	613
62	123	513	0	70	640
123	123	513	0	52	736
185	123	513	87	41	755
254	123	513	192	30	746
308	123	513	287	14	727
386	123	513	447	1	696
451	123	513	602	0	643
482	123	513	682	0	623
513	123	513	770	0	608
544	123	513	862	0	588
575	123	513	966	0	575
606	123	513	1016	0	559
637	123	513	1023	0	506
668	123	513	1023	0	503
800	123	513	1023	0	394
924	123	513	1023	0	348
0	185	513	0	131	574
62	185	513	0	129	600
123	185	513	0	118	693
185	185	513	68	109	747
254	185	513	181	102	737
308	185	513	274	95	727
386	185	513	435	77	692
451	185	513	599	60	662
482	185	513	689	50	645
513	185	513	788	40	634
544	185	513	892	29	614
575	185	513	1000	17	596
606	185	513	1023	2	578
637	185	513	1023	0	555
668	185	513	1023	0	539
800	185	513	1023	0	435
924	185	513	1023	0	336
0	254	513	0	201	546
62	254	513	0	200	564
123	254	513	0	196	635
185	254	513	27	189	730
254	254	513	158	182	726
308	254	513	250	175	714
386	254	513	413	160	686
451	254	513	580	145	659
482	254	513	669	136	643
513	254	513	768	128	631
544	254	513	873	119	614
575	254	513	992	109	599
606	254	513	1023	98	572
637	254	513	1023	88	556
668	254	513	1023	78	549
800	254	513	1023	10	422
924	254	513	1023	4	324
0	308	513	0	263	514
62	308	513	0	263	529
123	308	513	0	263	594
185	308	513	0	258	697
254	308	513	130	251	699
308	308	513	225	244	696
386	308	513	387	230	676
451	308	513	556	214	654
482	308	513	644	208	640
513	308	513	745	198	626
544	308	513	852	188	611
575	308	513	970	178	597
606	308	513	1023	167	578
637	308	513	1023	155	557
668	308	513	1023	144	543
800	308	513	1023	86	433
924	308	513	1023	62	324
0	386	513	0	367	519
62	386	513	0	367	529
123	386	513	0	368	558
185	386	513	0	372	603
254	386	513	78	371	638
308	386	513	180	368	635
386	386	513	341	352	655
451	386	513	505	339	639
482	386	513	598	330	630
513	386	513	702	320	617
544	386	513	805	309	605
575	386	513	926	297	592
606	386	513	1009	283	575
637	386	513	1023	269	556
668	386	513	1023	256	543
800	386	513	1023	181	431
924	386	513	1023	130	324
0	451	513	0	474	564
62	451	513	0	475	545
123	451	513	0	477	549
185	451	513	0	483	577
254	451	513	8	493	619
308	451	513	135	487	618
386	451	513	296	477	613
451	451	513	458	463	620
482	451	513	547	453	611
513	451	513	647	443	603
544	451	513	755	430	594
575	451	513	872	419	581
606	451	513	985	403	567
637	451	513	1023	386	553
668	451	513	1023	369	540
800	451	513	1023	276	436
924	451	513	1023	192	321
0	482	513	0	536	549
62	482	513	0	538	551
123	482	513	0	541	548
185	482	513	0	546	571
254	482	513	0	555	610
308	482	513	111	555	614
386	482	513	271	543	609
451	482	513	430	532	601
482	482	513	519	523	599
513	482	513	615	512	596
544	482	513	726	499	588
575	482	513	843	484	576
606	482	513	964	468	564
637	482	513	1023	450	549
668	482	513	1023	432	535
800	482	513	1023	327	436
924	482	513	1023	225	320
0	513	513	0	596	559
62	513	513	0	596	559
123	513	513	0	600	560
185	513	513	0	607	565
254	513	513	0	620	588
308	513	513	82	622	596
386	513	513	245	612	594
451	513	513	400	601	591
482	513	513	487	594	589
513	513	513	584	584	584
544	513	513	691	572	589
575	513	513	808	558	581
606	513	513	934	542	570
637	513	513	1023	526	537
668	513	513	1023	504	532
800	513	513	1023	389	435
924	513	513	1023	266	320
0	544	513	0	664	568
62	544	513	0	664	568
123	544	513	0	669	573
185	544	513	0	676	565
254	544	513	0	690	578
308	544	513	50	699	584
386	544	513	217	691	580
451	544	513	370	677	575
482	544	513	453	669	572
513	544	513	548	658	568
544	544	513	654	648	559
575	544	513	768	633	569
606	544	513	894	618	562
637	544	513	1020	603	555
668	544	513	1023	580	531
800	544	513	1023	456	423
924	544	513	1023	311	321
0	575	513	0	735	578
62	575	513	0	735	581
123	575	513	0	739	581
185	575	513	0	749	565
254	575	513	0	763	565
308	575	513	8	775	562
386	575	513	188	766	562
451	575	513	337	757	557
482	575	513	416	750	559
513	575	513	511	740	555
544	575	513	614	732	552
575	575	513	728	719	543
606	575	513	855	707	552
637	575	513	994	691	543
668	575	513	1023	668	527
800	575	513	1023	534	433
924	575	513	1023	364	321
0	606	513	0	806	570
62	606	513	0	808	570
123	606	513	0	811	570
185	606	513	0	821	552
254	606	513	0	838	546
308	606	513	0	855	549
386	606	513	161	852	545
451	606	513	304	842	542
482	606	513	385	836	542
513	606	513	473	826	539
544	606	513	576	821	538
575	606	513	691	809	532
606	606	513	812	798	526
637	606	513	955	784	535
668	606	513	1018	763	523
800	606	513	1023	619	440
924	606	513	1023	426	324
0	637	513	0	889	582
62	637	513	0	892	582
123	637	513	0	895	579
185	637	513	0	906	566
254	637	513	0	927	549
308	637	513	0	947	530
386	637	513	133	954	529
451	637	513	275	942	528
482	637	513	353	937	527
513	637	513	439	929	526
544	637	513	538	922	524
575	637	513	648	913	521
606	637	513	768	901	519
637	637	513	912	888	514
668	637	513	1002	862	521
800	637	513	1023	708	439
924	637	513	1023	498	327
0	668	513	0	988	593
62	668	513	0	991	593
123	668	513	0	995	590
185	668	513	0	1009	582
254	668	513	0	1012	498
308	668	513	0	1013	446
386	668	513	103	1013	504
451	668	513	245	1011	504
482	668	513	318	1009	502
513	668	513	401	1008	502
544	668	513	497	1006	501
575	668	513	603	1000	501
606	668	513	719	992	499
637	668	513	853	981	492
668	668	513	973	965	440
800	668	513	1023	806	437
924	668	513	1023	575	330
0	800	513	0	1022	557
62	800	513	0	1022	557
123	800	513	0	1022	674
185	800	513	0	1022	638
254	800	513	0	1023	509
308	800	513	0	1023	456
386	800	513	0	1023	402
451	800	513	98	1023	398
482	800	513	164	1023	398
513	800	513	227	1023	398
544	800	513	300	1023	398
575	800	513	379	1023	397
606	800	513	471	1023	399
637	800	513	574	1023	398
668	800	513	692	1023	397
800	800	513	1023	1023	383
924	800	513	1023	931	342
0	924	513	0	1023	618
62	924	513	0	1023	614
123	924	513	0	1023	603
185	924	513	0	1023	613
254	924	513	0	1023	570
308	924	513	0	1023	524
386	924	513	0	1023	449
451	924	513	0	1023	373
482	924	513	32	1023	353
513	924	513	108	1023	355
544	924	513	176	1023	355
575	924	513	245	1023	356
606	924	513	320	1023	356
637	924	513	407	1023	358
668	924	513	508	1023	359
800	924	513	956	1023	366
924	924	513	1023	1023	359
0	0	544	0	2	701
62	0	544	0	1	724
123	0	544	25	0	765
185	0	544	112	0	753
254	0	544	203	0	726
308	0	544	286	0	700
386	0	544	425	0	692
451	0	544	561	0	668
482	0	544	636	0	659
513	0	544	720	0	648
544	0	544	810	0	635
575	0	544	902	0	622
606	0	544	1001	0	611
637	0	544	1023	0	578
668	0	544	1023	0	570
800	0	544	1023	0	458
924	0	544	1023	0	400
0	62	544	0	16	690
62	62	544	0	9	718
123	62	544	0	0	823
185	62	544	94	0	816
254	62	544	196	0	780
308	62	544	285	0	747
386	62	544	427	0	709
451	62	544	569	0	684
482	62	544	645	0	665
513	62	544	730	0	655
544	62	544	818	0	643
575	62	544	915	0	628
606	62	544	1004	0	614
637	62	544	1023	0	577
668	62	544	1023	0	570
800	62	544	1023	0	457
924	62	544	1023	0	400
0	123	544	0	72	671
62	123	544	0	68	700
123	123	544	0	51	801
185	123	544	77	37	841
254	123	544	184	26	835
308	123	544	278	12	817
386	123	544	437	0	784
451	123	544	595	0	730
482	123	544	674	0	709
513	123	544	764	0	693
544	123	544	858	0	668
575	123	544	957	0	653
606	123	544	1014	0	633
637	123	544	1023	0	579
668	123	544	1023	0	575
800	123	544	1023	0	454
924	123	544	1023	0	392
0	185	544	0	127	660
62	185	544	0	125	663
123	185	544	0	116	758
185	185	544	58	106	837
254	185	544	172	99	831
308	185	544	264	92	815
386	185	544	425	74	783
451	185	544	591	58	754
482	185	544	681	49	738
513	185	544	783	38	723
544	185	544	886	28	703
575	185	544	998	15	683
606	185	544	1023	2	662
637	185	544	1023	0	637
668	185	544	1023	0	619
800	185	544	1023	0	500
924	185	544	1023	0	378
0	254	544	0	198	623
62	254	544	0	198	626
123	254	544	0	194	703
185	254	544	10	185	819
254	254	544	149	179	812
308	254	544	241	173	801
386	254	544	404	158	775
451	254	544	571	143	752
482	254	544	662	135	738
513	254	544	760	127	722
544	254	544	867	118	702
575	254	544	987	108	685
606	254	544	1023	97	655
637	254	544	1023	87	637
668	254	544	1023	77	629
800	254	544	1023	9	486
924	254	544	1023	4	366
0	308	544	0	261	605
62	308	544	0	261	585
123	308	544	0	261	655
185	308	544	0	253	766
254	308	544	121	246	792
308	308	544	218	240	784
386	308	544	380	228	767
451	308	544	549	214	745
482	308	544	637	205	732
513	308	544	741	196	717
544	308	544	844	187	699
575	308	544	964	177	683
606	308	544	1021	166	665
637	308	544	1023	156	640
668	308	544	1023	144	622
800	308	544	1023	86	498
924	308	544	1023	61	366
0	386	544	0	366	569
62	386	544	0	365	579
123	386	544	0	367	617
185	386	544	0	369	673
254	386	544	70	369	727
308	386	544	173	362	725
386	386	544	335	351	745
451	386	544	499	337	729
482	386	544	592	330	721
513	386	544	694	319	708
544	386	544	799	308	693
575	386	544	917	295	681
606	386	544	1006	283	661
637	386	544	1023	269	639
668	386	544	1023	256	622
800	386	544	1023	180	496
924	386	544	1023	129	366
0	451	544	0	473	613
62	451	544	0	475	600
123	451	544	0	477	615
185	451	544	0	482	643
254	451	544	1	489	709
308	451	544	130	484	706
386	451	544	291	476	702
451	451	544	452	462	708
482	451	544	541	453	700
513	451	544	639	441	691
544	451	544	746	431	683
575	451	544	863	417	670
606	451	544	979	402	652
637	451	544	1023	385	634
668	451	544	1023	369	618
800	451	544	1023	275	501
924	451	544	1023	191	364
0	482	544	0	534	612
62	482	544	0	535	615
123	482	544	0	537	616
185	482	544	0	542	633
254	482	544	0	554	695
308	482	544	104	551	689
386	482	544	265	541	685
451	482	544	423	527	681
482	482	544	511	518	689
513	482	544	608	510	682
544	482	544	719	498	673
575	482	544	834	482	661
606	482	544	956	468	645
637	482	544	1023	449	628
668	482	544	1023	431	612
800	482	544	1023	328	502
924	482	544	1023	224	363
0	513	544	0	595	602
62	513	544	0	595	606
123	513	544	0	599	616
185	513	544	0	606	628
254	513	544	0	618	666
308	513	544	77	621	685
386	513	544	239	612	680
451	513	544	396	598	677
482	513	544	481	592	674
513	513	544	579	584	668
544	513	544	683	571	662
575	513	544	801	555	651
606	513	544	927	541	637
637	513	544	1023	522	625
668	513	544	1023	501	609
800	513	544	1023	390	502
924	513	544	1023	265	363
0	544	544	0	664	618
62	544	544	0	664	618
123	544	544	0	669	628
185	544	544	0	676	624
254	544	544	0	689	651
308	544	544	42	696	668
386	544	544	211	687	667
451	544	544	365	675	661
482	544	544	446	669	657
513	544	544	544	659	652
544	544	544	646	646	646
575	544	544	762	633	654
606	544	544	890	618	642
637	544	544	1014	601	630
668	544	544	1023	580	608
800	544	544	1023	457	504
924	544	544	1023	311	364
0	575	544	0	733	627
62	575	544	0	733	627
123	575	544	0	737	634
185	575	544	0	744	620
254	575	544	0	759	636
308	575	544	1	773	646
386	575	544	185	765	644
451	575	544	331	754	638
482	575	544	413	748	638
513	575	544	506	738	632
544	575	544	609	729	629
575	575	544	723	717	619
606	575	544	848	704	629
637	575	544	987	689	623
668	575	544	1023	667	605
800	575	544	1023	534	498
924	575	544	1023	364	368
0	606	544	0	806	636
62	606	544	0	806	636
123	606	544	0	811	636
185	606	544	0	818	622
254	606	544	0	835	627
308	606	544	0	855	624
386	606	544	157	851	622
451	606	544	299	842	621
482	606	544	382	836	619
513	606	544	469	826	619
544	606	544	571	816	616
575	606	544	683	808	611
606	606	544	809	798	603
637	606	544	952	782	613
668	606	544	1018	757	598
800	606	544	1023	617	504
924	606	544	1023	424	369
0	637	544	0	889	627
62	637	544	0	889	627
123	637	544	0	895	627
185	637	544	0	903	627
254	637	544	0	923	611
308	637	544	0	947	613
386	637	544	129	950	607
451	637	544	271	942	606
482	637	544	350	934	605
513	637	544	435	929	603
544	637	544	533	918	600
575	637	544	642	913	598
606	637	544	765	901	596
637	637	544	904	889	588
668	637	544	999	863	595
800	637	544	1023	707	506
924	637	544	1023	496	373
0	668	544	0	988	643
62	668	544	0	991	643
123	668	544	0	995	643
185	668	544	0	1005	637
254	668	544	0	1012	530
308	668	544	0	1013	499
386	668	544	99	1013	582
451	668	544	241	1010	582
482	668	544	315	1008	581
513	668	544	395	1008	580
544	668	544	493	1006	578
575	668	544	596	1000	573
606	668	544	717	992	569
637	668	544	844	981	564
668	668	544	970	963	510
800	668	544	1023	804	503
924	668	544	1023	575	376
0	800	544	0	1022	702
62	800	544	0	1022	702
123	800	544	0	1022	679
185	800	544	0	1022	650
254	800	544	0	1023	592
308	800	544	0	1023	537
386	800	544	0	1023	462
451	800	544	95	1023	460
482	800	544	161	1023	460
513	800	544	223	1023	460
544	800	544	297	1023	460
575	800	544	376	1023	458
606	800	544	467	1023	461
637	800	544	572	1023	459
668	800	544	689	1023	458
800	800	544	1023	1023	442
924	800	544	1023	933	392
0	924	544	0	1023	696
62	924	544	0	1023	692
123	924	544	0	1023	680
185	924	544	0	1023	661
254	924	544	0	1023	618
308	924	544	0	1023	582
386	924	544	0	1023	508
451	924	544	0	1023	428
482	924	544	26	1023	407
513	924	544	104	1023	407
544	924	544	173	1023	409
575	924	544	241	1023	409
606	924	544	317	1023	411
637	924	544	404	1023	413
668	924	544	504	1023	415
800	924	544	956	1023	423
924	924	544	1023	1023	417
0	0	575	0	2	759
62	0	575	0	1	787
123	0	575	19	0	838
185	0	575	107	0	829
254	0	575	198	0	808
308	0	575	279	0	777
386	0	575	416	0	754
451	0	575	557	0	747
482	0	575	631	0	740
513	0	575	715	0	727
544	0	575	805	0	721
575	0	575	901	0	700
606	0	575	998	0	689
637	0	575	1023	0	658
668	0	575	1023	0	648
800	0	575	1023	0	529
924	0	575	1023	0	451
0	62	575	0	17	753
62	62	575	0	11	781
123	62	575	0	0	895
185	62	575	87	0	901
254	62	575	189	0	862
308	62	575	277	0	830
386	62	575	420	0	792
451	62	575	562	0	769
482	62	575	639	0	753
513	62	575	725	0	738
544	62	575	816	0	726
575	62	575	910	0	709
606	62	575	1001	0	695
637	62	575	1023	0	658
668	62	575	1023	0	648
800	62	575	1023	0	527
924	62	575	1023	0	449
0	123	575	0	69	747
62	123	575	0	66	766
123	123	575	0	51	871
185	123	575	64	34	941
254	123	575	174	23	929
308	123	575	265	8	911
386	123	575	427	0	884
451	123	575	584	0	820
482	123	575	665	0	799
513	123	575	756	0	780
544	123	575	849	0	757
575	123	575	952	0	738
606	123	575	1012	0	717
637	123	575	1023	0	660
668	123	575	1023	0	653
800	123	575	1023	0	521
924	123	575	1023	0	440
0	185	575	0	124	722
62	185	575	0	122	730
123	185	575	0	115	831
185	185	575	44	102	932
254	185	575	162	96	923
308	185	575	251	87	911
386	185	575	416	72	883
451	185	575	581	56	852
482	185	575	672	47	836
513	185	575	774	37	821
544	185	575	879	26	802
575	185	575	994	13	780
606	185	575	1023	2	757
637	185	575	1023	0	727
668	185	575	1023	0	706
800	185	575	1023	0	519
924	185	575	1023	0	426
0	254	575	0	197	689
62	254	575	0	196	713
123	254	575	0	191	771
185	254	575	2	179	917
254	254	575	139	173	911
308	254	575	231	168	902
386	254	575	394	155	880
451	254	575	560	141	851
482	254	575	654	133	836
513	254	575	752	125	819
544	254	575	858	116	798
575	254	575	978	107	780
606	254	575	1023	97	747
637	254	575	1023	86	727
668	254	575	1023	75	717
800	254	575	1023	8	580
924	254	575	1023	3	413
0	308	575	0	260	663
62	308	575	0	260	686
123	308	575	0	257	721
185	308	575	0	248	843
254	308	575	111	243	892
308	308	575	209	238	884
386	308	575	371	226	870
451	308	575	538	211	843
482	308	575	628	204	833
513	308	575	733	196	818
544	308	575	838	186	798
575	308	575	956	177	780
606	308	575	1020	164	756
637	308	575	1023	154	729
668	308	575	1023	143	709
800	308	575	1023	85	574
924	308	575	1023	60	413
0	386	575	0	365	653
62	386	575	0	365	634
123	386	575	0	366	681
185	386	575	0	367	745
254	386	575	61	365	825
308	386	575	167	359	825
386	386	575	328	347	843
451	386	575	492	335	832
482	386	575	585	327	822
513	386	575	686	316	807
544	386	575	790	305	788
575	386	575	908	295	773
606	386	575	1003	281	754
637	386	575	1023	267	730
668	386	575	1023	254	711
800	386	575	1023	181	572
924	386	575	1023	127	413
0	451	575	0	473	665
62	451	575	0	473	673
123	451	575	0	476	680
185	451	575	0	481	716
254	451	575	0	487	802
308	451	575	123	482	800
386	451	575	285	472	800
451	451	575	444	458	807
482	451	575	534	449	796
513	451	575	632	439	788
544	451	575	740	430	777
575	451	575	859	417	763
606	451	575	977	400	745
637	451	575	1023	384	725
668	451	575	1023	368	706
800	451	575	1023	276	577
924	451	575	1023	190	413
0	482	575	0	532	670
62	482	575	0	534	673
123	482	575	0	536	683
185	482	575	0	541	700
254	482	575	0	550	780
308	482	575	97	549	780
386	482	575	260	538	778
451	482	575	418	526	772
482	482	575	506	518	781
513	482	575	602	508	775
544	482	575	710	496	765
575	482	575	825	481	756
606	482	575	954	464	738
637	482	575	1023	448	721
668	482	575	1023	431	702
800	482	575	1023	327	583
924	482	575	1023	222	411
0	513	575	0	595	678
62	513	575	0	595	681
123	513	575	0	599	679
185	513	575	0	605	691
254	513	575	0	615	750
308	513	575	70	617	765
386	513	575	232	607	761
451	513	575	389	597	756
482	513	575	474	590	752
513	513	575	573	580	763
544	513	575	677	568	755
575	513	575	793	554	743
606	513	575	920	538	729
637	513	575	1023	522	713
668	513	575	1023	501	695
800	513	575	1023	388	576
924	513	575	1023	265	411
0	544	575	0	664	685
62	544	575	0	664	674
123	544	575	0	668	684
185	544	575	0	675	686
254	544	575	0	685	729
308	544	575	34	694	761
386	544	575	205	685	759
451	544	575	358	673	751
482	544	575	441	664	747
513	544	575	537	656	744
544	544	575	641	646	738
575	544	575	754	632	731
606	544	575	882	616	721
637	544	575	1010	601	710
668	544	575	1023	579	691
800	544	575	1023	458	576
924	544	575	1023	311	415
0	575	575	0	732	678
62	575	575	0	732	678
123	575	575	0	736	689
185	575	575	0	743	682
254	575	575	0	758	711
308	575	575	0	772	737
386	575	575	179	763	734
451	575	575	328	752	733
482	575	575	408	745	732
513	575	575	501	738	726
544	575	575	603	727	720
575	575	575	717	717	717
606	575	575	842	705	722
637	575	575	983	690	713
668	575	575	1023	665	691
800	575	575	1023	533	577
924	575	575	1023	366	419
0	606	575	0	805	686
62	606	575	0	805	686
123	606	575	0	809	693
185	606	575	0	817	689
254	606	575	0	834	697
308	606	575	0	851	710
386	606	575	152	851	714
451	606	575	295	838	712
482	606	575	376	830	711
513	606	575	461	826	709
544	606	575	565	816	703
575	606	575	677	805	700
606	606	575	803	795	691
637	606	575	943	780	702
668	606	575	1015	758	688
800	606	575	1023	618	576
924	606	575	1023	426	423
0	637	575	0	889	697
62	637	575	0	889	697
123	637	575	0	894	701
185	637	575	0	903	704
254	637	575	0	923	696
308	637	575	0	944	696
386	637	575	125	950	695
451	637	575	268	940	693
482	637	575	344	933	691
513	637	575	428	928	691
544	637	575	527	918	694
575	637	575	637	908	688
606	637	575	759	901	685
637	637	575	898	886	674
668	637	575	998	864	682
800	637	575	1023	708	576
924	637	575	1023	498	426
0	668	575	0	988	695
62	668	575	0	988	698
123	668	575	0	994	698
185	668	575	0	1005	698
254	668	575	0	1012	564
308	668	575	0	1013	688
386	668	575	94	1013	666
451	668	575	237	1009	671
482	668	575	310	1008	671
513	668	575	391	1008	671
544	668	575	488	1006	668
575	668	575	591	1000	663
606	668	575	711	991	658
637	668	575	841	981	653
668	668	575	969	965	582
800	668	575	1023	805	576
924	668	575	1023	577	428
0	800	575	0	1022	706
62	800	575	0	1022	706
123	800	575	0	1022	690
185	800	575	0	1022	666
254	800	575	0	1023	770
308	800	575	0	1023	595
386	800	575	0	1023	529
451	800	575	92	1023	531
482	800	575	157	1023	531
513	800	575	219	1023	531
544	800	575	293	1023	531
575	800	575	373	1023	528
606	800	575	463	1023	531
637	800	575	568	1023	530
668	800	575	682	1023	528
800	800	575	1023	1023	508
924	800	575	1023	935	451
0	924	575	0	1023	741
62	924	575	0	1023	737
123	924	575	0	1023	728
185	924	575	0	1023	707
254	924	575	0	1023	708
308	924	575	0	1023	669
386	924	575	0	1023	572
451	924	575	0	1023	493
482	924	575	19	1023	468
513	924	575	102	1023	470
544	924	575	170	1023	470
575	924	575	237	1023	472
606	924	575	314	1023	474
637	924	575	400	1023	476
668	924	575	502	1023	479
800	924	575	954	1023	487
924	924	575	1023	1023	481
0	0	606	0	2	831
62	0	606	0	2	861
123	0	606	11	0	926
185	0	606	102	0	913
254	0	606	192	0	888
308	0	606	270	0	864
386	0	606	409	0	844
451	0	606	551	0	833
482	0	606	624	0	819
513	0	606	709	0	813
544	0	606	799	0	802
575	0	606	894	0	786
606	0	606	997	0	772
637	0	606	1023	0	748
668	0	606	1023	0	733
800	0	606	1023	0	607
924	0	606	1023	0	506
0	62	606	0	18	827
62	62	606	0	11	855
123	62	606	0	1	965
185	62	606	79	0	984
254	62	606	182	0	954
308	62	606	266	0	919
386	62	606	412	0	883
451	62	606	557	0	854
482	62	606	630	0	840
513	62	606	719	0	828
544	62	606	810	0	811
575	62	606	904	0	794
606	62	606	1000	0	782
637	62	606	1023	0	747
668	62	606	1023	0	734
800	62	606	1023	0	603
924	62	606	1023	0	504
0	123	606	0	68	817
62	123	606	0	65	838
123	123	606	0	49	945
185	123	606	51	29	1023
254	123	606	164	18	1018
308	123	606	253	4	1007
386	123	606	415	0	987
451	123	606	574	0	928
482	123	606	656	0	903
513	123	606	747	0	876
544	123	606	839	0	854
575	123	606	943	0	833
606	123	606	1010	0	808
637	123	606	1023	0	749
668	123	606	1023	0	741
800	123	606	1023	0	596
924	123	606	1023	0	496
0	185	606	0	124	791
62	185	606	0	121	818
123	185	606	0	112	909
185	185	606	29	96	1019
254	185	606	151	90	1015
308	185	606	241	83	1007
386	185	606	405	70	985
451	185	606	569	53	960
482	185	606	662	44	950
513	185	606	763	35	932
544	185	606	869	24	911
575	185	606	990	11	888
606	185	606	1023	1	856
637	185	606	1023	0	825
668	185	606	1023	0	801
800	185	606	1023	0	590
924	185	606	1023	0	481
0	254	606	0	195	760
62	254	606	0	193	782
123	254	606	0	188	845
185	254	606	0	175	1007
254	254	606	128	169	1006
308	254	606	222	164	999
386	254	606	383	153	982
451	254	606	551	139	957
482	254	606	641	131	943
513	254	606	743	124	928
544	254	606	849	115	906
575	254	606	969	106	885
606	254	606	1023	96	861
637	254	606	1023	85	826
668	254	606	1023	75	820
800	254	606	1023	8	661
924	254	606	1023	3	466
0	308	606	0	256	729
62	308	606	0	255	748
123	308	606	0	253	793
185	308	606	0	245	931
254	308	606	103	238	992
308	308	606	202	233	987
386	308	606	360	222	976
451	308	606	529	208	955
482	308	606	620	202	943
513	308	606	723	194	924
544	308	606	828	184	905
575	308	606	945	175	885
606	308	606	1017	164	858
637	308	606	1023	153	826
668	308	606	1023	142	804
800	308	606	1023	85	654
924	308	606	1023	58	468
0	386	606	0	363	717
62	386	606	0	363	733
123	386	606	0	364	749
185	386	606	0	365	825
254	386	606	52	360	937
308	386	606	160	354	934
386	386	606	320	344	954
451	386	606	483	331	939
482	386	606	578	323	931
513	386	606	677	315	915
544	386	606	781	305	896
575	386	606	900	293	880
606	386	606	999	280	854
637	386	606	1023	267	828
668	386	606	1023	254	807
800	386	606	1023	180	651
924	386	606	1023	125	468
0	451	606	0	471	724
62	451	606	0	473	729
123	451	606	0	474	748
185	451	606	0	477	809
254	451	606	0	483	921
308	451	606	116	480	911
386	451	606	277	469	905
451	451	606	435	454	914
482	451	606	528	446	904
513	451	606	624	437	895
544	451	606	732	427	883
575	451	606	850	413	866
606	451	606	970	397	844
637	451	606	1023	382	825
668	451	606	1023	367	806
800	451	606	1023	275	658
924	451	606	1023	189	468
0	482	606	0	531	730
62	482	606	0	532	737
123	482	606	0	534	751
185	482	606	0	539	791
254	482	606	0	546	874
308	482	606	89	543	888
386	482	606	253	535	888
451	482	606	411	521	898
482	482	606	498	513	892
513	482	606	595	503	885
544	482	606	704	493	873
575	482	606	818	480	857
606	482	606	945	464	837
637	482	606	1023	446	818
668	482	606	1023	429	797
800	482	606	1023	328	672
924	482	606	1023	221	466
0	513	606	0	594	733
62	513	606	0	593	740
123	513	606	0	597	745
185	513	606	0	601	778
254	513	606	0	611	839
308	513	606	62	615	867
386	513	606	227	605	864
451	513	606	383	595	857
482	513	606	468	588	852
513	513	606	565	578	866
544	513	606	669	568	855
575	513	606	784	554	842
606	513	606	910	537	830
637	513	606	1023	520	813
668	513	606	1023	501	793
800	513	606	1023	389	658
924	513	606	1023	265	470
0	544	606	0	662	743
62	544	606	0	662	746
123	544	606	0	666	760
185	544	606	0	673	752
254	544	606	0	683	811
308	544	606	26	692	863
386	544	606	201	682	840
451	544	606	351	670	835
482	544	606	432	662	832
513	544	606	528	653	828
544	544	606	633	641	841
575	544	606	747	630	830
606	544	606	873	614	817
637	544	606	1004	601	804
668	544	606	1023	579	784
800	544	606	1023	456	659
924	544	606	1023	311	472
0	575	606	0	732	754
62	575	606	0	732	757
123	575	606	0	736	749
185	575	606	0	743	749
254	575	606	0	754	788
308	575	606	0	768	834
386	575	606	175	761	836
451	575	606	320	750	829
482	575	606	401	742	829
513	575	606	492	733	822
544	575	606	598	727	818
575	575	606	709	714	812
606	575	606	833	702	807
637	575	606	976	686	798
668	575	606	1023	665	780
800	575	606	1023	534	659
924	575	606	1023	364	479
0	606	606	0	804	741
62	606	606	0	806	741
123	606	606	0	809	753
185	606	606	0	816	759
254	606	606	0	833	775
308	606	606	0	848	805
386	606	606	147	848	810
451	606	606	290	838	812
482	606	606	370	830	809
513	606	606	457	821	805
544	606	606	560	816	802
575	606	606	671	805	798
606	606	606	792	792	792
637	606	606	934	780	798
668	606	606	1015	758	782
800	606	606	1023	617	656
924	606	606	1023	426	481
0	637	606	0	889	753
62	637	606	0	889	756
123	637	606	0	894	760
185	637	606	0	903	771
254	637	606	0	922	768
308	637	606	0	939	782
386	637	606	120	948	792
451	637	606	264	937	792
482	637	606	339	932	790
513	637	606	424	924	788
544	637	606	523	918	785
575	637	606	631	907	781
606	637	606	754	895	778
637	637	606	891	883	766
668	637	606	999	859	773
800	637	606	1023	707	660
924	637	606	1023	498	485
0	668	606	0	985	768
62	668	606	0	985	768
123	668	606	0	992	771
185	668	606	0	1001	775
254	668	606	0	1008	747
308	668	606	0	1008	763
386	668	606	89	1009	762
451	668	606	233	1008	762
482	668	606	305	1008	762
513	668	606	386	1008	762
544	668	606	483	1003	757
575	668	606	586	997	762
606	668	606	704	989	754
637	668	606	834	978	748
668	668	606	968	965	667
800	668	606	1023	806	657
924	668	606	1023	579	491
0	800	606	0	1022	879
62	800	606	0	1022	879
123	800	606	0	1022	870
185	800	606	0	1022	843
254	800	606	0	1023	807
308	800	606	0	1023	653
386	800	606	0	1023	599
451	800	606	88	1023	607
482	800	606	153	1023	607
513	800	606	217	1023	607
544	800	606	289	1023	607
575	800	606	368	1023	605
606	800	606	459	1023	604
637	800	606	562	1023	603
668	800	606	679	1023	604
800	800	606	1023	1023	582
924	800	606	1023	935	517
0	924	606	0	1023	773
62	924	606	0	1023	773
123	924	606	0	1023	769
185	924	606	0	1023	796
254	924	606	0	1023	766
308	924	606	0	1023	728
386	924	606	0	1023	645
451	924	606	0	1023	563
482	924	606	11	1023	538
513	924	606	98	1023	538
544	924	606	167	1023	540
575	924	606	234	1023	542
606	924	606	311	1023	545
637	924	606	394	1023	547
668	924	606	498	1023	549
800	924	606	950	1023	558
924	924	606	1023	1023	552
0	0	637	0	3	911
62	0	637	0	2	939
123	0	637	3	0	1006
185	0	637	95	0	999
254	0	637	184	0	978
308	0	637	264	0	958
386	0	637	403	0	938
451	0	637	543	0	925
482	0	637	619	0	916
513	0	637	704	0	908
544	0	637	791	0	893
575	0	637	888	0	881
606	0	637	993	0	843
637	0	637	1023	0	843
668	0	637	1023	0	826
800	0	637	1023	0	694
924	0	637	1023	0	563
0	62	637	0	19	907
62	62	637	0	13	932
123	62	637	0	1	1023
185	62	637	72	0	1023
254	62	637	174	0	1022
308	62	637	258	0	1006
386	62	637	403	0	968
451	62	637	546	0	949
482	62	637	625	0	941
513	62	637	711	0	925
544	62	637	799	0	909
575	62	637	898	0	893
606	62	637	996	0	875
637	62	637	1023	0	844
668	62	637	1023	0	829
800	62	637	1023	0	690
924	62	637	1023	0	563
0	123	637	0	67	892
62	123	637	0	63	922
123	123	637	0	48	1020
185	123	637	38	26	1023
254	123	637	152	15	1023
308	123	637	240	2	1023
386	123	637	404	0	1023
451	123	637	563	0	1008
482	123	637	647	0	996
513	123	637	737	0	980
544	123	637	828	0	960
575	123	637	935	0	933
606	123	637	1007	0	910
637	123	637	1023	0	849
668	123	637	1023	0	837
800	123	637	1023	0	680
924	123	637	1023	0	554
0	185	637	0	121	869
62	185	637	0	119	899
123	185	637	0	108	992
185	185	637	12	93	1023
254	185	637	141	87	1023
308	185	637	231	80	1023
386	185	637	393	66	1023
451	185	637	558	51	1023
482	185	637	651	42	1023
513	185	637	748	33	1023
544	185	637	856	22	1011
575	185	637	976	8	991
606	185	637	1023	1	962
637	185	637	1023	0	932
668	185	637	1023	0	907
800	185	637	1023	0	672
924	185	637	1023	0	540
0	254	637	0	192	833
62	254	637	0	190	857
123	254	637	0	184	930
185	254	637	0	171	1023
254	254	637	118	165	1023
308	254	637	212	160	1023
386	254	637	371	149	1023
451	254	637	539	136	1023
482	254	637	630	129	1023
513	254	637	731	122	1023
544	254	637	838	113	1011
575	254	637	955	104	991
606	254	637	1022	93	968
637	254	637	1023	83	932
668	254	637	1023	73	924
800	254	637	1023	8	752
924	254	637	1023	3	524
0	308	637	0	252	802
62	308	637	0	252	822
123	308	637	0	249	871
185	308	637	0	241	993
254	308	637	94	234	1023
308	308	637	192	228	1023
386	308	637	350	218	1023
451	308	637	517	206	1023
482	308	637	610	199	1023
513	308	637	708	192	1022
544	308	637	816	183	1012
575	308	637	936	173	990
606	308	637	1013	163	966
637	308	637	1023	152	933
668	308	637	1023	141	912
800	308	637	1023	84	746
924	308	637	1023	56	526
0	386	637	0	361	787
62	386	637	0	363	799
123	386	637	0	363	825
185	386	637	0	361	943
254	386	637	40	354	1023
308	386	637	153	350	1023
386	386	637	312	340	1023
451	386	637	473	330	1023
482	386	637	565	321	1023
513	386	637	664	311	1019
544	386	637	771	302	1007
575	386	637	893	291	989
606	386	637	994	278	967
637	386	637	1023	265	939
668	386	637	1023	252	916
800	386	637	1023	179	743
924	386	637	1023	124	528
0	451	637	0	470	820
62	451	637	0	471	804
123	451	637	0	473	818
185	451	637	0	476	891
254	451	637	0	477	1013
308	451	637	108	474	1021
386	451	637	270	463	1015
451	451	637	428	452	1022
482	451	637	517	442	1015
513	451	637	613	434	1008
544	451	637	723	425	996
575	451	637	840	412	979
606	451	637	962	396	958
637	451	637	1023	381	934
668	451	637	1023	366	912
800	451	637	1023	275	749
924	451	637	1023	188	528
0	482	637	0	529	809
62	482	637	0	531	816
123	482	637	0	532	825
185	482	637	0	538	870
254	482	637	0	543	976
308	482	637	82	541	1002
386	482	637	245	532	1000
451	482	637	403	519	1007
482	482	637	489	512	1003
513	482	637	588	501	998
544	482	637	695	491	983
575	482	637	809	477	967
606	482	637	935	463	949
637	482	637	1023	446	929
668	482	637	1023	428	906
800	482	637	1023	326	764
924	482	637	1023	221	531
0	513	637	0	592	798
62	513	637	0	592	802
123	513	637	0	593	830
185	513	637	0	599	860
254	513	637	0	609	933
308	513	637	53	612	980
386	513	637	218	602	979
451	513	637	376	590	973
482	513	637	460	582	988
513	513	637	556	575	982
544	513	637	661	561	972
575	513	637	775	550	957
606	513	637	900	537	941
637	513	637	1020	519	925
668	513	637	1023	499	899
800	513	637	1023	388	748
924	513	637	1023	265	531
0	544	637	0	660	808
62	544	637	0	660	812
123	544	637	0	665	831
185	544	637	0	671	847
254	544	637	0	679	901
308	544	637	14	686	954
386	544	637	194	676	951
451	544	637	345	665	946
482	544	637	427	659	944
513	544	637	521	650	939
544	544	637	626	639	953
575	544	637	739	627	943
606	544	637	864	613	927
637	544	637	996	597	920
668	544	637	1023	578	896
800	544	637	1023	458	750
924	544	637	1023	313	538
0	575	637	0	730	815
62	575	637	0	730	819
123	575	637	0	734	835
185	575	637	0	741	838
254	575	637	0	752	876
308	575	637	0	763	943
386	575	637	169	756	929
451	575	637	313	746	925
482	575	637	396	740	922
513	575	637	487	731	921
544	575	637	588	721	916
575	575	637	703	712	926
606	575	637	829	700	916
637	575	637	967	686	906
668	575	637	1023	665	886
800	575	637	1023	534	752
924	575	637	1023	366	542
0	606	637	0	803	823
62	606	637	0	806	826
123	606	637	0	808	838
185	606	637	0	815	834
254	606	637	0	829	858
308	606	637	0	845	904
386	606	637	141	844	925
451	606	637	285	833	922
482	606	637	364	827	918
513	606	637	450	820	917
544	606	637	551	810	910
575	606	637	664	803	906
606	606	637	786	792	902
637	606	637	926	779	898
668	606	637	1015	757	880
800	606	637	1023	616	746
924	606	637	1023	426	547
0	637	637	0	888	812
62	637	637	0	891	816
123	637	637	0	893	825
185	637	637	0	902	841
254	637	637	0	917	851
308	637	637	0	936	879
386	637	637	115	943	898
451	637	637	258	936	898
482	637	637	334	931	899
513	637	637	418	922	898
544	637	637	515	916	896
575	637	637	624	907	892
606	637	637	746	895	888
637	637	637	884	884	884
668	637	637	995	860	882
800	637	637	1023	708	749
924	637	637	1023	498	552
0	668	637	0	984	827
62	668	637	0	987	831
123	668	637	0	990	835
185	668	637	0	1000	847
254	668	637	0	1007	798
308	668	637	0	1008	843
386	668	637	82	1009	879
451	668	637	228	1008	875
482	668	637	301	1008	875
513	668	637	383	1005	875
544	668	637	476	1002	868
575	668	637	579	997	865
606	668	637	698	987	855
637	668	637	826	978	848
668	668	637	965	963	761
800	668	637	1023	805	748
924	668	637	1023	577	556
0	800	637	0	1022	887
62	800	637	0	1022	887
123	800	637	0	1022	877
185	800	637	0	1022	867
254	800	637	0	1023	848
308	800	637	0	1023	720
386	800	637	0	1023	678
451	800	637	83	1023	696
482	800	637	149	1023	696
513	800	637	214	1023	696
544	800	637	286	1023	696
575	800	637	364	1023	694
606	800	637	453	1023	693
637	800	637	557	1023	691
668	800	637	674	1023	688
800	800	637	1023	1023	666
924	800	637	1023	937	589
0	924	637	0	1023	817
62	924	637	0	1023	817
123	924	637	0	1023	813
185	924	637	0	1023	806
254	924	637	0	1023	793
308	924	637	0	1023	778
386	924	637	0	1023	720
451	924	637	0	1023	642
482	924	637	4	1023	612
513	924	637	94	1023	612
544	924	637	163	1023	615
575	924	637	230	1023	620
606	924	637	307	1023	620
637	924	637	391	1023	623
668	924	637	493	1023	626
800	924	637	948	1023	637
924	924	637	1023	1023	634
0	0	668	0	3	985
62	0	668	0	2	1011
123	0	668	2	0	1023
185	0	668	89	0	1023
254	0	668	177	0	1022
308	0	668	256	0	1011
386	0	668	394	0	1003
451	0	668	536	0	996
482	0	668	612	0	994
513	0	668	697	0	995
544	0	668	782	0	993
575	0	668	882	0	981
606	0	668	985	0	948
637	0	668	1023	0	859
668	0	668	1023	0	859
800	0	668	1023	0	792
924	0	668	1023	0	631
0	62	668	0	20	985
62	62	668	0	14	1008
123	62	668	0	2	1023
185	62	668	66	0	1023
254	62	668	167	0	1023
308	62	668	249	0	1023
386	62	668	394	0	1018
451	62	668	540	0	1014
482	62	668	618	0	1012
513	62	668	704	0	1014
544	62	668	789	0	1012
575	62	668	891	0	977
606	62	668	988	0	960
637	62	668	1023	0	955
668	62	668	1023	0	931
800	62	668	1023	0	788
924	62	668	1023	0	628
0	123	668	0	64	972
62	123	668	0	61	1001
123	123	668	0	48	1023
185	123	668	22	22	1023
254	123	668	143	10	1023
308	123	668	230	2	1023
386	123	668	389	0	1023
451	123	668	549	0	1023
482	123	668	633	0	1023
513	123	668	725	0	1023
544	123	668	816	0	1016
575	123	668	923	0	1005
606	123	668	1001	0	990
637	123	668	1023	0	948
668	123	668	1023	0	935
800	123	668	1023	0	774
924	123	668	1023	0	618
0	185	668	0	118	948
62	185	668	0	116	979
123	185	668	0	106	1018
185	185	668	1	88	1023
254	185	668	130	82	1023
308	185	668	220	76	1023
386	185	668	378	63	1023
451	185	668	545	48	1023
482	185	668	636	40	1023
513	185	668	735	30	1023
544	185	668	844	19	1023
575	185	668	964	5	1023
606	185	668	1023	1	1021
637	185	668	1023	0	1009
668	185	668	1023	0	998
800	185	668	1023	0	763
924	185	668	1023	0	604
0	254	668	0	188	914
62	254	668	0	187	942
123	254	668	0	181	1000
185	254	668	0	168	1023
254	254	668	108	160	1023
308	254	668	202	156	1023
386	254	668	360	146	1023
451	254	668	527	134	1023
482	254	668	616	128	1023
513	254	668	718	119	1023
544	254	668	825	111	1023
575	254	668	941	101	1023
606	254	668	1018	92	1023
637	254	668	1023	82	1012
668	254	668	1023	72	999
800	254	668	1023	8	829
924	254	668	1023	3	589
0	308	668	0	251	881
62	308	668	0	249	903
123	308	668	0	247	991
185	308	668	0	238	1023
254	308	668	83	228	1023
308	308	668	182	223	1023
386	308	668	339	213	1023
451	308	668	505	203	1023
482	308	668	596	196	1023
513	308	668	695	189	1023
544	308	668	801	181	1023
575	308	668	923	171	1023
606	308	668	1008	161	1023
637	308	668	1023	150	1011
668	308	668	1023	140	997
800	308	668	1023	84	829
924	308	668	1023	55	591
0	386	668	0	360	862
62	386	668	0	360	880
123	386	668	0	360	938
185	386	668	0	355	1006
254	386	668	27	350	1023
308	386	668	144	344	1023
386	386	668	303	336	1023
451	386	668	463	324	1023
482	386	668	554	316	1023
513	386	668	651	308	1023
544	386	668	761	299	1023
575	386	668	880	289	1023
606	386	668	986	276	1023
637	386	668	1023	263	1015
668	386	668	1023	250	1000
800	386	668	1023	180	836
924	386	668	1023	123	594
0	451	668	0	470	876
62	451	668	0	470	883
123	451	668	0	471	917
185	451	668	0	473	977
254	451	668	0	472	1023
308	451	668	99	469	1023
386	451	668	261	458	1023
451	451	668	418	446	1023
482	451	668	505	439	1023
513	451	668	604	432	1023
544	451	668	713	421	1023
575	451	668	827	407	1023
606	451	668	952	393	1023
637	451	668	1023	379	1019
668	451	668	1023	363	1001
800	451	668	1023	274	846
924	451	668	1023	187	594
0	482	668	0	530	883
62	482	668	0	529	895
123	482	668	0	531	906
185	482	668	0	535	963
254	482	668	0	537	1018
308	482	668	74	535	1023
386	482	668	238	525	1023
451	482	668	396	515	1023
482	482	668	481	509	1023
513	482	668	577	497	1023
544	482	668	686	487	1023
575	482	668	798	474	1023
606	482	668	924	458	1023
637	482	668	1023	443	1021
668	482	668	1023	425	1002
800	482	668	1023	327	853
924	482	668	1023	221	596
0	513	668	0	590	886
62	513	668	0	590	894
123	513	668	0	594	903
185	513	668	0	597	947
254	513	668	0	604	1002
308	513	668	42	605	1023
386	513	668	212	597	1023
451	513	668	369	586	1023
482	513	668	451	578	1023
513	513	668	547	569	1023
544	513	668	650	559	1023
575	513	668	766	548	1023
606	513	668	891	533	1023
637	513	668	1014	519	1023
668	513	668	1023	497	1001
800	513	668	1023	387	848
924	513	668	1023	265	599
0	544	668	0	659	876
62	544	668	0	659	881
123	544	668	0	663	907
185	544	668	0	666	933
254	544	668	0	675	981
308	544	668	2	681	1023
386	544	668	188	672	1023
451	544	668	338	660	1023
482	544	668	420	654	1023
513	544	668	512	645	1023
544	544	668	616	637	1023
575	544	668	730	622	1023
606	544	668	857	610	1023
637	544	668	993	597	1023
668	544	668	1023	575	1003
800	544	668	1023	455	849
924	544	668	1023	311	604
0	575	668	0	728	883
62	575	668	0	728	888
123	575	668	0	732	906
185	575	668	0	738	920
254	575	668	0	747	959
308	575	668	0	757	1016
386	575	668	162	752	1023
451	575	668	307	742	1023
482	575	668	389	734	1023
513	575	668	479	728	1023
544	575	668	581	718	1023
575	575	668	695	710	1023
606	575	668	817	697	1023
637	575	668	959	684	1022
668	575	668	1022	661	1002
800	575	668	1023	532	848
924	575	668	1023	364	612
0	606	668	0	801	889
62	606	668	0	804	894
123	606	668	0	806	911
185	606	668	0	812	918
254	606	668	0	825	946
308	606	668	0	839	1000
386	606	668	135	841	1023
451	606	668	280	831	1023
482	606	668	359	824	1022
513	606	668	446	818	1021
544	606	668	546	810	1016
575	606	668	655	800	1014
606	606	668	780	790	1023
637	606	668	922	775	1015
668	606	668	1014	755	999
800	606	668	1023	616	845
924	606	668	1023	426	618
0	637	668	0	885	900
62	637	668	0	888	904
123	637	668	0	891	916
185	637	668	0	899	916
254	637	668	0	916	940
308	637	668	0	932	983
386	637	668	109	943	1023
451	637	668	253	933	1023
482	637	668	329	925	1022
513	637	668	410	921	1021
544	637	668	509	911	1017
575	637	668	615	901	1012
606	637	668	739	895	1007
637	637	668	874	881	1003
668	637	668	994	858	985
800	637	668	1023	705	841
924	637	668	1023	498	623
0	668	668	0	983	897
62	668	668	0	987	901
123	668	668	0	990	910
185	668	668	0	1000	927
254	668	668	0	1007	848
308	668	668	0	1008	916
386	668	668	76	1009	997
451	668	668	223	1007	993
482	668	668	294	1005	993
513	668	668	376	1004	1003
544	668	668	469	999	995
575	668	668	572	993	991
606	668	668	690	986	979
637	668	668	819	975	971
668	668	668	964	964	964
800	668	668	1023	803	845
924	668	668	1023	579	634
0	800	668	0	1022	830
62	800	668	0	1022	830
123	800	668	0	1022	830
185	800	668	0	1022	830
254	800	668	0	1023	827
308	800	668	0	1023	775
386	800	668	0	1023	805
451	800	668	79	1023	792
482	800	668	145	1023	792
513	800	668	210	1023	792
544	800	668	280	1023	792
575	800	668	358	1023	792
606	800	668	448	1023	789
637	800	668	552	1023	786
668	800	668	668	1023	784
800	800	668	1023	1023	755
924	800	668	1023	937	671
0	924	668	0	1023	859
62	924	668	0	1023	859
123	924	668	0	1023	855
185	924	668	0	1023	851
254	924	668	0	1023	843
308	924	668	0	1023	830
386	924	668	0	1023	788
451	924	668	0	1023	732
482	924	668	3	1023	697
513	924	668	90	1023	700
544	924	668	160	1023	700
575	924	668	226	1023	703
606	924	668	302	1023	709
637	924	668	389	1023	712
668	924	668	487	1023	715
800	924	668	945	1023	726
924	924	668	1023	1023	723
0	0	800	0	6	1023
62	0	800	0	2	1023
123	0	800	0	0	1023
185	0	800	66	0	1023
254	0	800	152	0	1023
308	0	800	223	0	1023
386	0	800	356	0	1023
451	0	800	492	0	1023
482	0	800	569	0	1023
513	0	800	650	0	1023
544	0	800	736	0	1023
575	0	800	835	0	1023
606	0	800	941	0	1023
637	0	800	1021	0	1023
668	0	800	1023	0	1010
800	0	800	1023	0	957
924	0	800	1023	0	888
0	62	800	0	22	1023
62	62	800	0	18	1023
123	62	800	0	2	1023
185	62	800	38	0	1023
254	62	800	138	0	1023
308	62	800	215	0	1023
386	62	800	352	0	1023
451	62	800	492	0	1023
482	62	800	568	0	1023
513	62	800	653	0	1023
544	62	800	740	0	1023
575	62	800	839	0	1023
606	62	800	946	0	1023
637	62	800	1023	0	1012
668	62	800	1023	0	1011
800	62	800	1023	0	960
924	62	800	1023	0	886
0	123	800	0	59	1023
62	123	800	0	56	1023
123	123	800	0	45	1023
185	123	800	0	18	1023
254	123	800	92	1	1023
308	123	800	179	0	1023
386	123	800	333	0	1023
451	123	800	487	0	1023
482	123	800	570	0	1023
513	123	800	660	0	1023
544	123	800	755	0	1023
575	123	800	858	0	1023
606	123	800	964	0	1023
637	123	800	1023	0	1014
668	123	800	1023	0	1013
800	123	800	1023	0	971
924	123	800	1023	0	884
0	185	800	0	108	1023
62	185	800	0	107	1023
123	185	800	0	98	1023
185	185	800	0	82	1023
254	185	800	80	64	1023
308	185	800	169	59	1023
386	185	800	315	47	1023
451	185	800	472	33	1023
482	185	800	557	26	1023
513	185	800	654	17	1023
544	185	800	759	5	1023
575	185	800	875	1	1023
606	185	800	991	0	1023
637	185	800	1023	0	1023
668	185	800	1023	0	1022
800	185	800	1023	0	998
924	185	800	1023	0	880
0	254	800	0	175	1023
62	254	800	0	174	1023
123	254	800	0	168	1023
185	254	800	0	155	1023
254	254	800	57	140	1023
308	254	800	153	134	1023
386	254	800	301	126	1023
451	254	800	454	117	1023
482	254	800	541	112	1023
513	254	800	635	104	1023
544	254	800	741	98	1023
575	254	800	859	90	1023
606	254	800	976	82	1023
637	254	800	1013	73	1023
668	254	800	1016	62	1023
800	254	800	1023	6	1023
924	254	800	1023	1	872
0	308	800	0	237	1023
62	308	800	0	234	1023
123	308	800	0	230	1023
185	308	800	0	219	1023
254	308	800	29	202	1023
308	308	800	136	198	1023
386	308	800	285	191	1023
451	308	800	434	182	1023
482	308	800	523	177	1023
513	308	800	618	172	1023
544	308	800	722	164	1023
575	308	800	835	156	1023
606	308	800	956	148	1023
637	308	800	1012	138	1023
668	308	800	1016	129	1023
800	308	800	1023	80	1023
924	308	800	1023	43	874
0	386	800	0	346	1023
62	386	800	0	345	1023
123	386	800	0	342	1023
185	386	800	0	336	1023
254	386	800	0	321	1023
308	386	800	99	312	1023
386	386	800	252	305	1023
451	386	800	401	296	1023
482	386	800	483	291	1023
513	386	800	580	284	1023
544	386	800	683	277	1023
575	386	800	796	270	1023
606	386	800	923	260	1023
637	386	800	1013	251	1023
668	386	800	1016	239	1023
800	386	800	1023	175	1023
924	386	800	1023	114	880
0	451	800	0	455	1023
62	451	800	0	455	1023
123	451	800	0	454	1023
185	451	800	0	452	1023
254	451	800	0	443	1023
308	451	800	54	429	1023
386	451	800	216	421	1023
451	451	800	365	414	1023
482	451	800	444	408	1023
513	451	800	540	400	1023
544	451	800	639	394	1023
575	451	800	754	384	1023
606	451	800	877	374	1023
637	451	800	1013	364	1023
668	451	800	1016	348	1023
800	451	800	1023	269	1023
924	451	800	1023	185	886
0	482	800	0	516	1023
62	482	800	0	515	1023
123	482	800	0	515	1023
185	482	800	0	512	1023
254	482	800	0	508	1023
308	482	800	25	496	1023
386	482	800	195	486	1023
451	482	800	344	477	1023
482	482	800	423	471	1023
513	482	800	515	465	1023
544	482	800	616	458	1023
575	482	800	732	447	1023
606	482	800	855	438	1023
637	482	800	993	427	1023
668	482	800	1017	410	1023
800	482	800	1023	321	1023
924	482	800	1023	220	890
0	513	800	0	579	1023
62	513	800	0	578	1023
123	513	800	0	579	1023
185	513	800	0	579	1023
254	513	800	0	576	1023
308	513	800	0	568	1023
386	513	800	176	559	1023
451	513	800	319	551	1023
482	513	800	399	543	1023
513	513	800	490	538	1023
544	513	800	591	530	1023
575	513	800	704	521	1023
606	513	800	830	510	1023
637	513	800	970	498	1023
668	513	800	1016	481	1023
800	513	800	1023	381	1023
924	513	800	1023	265	895
0	544	800	0	644	1023
62	544	800	0	643	1023
123	544	800	0	644	1023
185	544	800	0	645	1023
254	544	800	0	646	1023
308	544	800	0	647	1023
386	544	800	153	636	1023
451	544	800	296	625	1023
482	544	800	377	620	1023
513	544	800	462	613	1023
544	544	800	564	607	1023
575	544	800	675	597	1023
606	544	800	799	588	1023
637	544	800	937	577	1023
668	544	800	1010	558	1023
800	544	800	1023	447	1023
924	544	800	1023	313	899
0	575	800	0	717	1023
62	575	800	0	717	1023
123	575	800	0	718	1023
185	575	800	0	720	1023
254	575	800	0	727	1023
308	575	800	0	730	1023
386	575	800	129	723	1023
451	575	800	274	712	1023
482	575	800	352	708	1023
513	575	800	434	701	1023
544	575	800	534	693	1023
575	575	800	646	686	1023
606	575	800	765	677	1023
637	575	800	906	665	1023
668	575	800	1005	647	1023
800	575	800	1023	522	1023
924	575	800	1023	366	905
0	606	800	0	792	1023
62	606	800	0	792	1023
123	606	800	0	793	1023
185	606	800	0	800	1023
254	606	800	0	806	1023
308	606	800	0	816	1023
386	606	800	105	817	1023
451	606	800	250	805	1023
482	606	800	325	801	1023
513	606	800	407	792	1023
544	606	800	502	784	1023
575	606	800	610	780	1023
606	606	800	734	769	1023
637	606	800	868	755	1023
668	606	800	988	738	1023
800	606	800	1023	606	1023
924	606	800	1023	430	913
0	637	800	0	881	1023
62	637	800	0	881	1023
123	637	800	0	883	1023
185	637	800	0	891	1023
254	637	800	0	902	1021
308	637	800	0	912	1023
386	637	800	74	918	1023
451	637	800	222	908	1023
482	637	800	294	905	1023
513	637	800	378	896	1023
544	637	800	472	891	1023
575	637	800	577	880	1023
606	637	800	692	868	1023
637	637	800	821	854	1023
668	637	800	964	838	1023
800	637	800	1023	698	1023
924	637	800	1023	502	917
0	668	800	0	976	1019
62	668	800	0	976	1019
123	668	800	0	979	1019
185	668	800	0	987	1020
254	668	800	0	991	997
308	668	800	0	989	1013
386	668	800	32	985	1023
451	668	800	191	981	1023
482	668	800	262	979	1023
513	668	800	341	976	1023
544	668	800	428	974	1023
575	668	800	533	968	1023
606	668	800	645	962	1023
637	668	800	770	953	1023
668	668	800	903	929	1023
800	668	800	1023	795	1023
924	668	800	1023	584	925
0	800	800	0	1020	1003
62	800	800	0	1020	1003
123	800	800	0	1021	1005
185	800	800	0	1021	1008
254	800	800	0	1022	1012
308	800	800	0	1023	991
386	800	800	0	1023	1010
451	800	800	50	1023	1021
482	800	800	122	1023	1021
513	800	800	189	1023	1021
544	800	800	258	1023	1021
575	800	800	333	1023	1021
606	800	800	421	1023	1021
637	800	800	523	1023	1021
668	800	800	634	1023	1023
800	800	800	1023	1023	1023
924	800	800	1023	945	960
0	924	800	0	1023	1018
62	924	800	0	1023	1018
123	924	800	0	1023	1020
185	924	800	0	1023	1020
254	924	800	0	1023	1021
308	924	800	0	1023	1023
386	924	800	0	1023	1011
451	924	800	0	1023	992
482	924	800	0	1023	982
513	924	800	70	1023	982
544	924	800	140	1023	984
575	924	800	208	1023	986
606	924	800	284	1023	988
637	924	800	368	1023	990
668	924	800	466	1023	992
800	924	800	933	1023	1001
924	924	800	1023	1023	1007
0	0	924	0	13	1023
62	0	924	0	8	1023
123	0	924	0	1	1023
185	0	924	30	0	1023
254	0	924	113	0	1023
308	0	924	176	0	1023
386	0	924	285	0	1023
451	0	924	402	0	1023
482	0	924	466	0	1023
513	0	924	537	0	1023
544	0	924	614	0	1023
575	0	924	700	0	1023
606	0	924	792	0	1023
637	0	924	887	0	1023
668	0	924	925	0	1023
800	0	924	1023	0	1023
924	0	924	1023	0	1023
0	62	924	0	24	1023
62	62	924	0	20	1023
123	62	924	0	5	1023
185	62	924	7	0	1023
254	62	924	95	0	1023
308	62	924	161	0	1023
386	62	924	272	0	1023
451	62	924	391	0	1023
482	62	924	455	0	1023
513	62	924	527	0	1023
544	62	924	607	0	1023
575	62	924	690	0	1023
606	62	924	788	0	1023
637	62	924	880	0	1023
668	62	924	920	0	1023
800	62	924	1023	0	1023
924	62	924	1023	0	1023
0	123	924	0	55	1023
62	123	924	0	51	1023
123	123	924	0	35	1023
185	123	924	0	11	1023
254	123	924	13	0	1023
308	123	924	103	0	1023
386	123	924	223	0	1023
451	123	924	346	0	1023
482	123	924	412	0	1023
513	123	924	487	0	1023
544	123	924	571	0	1023
575	123	924	661	0	1023
606	123	924	762	0	1023
637	123	924	858	0	1023
668	123	924	901	0	1023
800	123	924	1023	0	1023
924	123	924	1023	0	1023
0	185	924	0	101	1023
62	185	924	0	98	1023
123	185	924	0	85	1023
185	185	924	0	60	1023
254	185	924	3	20	1023
308	185	924	85	14	1023
386	185	924	190	4	1023
451	185	924	295	3	1023
482	185	924	355	2	1023
513	185	924	424	1	1023
544	185	924	506	0	1023
575	185	924	596	0	1023
606	185	924	708	0	1023
637	185	924	805	0	1023
668	185	924	876	0	1023
800	185	924	1023	0	1023
924	185	924	1023	0	1023
0	254	924	0	165	1023
62	254	924	0	161	1023
123	254	924	0	148	1023
185	254	924	0	123	1023
254	254	924	1	82	1023
308	254	924	73	79	1023
386	254	924	180	74	1023
451	254	924	285	68	1023
482	254	924	343	64	1023
513	254	924	413	60	1023
544	254	924	493	57	1023
575	254	924	579	52	1023
606	254	924	683	45	1023
637	254	924	784	38	1023
668	254	924	860	30	1023
800	254	924	1023	2	1023
924	254	924	1023	0	1023
0	308	924	0	222	1023
62	308	924	0	219	1023
123	308	924	0	206	1023
185	308	924	0	181	1023
254	308	924	0	136	1023
308	308	924	59	128	1023
386	308	924	170	122	1023
451	308	924	274	116	1023
482	308	924	333	114	1023
513	308	924	402	110	1023
544	308	924	479	106	1023
575	308	924	565	102	1023
606	308	924	666	98	1023
637	308	924	774	94	1023
668	308	924	850	89	1023
800	308	924	1023	66	1023
924	308	924	1023	23	1023
0	386	924	0	327	1023
62	386	924	0	326	1023
123	386	924	0	312	1023
185	386	924	0	286	1023
254	386	924	0	237	1023
308	386	924	21	208	1023
386	386	924	148	204	1023
451	386	924	253	199	1023
482	386	924	311	197	1023
513	386	924	378	194	1023
544	386	924	453	190	1023
575	386	924	540	188	1023
606	386	924	642	184	1023
637	386	924	752	180	1023
668	386	924	831	176	1023
800	386	924	1023	155	1023
924	386	924	1023	109	1023
0	451	924	0	436	1023
62	451	924	0	435	1023
123	451	924	0	421	1023
185	451	924	0	396	1023
254	451	924	0	348	1023
308	451	924	0	294	1023
386	451	924	124	290	1023
451	451	924	230	285	1023
482	451	924	289	282	1023
513	451	924	353	278	1023
544	451	924	428	275	1023
575	451	924	513	272	1023
606	451	924	610	268	1023
637	451	924	723	264	1023
668	451	924	813	259	1023
800	451	924	1023	237	1023
924	451	924	1023	184	1023
0	482	924	0	494	1023
62	482	924	0	492	1023
123	482	924	0	478	1023
185	482	924	0	454	1023
254	482	924	0	407	1023
308	482	924	0	351	1023
386	482	924	112	336	1023
451	482	924	216	331	1023
482	482	924	278	328	1023
513	482	924	340	324	1023
544	482	924	415	321	1023
575	482	924	500	318	1023
606	482	924	596	314	1023
637	482	924	706	311	1023
668	482	924	803	305	1023
800	482	924	1023	285	1023
924	482	924	1023	220	1023
0	513	924	0	558	1023
62	513	924	0	554	1023
123	513	924	0	543	1023
185	513	924	0	518	1023
254	513	924	0	473	1023
308	513	924	0	418	1023
386	513	924	96	391	1023
451	513	924	205	384	1023
482	513	924	264	381	1023
513	513	924	326	378	1023
544	513	924	398	374	1023
575	513	924	485	371	1023
606	513	924	579	368	1023
637	513	924	689	363	1023
668	513	924	791	358	1023
800	513	924	1023	336	1023
924	513	924	1023	265	1023
0	544	924	0	619	1023
62	544	924	0	616	1023
123	544	924	0	605	1023
185	544	924	0	583	1023
254	544	924	0	543	1023
308	544	924	0	493	1023
386	544	924	82	453	1023
451	544	924	192	447	1023
482	544	924	250	443	1023
513	544	924	313	440	1023
544	544	924	382	436	1023
575	544	924	468	432	1023
606	544	924	563	428	1023
637	544	924	671	423	1023
668	544	924	780	419	1023
800	544	924	1023	394	1023
924	544	924	1023	314	1023
0	575	924	0	693	1023
62	575	924	0	690	1023
123	575	924	0	679	1023
185	575	924	0	661	1023
254	575	924	0	622	1023
308	575	924	0	577	1023
386	575	924	64	526	1023
451	575	924	179	519	1023
482	575	924	234	515	1023
513	575	924	297	513	1023
544	575	924	368	508	1023
575	575	924	451	504	1023
606	575	924	542	500	1023
637	575	924	650	493	1023
668	575	924	766	487	1023
800	575	924	1023	462	1023
924	575	924	1023	369	1023
0	606	924	0	766	1023
62	606	924	0	763	1023
123	606	924	0	754	1023
185	606	924	0	735	1023
254	606	924	0	703	1023
308	606	924	0	662	1023
386	606	924	40	602	1023
451	606	924	163	594	1023
482	606	924	216	591	1023
513	606	924	282	586	1023
544	606	924	351	582	1023
575	606	924	432	579	1023
606	606	924	526	575	1023
637	606	924	628	568	1023
668	606	924	747	563	1023
800	606	924	1023	538	1023
924	606	924	1023	432	1023
0	637	924	0	850	1023
62	637	924	0	847	1023
123	637	924	0	838	1023
185	637	924	0	823	1023
254	637	924	0	792	1023
308	637	924	0	758	1023
386	637	924	4	694	1023
451	637	924	145	683	1023
482	637	924	201	680	1023
513	637	924	264	674	1023
544	637	924	333	671	1023
575	637	924	411	666	1023
606	637	924	504	661	1023
637	637	924	604	655	1023
668	637	924	723	650	1023
800	637	924	1023	623	1023
924	637	924	1023	506	1023
0	668	924	0	931	1023
62	668	924	0	929	1023
123	668	924	0	921	1023
185	668	924	0	908	1023
254	668	924	0	881	1023
308	668	924	0	847	1023
386	668	924	0	782	1023
451	668	924	125	776	1023
482	668	924	185	774	1023
513	668	924	246	770	1023
544	668	924	314	768	1023
575	668	924	391	764	1023
606	668	924	483	761	1023
637	668	924	584	755	1023
668	668	924	700	749	1023
800	668	924	1023	718	1023
924	668	924	1023	589	1023
0	800	924	0	1014	1023
62	800	924	0	1014	1023
123	800	924	0	1015	1023
185	800	924	0	1017	1023
254	800	924	0	1021	1023
308	800	924	0	1023	1023
386	800	924	0	1023	1023
451	800	924	4	1023	1023
482	800	924	92	1023	1023
513	800	924	159	1023	1023
544	800	924	225	1023	1023
575	800	924	298	1023	1023
606	800	924	379	1023	1023
637	800	924	474	1023	1023
668	800	924	582	1023	1023
800	800	924	1003	1017	1023
924	800	924	1023	952	1023
0	924	924	0	1023	1023
62	924	924	0	1023	1023
123	924	924	0	1023	1023
185	924	924	0	1023	1023
254	924	924	0	1023	1023
308	924	924	0	1023	1023
386	924	924	0	1023	1023
451	924	924	0	1023	1023
482	924	924	0	1023	1023
513	924	924	39	1023	1023
544	924	924	118	1023	1023
575	924	924	189	1023	1023
606	924	924	265	1023	1023
637	924	924	345	1023	1023
668	924	924	442	1023	1023
800	924	924	917	1023	1023
924	924	924	1023	1023	1023