0	0	0	0	0	0
256	0	0	38	7	11
512	0	0	98	7	18
768	0	0	147	7	26
1024	0	0	191	7	34
1280	0	0	233	7	41
1536	0	0	275	7	48
1792	0	0	315	7	54
2048	0	0	357	7	59
2304	0	0	407	7	64
2560	0	0	469	7	68
2816	0	0	544	7	72
3072	0	0	633	7	76
3328	0	0	845	7	86
3584	0	0	995	7	89
3840	0	0	1023	12	87
4095	0	0	1023	23	84
0	256	0	7	35	17
256	256	0	32	31	7
512	256	0	98	27	7
768	256	0	150	19	7
1024	256	0	196	7	18
1280	256	0	237	7	28
1536	256	0	279	7	38
1792	256	0	319	7	46
2048	256	0	360	7	53
2304	256	0	411	7	59
2560	256	0	473	7	64
2816	256	0	549	7	69
3072	256	0	639	7	73
3328	256	0	745	7	77
3584	256	0	1002	7	87
3840	256	0	1022	7	85
4095	256	0	1023	40	84
0	512	0	7	91	30
256	512	0	13	90	7
512	512	0	90	88	7
768	512	0	145	83	7
1024	512	0	195	75	7
1280	512	0	241	63	7
1536	512	0	287	43	8
1792	512	0	330	15	11
2048	512	0	373	7	26
2304	512	0	425	7	38
2560	512	0	489	7	48
2816	512	0	567	7	56
3072	512	0	659	7	63
3328	512	0	767	7	69
3584	512	0	896	7	73
3840	512	0	1020	7	77
4095	512	0	1023	86	84
0	768	0	7	140	63
256	768	0	7	139	46
512	768	0	69	136	7
768	768	0	137	134	7
1024	768	0	189	130	7
1280	768	0	236	126	7
1536	768	0	283	119	7
1792	768	0	327	109	7
2048	768	0	376	97	8
2304	768	0	438	78	12
2560	768	0	515	46	15
2816	768	0	604	7	22
3072	768	0	699	7	35
3328	768	0	811	7	47
3584	768	0	945	7	56
3840	768	0	1020	7	60
4095	768	0	1023	127	84
0	1024	0	7	202	95
256	1024	0	7	201	84
512	1024	0	25	181	7
768	1024	0	123	179	7
1024	1024	0	181	177	7
1280	1024	0	230	174	7
1536	1024	0	278	170	7
1792	1024	0	323	165	7
2048	1024	0	370	159	7
2304	1024	0	432	150	7
2560	1024	0	509	139	7
2816	1024	0	603	126	12
3072	1024	0	714	108	16
3328	1024	0	848	83	19
3584	1024	0	1011	30	22
3840	1024	0	1023	7	25
4095	1024	0	1023	166	84
0	1280	0	7	241	105
256	1280	0	7	241	96
512	1280	0	7	222	46
768	1280	0	101	221	7
1024	1280	0	169	219	7
1280	1280	0	222	217	7
1536	1280	0	271	215	7
1792	1280	0	317	211	7
2048	1280	0	364	207	7
2304	1280	0	424	202	7
2560	1280	0	499	196	7
2816	1280	0	593	188	7
3072	1280	0	705	178	7
3328	1280	0	839	167	11
3584	1280	0	1002	153	16
3840	1280	0	1023	137	19
4095	1280	0	1023	204	85
0	1536	0	7	280	115
256	1536	0	7	280	108
512	1536	0	7	281	78
768	1536	0	58	261	7
1024	1536	0	154	260	7
1280	1536	0	212	258	7
1536	1536	0	263	256	7
1792	1536	0	311	254	7
2048	1536	0	358	251	7
2304	1536	0	416	248	7
2560	1536	0	488	243	7
2816	1536	0	580	238	7
3072	1536	0	690	232	7
3328	1536	0	823	225	7
3584	1536	0	986	215	7
3840	1536	0	1022	197	7
4095	1536	0	1023	241	88
0	1792	0	7	318	126
256	1792	0	7	318	120
512	1792	0	7	319	97
768	1792	0	7	301	27
1024	1792	0	133	301	7
1280	1792	0	200	299	7
1536	1792	0	253	298	7
1792	1792	0	304	296	7
2048	1792	0	351	294	7
2304	1792	0	408	292	7
2560	1792	0	478	288	7
2816	1792	0	566	285	7
3072	1792	0	673	280	7
3328	1792	0	803	275	7
3584	1792	0	962	268	7
3840	1792	0	1023	289	83
4095	1792	0	1023	279	91
0	2048	0	7	357	138
256	2048	0	7	357	134
512	2048	0	7	358	114
768	2048	0	7	338	62
1024	2048	0	102	339	7
1280	2048	0	186	338	7
1536	2048	0	243	337	7
1792	2048	0	296	335	7
2048	2048	0	343	333	7
2304	2048	0	399	331	7
2560	2048	0	468	329	7
2816	2048	0	554	327	7
3072	2048	0	657	323	7
3328	2048	0	783	320	7
3584	2048	0	937	316	7
3840	2048	0	1023	327	84
4095	2048	0	1023	316	96
0	2304	0	7	404	151
256	2304	0	7	404	147
512	2304	0	7	406	132
768	2304	0	7	408	97
1024	2304	0	28	384	7
1280	2304	0	166	382	7
1536	2304	0	231	381	7
1792	2304	0	286	379	7
2048	2304	0	335	377	7
2304	2304	0	390	375	7
2560	2304	0	458	373	7
2816	2304	0	542	370	7
3072	2304	0	642	368	7
3328	2304	0	764	364	7
3584	2304	0	913	361	7
3840	2304	0	1023	367	84
4095	2304	0	1023	352	101
0	2560	0	7	460	166
256	2560	0	7	461	162
512	2560	0	7	463	149
768	2560	0	7	466	121
1024	2560	0	7	436	56
1280	2560	0	135	438	7
1536	2560	0	214	436	7
1792	2560	0	274	434	7
2048	2560	0	325	432	7
2304	2560	0	379	430	7
2560	2560	0	447	427	7
2816	2560	0	530	424	7
3072	2560	0	629	422	7
3328	2560	0	748	418	7
3584	2560	0	893	415	7
3840	2560	0	1023	418	83
4095	2560	0	1023	396	106
0	2816	0	7	529	180
256	2816	0	7	529	177
512	2816	0	7	531	166
768	2816	0	7	536	143
1024	2816	0	7	542	100
1280	2816	0	77	504	7
1536	2816	0	192	502	7
1792	2816	0	258	500	7
2048	2816	0	315	498	7
2304	2816	0	368	496	7
2560	2816	0	434	493	7
2816	2816	0	516	490	7
3072	2816	0	615	486	7
3328	2816	0	733	483	7
3584	2816	0	873	479	7
3840	2816	0	1023	479	71
4095	2816	0	1023	448	112
0	3072	0	7	609	194
256	3072	0	7	610	192
512	3072	0	7	612	182
768	3072	0	7	617	162
1024	3072	0	7	625	128
1280	3072	0	7	582	49
1536	3072	0	161	583	7
1792	3072	0	240	581	7
2048	3072	0	301	578	7
2304	3072	0	356	576	7
2560	3072	0	420	573	7
2816	3072	0	500	570	7
3072	3072	0	599	566	7
3328	3072	0	716	562	7
3584	3072	0	854	558	7
3840	3072	0	1023	554	15
4095	3072	0	1023	510	113
0	3328	0	7	703	208
256	3328	0	7	703	206
512	3328	0	7	707	197
768	3328	0	7	712	180
1024	3328	0	7	721	151
1280	3328	0	7	732	101
1536	3328	0	111	677	7
1792	3328	0	217	675	7
2048	3328	0	285	672	7
2304	3328	0	342	669	7
2560	3328	0	406	666	7
2816	3328	0	483	663	7
3072	3328	0	581	659	7
3328	3328	0	697	655	7
3584	3328	0	834	650	7
3840	3328	0	1001	646	7
4095	3328	0	1023	584	98
0	3584	0	7	812	222
256	3584	0	7	813	220
512	3584	0	7	816	212
768	3584	0	7	823	197
1024	3584	0	7	832	172
1280	3584	0	7	845	132
1536	3584	0	7	786	34
1792	3584	0	186	786	7
2048	3584	0	265	783	7
2304	3584	0	327	780	7
2560	3584	0	390	776	7
2816	3584	0	467	772	7
3072	3584	0	561	769	7
3328	3584	0	676	764	7
3584	3584	0	812	759	7
3840	3584	0	977	754	7
4095	3584	0	1022	672	7
0	3840	0	7	941	235
256	3840	0	7	943	234
512	3840	0	7	947	227
768	3840	0	7	954	213
1024	3840	0	8	965	191
1280	3840	0	7	981	158
1536	3840	0	7	999	99
1792	3840	0	140	917	7
2048	3840	0	241	914	7
2304	3840	0	310	910	7
2560	3840	0	371	906	7
2816	3840	0	448	902	7
3072	3840	0	542	897	7
3328	3840	0	652	893	7
3584	3840	0	788	887	7
3840	3840	0	950	881	7
4095	3840	0	1020	795	7
0	4095	0	7	1021	243
256	4095	0	7	1022	241
512	4095	0	8	1023	235
768	4095	0	7	1022	222
1024	4095	0	7	1022	202
1280	4095	0	7	1022	173
1536	4095	0	7	1023	128
1792	4095	0	12	1023	9
2048	4095	0	207	1022	7
2304	4095	0	286	1023	7
2560	4095	0	350	1023	7
2816	4095	0	420	1022	7
3072	4095	0	510	1021	7
3328	4095	0	620	1022	7
3584	4095	0	748	1021	7
3840	4095	0	931	1023	98
4095	4095	0	1022	951	7
0	0	256	7	10	31
256	0	256	38	7	32
512	0	256	98	7	36
768	0	256	146	7	44
1024	0	256	191	7	52
1280	0	256	233	7	57
1536	0	256	274	7	62
1792	0	256	315	7	67
2048	0	256	356	7	71
2304	0	256	407	7	75
2560	0	256	468	7	79
2816	0	256	544	7	83
3072	0	256	633	7	86
3328	0	256	845	7	95
3584	0	256	994	7	98
3840	0	256	1023	11	95
4095	0	256	1023	23	93
0	256	256	7	35	34
256	256	256	30	30	30
512	256	256	97	27	30
768	256	256	150	18	31
1024	256	256	196	7	38
1280	256	256	237	7	47
1536	256	256	279	7	55
1792	256	256	318	7	61
2048	256	256	360	7	67
2304	256	256	411	7	72
2560	256	256	473	7	76
2816	256	256	549	7	80
3072	256	256	639	7	84
3328	256	256	745	7	88
3584	256	256	1002	7	96
3840	256	256	1022	7	93
4095	256	256	1023	39	93
0	512	256	7	91	48
256	512	256	7	90	30
512	512	256	89	87	29
768	512	256	145	83	29
1024	512	256	195	75	30
1280	512	256	241	62	31
1536	512	256	287	43	32
1792	512	256	330	15	33
2048	512	256	372	7	46
2304	512	256	425	7	56
2560	512	256	489	7	63
2816	512	256	567	7	70
3072	512	256	659	7	75
3328	512	256	767	7	80
3584	512	256	896	7	85
3840	512	256	1023	15	88
4095	512	256	1023	86	93
0	768	256	7	140	73
256	768	256	7	139	61
512	768	256	66	136	27
768	768	256	136	134	28
1024	768	256	189	130	28
1280	768	256	237	125	28
1536	768	256	284	118	29
1792	768	256	328	109	30
2048	768	256	376	97	32
2304	768	256	438	78	34
2560	768	256	515	46	36
2816	768	256	604	7	42
3072	768	256	699	7	54
3328	768	256	811	7	63
3584	768	256	945	7	71
3840	768	256	1020	7	73
4095	768	256	1023	127	93
0	1024	256	7	201	102
256	1024	256	7	183	82
512	1024	256	13	180	24
768	1024	256	120	179	24
1024	1024	256	180	177	25
1280	1024	256	230	173	26
1536	1024	256	278	169	26
1792	1024	256	324	164	27
2048	1024	256	371	157	28
2304	1024	256	433	149	29
2560	1024	256	509	139	31
2816	1024	256	603	126	34
3072	1024	256	714	108	36
3328	1024	256	848	83	39
3584	1024	256	1011	30	42
3840	1024	256	1022	7	45
4095	1024	256	1023	166	94
0	1280	256	7	241	113
256	1280	256	7	240	105
512	1280	256	7	221	61
768	1280	256	93	221	19
1024	1280	256	166	219	20
1280	1280	256	221	217	21
1536	1280	256	271	214	22
1792	1280	256	318	210	23
2048	1280	256	366	206	24
2304	1280	256	426	201	25
2560	1280	256	502	194	27
2816	1280	256	595	187	28
3072	1280	256	707	178	30
3328	1280	256	839	167	33
3584	1280	256	1002	153	37
3840	1280	256	1023	137	38
4095	1280	256	1023	203	94
0	1536	256	7	280	124
256	1536	256	7	280	117
512	1536	256	7	260	83
768	1536	256	21	262	7
1024	1536	256	146	260	9
1280	1536	256	209	258	11
1536	1536	256	261	256	13
1792	1536	256	311	253	15
2048	1536	256	359	250	17
2304	1536	256	419	246	19
2560	1536	256	493	241	21
2816	1536	256	586	236	23
3072	1536	256	696	229	25
3328	1536	256	829	222	27
3584	1536	256	990	214	29
3840	1536	256	1023	249	94
4095	1536	256	1023	241	97
0	1792	256	7	318	136
256	1792	256	7	318	130
512	1792	256	7	319	108
768	1792	256	7	301	48
1024	1792	256	119	301	7
1280	1792	256	194	300	7
1536	1792	256	250	298	7
1792	1792	256	302	296	7
2048	1792	256	351	294	7
2304	1792	256	410	290	7
2560	1792	256	482	286	7
2816	1792	256	574	282	13
3072	1792	256	684	277	16
3328	1792	256	816	271	20
3584	1792	256	975	265	23
3840	1792	256	1023	289	95
4095	1792	256	1023	279	101
0	2048	256	7	357	148
256	2048	256	7	357	143
512	2048	256	7	358	126
768	2048	256	7	338	80
1024	2048	256	74	340	7
1280	2048	256	176	339	7
1536	2048	256	238	337	7
1792	2048	256	293	336	7
2048	2048	256	342	333	7
2304	2048	256	399	331	7
2560	2048	256	470	328	7
2816	2048	256	559	325	7
3072	2048	256	667	321	7
3328	2048	256	798	317	7
3584	2048	256	958	311	8
3840	2048	256	1023	327	97
4095	2048	256	1023	315	105
0	2304	256	7	403	161
256	2304	256	7	404	157
512	2304	256	7	405	143
768	2304	256	7	408	111
1024	2304	256	7	384	31
1280	2304	256	151	384	7
1536	2304	256	223	382	7
1792	2304	256	281	380	7
2048	2304	256	332	378	7
2304	2304	256	388	375	7
2560	2304	256	458	372	7
2816	2304	256	544	369	7
3072	2304	256	648	366	7
3328	2304	256	775	362	7
3584	2304	256	929	358	7
3840	2304	256	1023	367	97
4095	2304	256	1023	352	111
0	2560	256	7	460	175
256	2560	256	7	460	172
512	2560	256	7	462	159
768	2560	256	7	466	134
1024	2560	256	7	436	78
1280	2560	256	113	439	7
1536	2560	256	205	438	7
1792	2560	256	267	436	7
2048	2560	256	322	433	7
2304	2560	256	375	431	7
2560	2560	256	445	428	7
2816	2560	256	529	424	7
3072	2560	256	631	421	7
3328	2560	256	753	417	7
3584	2560	256	903	413	7
3840	2560	256	1023	417	95
4095	2560	256	1023	396	117
0	2816	256	7	528	188
256	2816	256	7	529	185
512	2816	256	7	531	175
768	2816	256	7	535	153
1024	2816	256	7	542	114
1280	2816	256	7	506	9
1536	2816	256	180	505	7
1792	2816	256	251	502	7
2048	2816	256	310	500	7
2304	2816	256	364	497	7
2560	2816	256	431	494	7
2816	2816	256	514	490	7
3072	2816	256	615	486	7
3328	2816	256	735	482	7
3584	2816	256	878	478	7
3840	2816	256	1023	478	85
4095	2816	256	1023	448	122
0	3072	256	7	608	201
256	3072	256	7	609	199
512	3072	256	7	612	189
768	3072	256	7	617	171
1024	3072	256	7	624	139
1280	3072	256	7	582	72
1536	3072	256	145	585	7
1792	3072	256	232	583	7
2048	3072	256	296	581	7
2304	3072	256	352	578	7
2560	3072	256	416	574	7
2816	3072	256	497	571	7
3072	3072	256	597	567	7
3328	3072	256	716	562	7
3584	3072	256	856	558	7
3840	3072	256	1023	554	39
4095	3072	256	1023	508	116
0	3328	256	7	702	215
256	3328	256	7	703	212
512	3328	256	7	706	204
768	3328	256	7	712	188
1024	3328	256	7	720	160
1280	3328	256	7	732	114
1536	3328	256	77	680	7
1792	3328	256	207	677	7
2048	3328	256	279	675	7
2304	3328	256	337	672	7
2560	3328	256	401	668	7
2816	3328	256	480	664	7
3072	3328	256	578	660	7
3328	3328	256	695	655	7
3584	3328	256	834	650	7
3840	3328	256	1003	645	7
4095	3328	256	1023	581	95
0	3584	256	7	812	228
256	3584	256	7	813	226
512	3584	256	7	816	218
768	3584	256	7	822	203
1024	3584	256	7	832	180
1280	3584	256	7	845	142
1536	3584	256	8	786	61
1792	3584	256	173	789	7
2048	3584	256	258	786	7
2304	3584	256	322	782	7
2560	3584	256	385	779	7
2816	3584	256	463	775	7
3072	3584	256	557	770	7
3328	3584	256	673	765	7
3584	3584	256	810	760	7
3840	3584	256	976	754	7
4095	3584	256	1021	670	7
0	3840	256	7	941	241
256	3840	256	7	942	239
512	3840	256	7	946	232
768	3840	256	7	953	219
1024	3840	256	7	964	198
1280	3840	256	8	980	166
1536	3840	256	7	999	111
1792	3840	256	118	920	7
2048	3840	256	232	917	7
2304	3840	256	305	913	7
2560	3840	256	367	909	7
2816	3840	256	443	905	7
3072	3840	256	537	900	7
3328	3840	256	648	894	7
3584	3840	256	784	889	7
3840	3840	256	948	882	7
4095	3840	256	1020	796	7
0	4095	256	7	1021	248
256	4095	256	8	1022	246
512	4095	256	7	1022	240
768	4095	256	7	1021	227
1024	4095	256	8	1021	208
1280	4095	256	7	1022	180
1536	4095	256	7	1022	137
1792	4095	256	7	1023	38
2048	4095	256	196	1022	7
2304	4095	256	279	1022	7
2560	4095	256	344	1023	7
2816	4095	256	415	1022	7
3072	4095	256	503	1021	7
3328	4095	256	614	1022	7
3584	4095	256	744	1022	7
3840	4095	256	930	1023	109
4095	4095	256	1023	955	7
0	0	512	7	16	86
256	0	512	34	7	87
512	0	512	97	7	88
768	0	512	146	7	90
1024	0	512	190	7	93
1280	0	512	232	7	96
1536	0	512	274	7	99
1792	0	512	314	7	102
2048	0	512	356	7	105
2304	0	512	406	7	108
2560	0	512	467	7	111
2816	0	512	543	7	114
3072	0	512	632	7	118
3328	0	512	738	7	121
3584	0	512	993	7	131
3840	0	512	1022	7	127
4095	0	512	1023	19	122
0	256	512	7	39	85
256	256	512	27	30	88
512	256	512	96	26	88
768	256	512	149	17	88
1024	256	512	195	7	89
1280	256	512	237	7	93
1536	256	512	278	7	96
1792	256	512	318	7	99
2048	256	512	359	7	103
2304	256	512	410	7	106
2560	256	512	472	7	109
2816	256	512	548	7	113
3072	256	512	638	7	116
3328	256	512	744	7	119
3584	256	512	868	7	122
3840	256	512	1020	7	125
4095	256	512	1023	36	122
0	512	512	7	90	88
256	512	512	7	89	87
512	512	512	87	87	87
768	512	512	144	82	87
1024	512	512	194	74	87
1280	512	512	241	62	88
1536	512	512	287	42	88
1792	512	512	330	13	89
2048	512	512	372	7	93
2304	512	512	425	7	98
2560	512	512	488	7	102
2816	512	512	566	7	106
3072	512	512	658	7	110
3328	512	512	766	7	114
3584	512	512	894	7	117
3840	512	512	1023	7	119
4095	512	512	1023	84	123
0	768	512	7	139	102
256	768	512	7	138	97
512	768	512	63	136	85
768	768	512	135	133	86
1024	768	512	188	130	86
1280	768	512	236	125	87
1536	768	512	283	118	87
1792	768	512	327	109	88
2048	768	512	375	96	88
2304	768	512	437	78	89
2560	768	512	514	45	90
2816	768	512	603	7	92
3072	768	512	698	7	98
3328	768	512	810	7	103
3584	768	512	944	7	107
3840	768	512	1023	11	108
4095	768	512	1023	126	124
0	1024	512	7	200	130
256	1024	512	7	181	111
512	1024	512	7	180	84
768	1024	512	119	179	83
1024	1024	512	179	177	84
1280	1024	512	230	173	84
1536	1024	512	278	169	85
1792	1024	512	323	164	85
2048	1024	512	371	157	86
2304	1024	512	433	149	87
2560	1024	512	509	139	88
2816	1024	512	603	125	89
3072	1024	512	714	108	90
3328	1024	512	847	83	91
3584	1024	512	1010	30	92
3840	1024	512	1023	167	126
4095	1024	512	1023	166	125
0	1280	512	7	239	142
256	1280	512	7	239	136
512	1280	512	7	221	103
768	1280	512	91	221	80
1024	1280	512	165	219	81
1280	1280	512	221	217	81
1536	1280	512	271	214	82
1792	1280	512	318	210	82
2048	1280	512	366	206	83
2304	1280	512	426	200	84
2560	1280	512	502	194	85
2816	1280	512	595	187	87
3072	1280	512	706	178	88
3328	1280	512	839	166	89
3584	1280	512	1001	153	90
3840	1280	512	1023	208	127
4095	1280	512	1023	203	127
0	1536	512	7	279	153
256	1536	512	7	279	148
512	1536	512	7	260	119
768	1536	512	16	262	76
1024	1536	512	145	260	77
1280	1536	512	208	258	77
1536	1536	512	261	256	78
1792	1536	512	311	253	78
2048	1536	512	359	250	79
2304	1536	512	418	246	80
2560	1536	512	492	241	81
2816	1536	512	586	236	83
3072	1536	512	696	229	84
3328	1536	512	828	222	85
3584	1536	512	990	214	87
3840	1536	512	1023	247	128
4095	1536	512	1023	239	128
0	1792	512	7	317	164
256	1792	512	7	317	160
512	1792	512	7	318	144
768	1792	512	7	301	101
1024	1792	512	111	302	71
1280	1792	512	191	300	72
1536	1792	512	249	298	72
1792	1792	512	302	296	73
2048	1792	512	351	293	74
2304	1792	512	410	290	75
2560	1792	512	482	286	76
2816	1792	512	574	282	78
3072	1792	512	684	277	79
3328	1792	512	815	271	81
3584	1792	512	975	264	82
3840	1792	512	1023	288	129
4095	1792	512	1023	277	132
0	2048	512	7	356	176
256	2048	512	7	356	172
512	2048	512	7	357	158
768	2048	512	7	338	121
1024	2048	512	26	341	65
1280	2048	512	167	340	65
1536	2048	512	233	338	66
1792	2048	512	290	336	67
2048	2048	512	341	333	68
2304	2048	512	399	331	69
2560	2048	512	471	328	70
2816	2048	512	560	324	71
3072	2048	512	669	320	73
3328	2048	512	799	316	75
3584	2048	512	958	311	76
3840	2048	512	1023	326	130
4095	2048	512	1023	314	135
0	2304	512	7	402	187
256	2304	512	7	403	184
512	2304	512	7	404	172
768	2304	512	7	408	147
1024	2304	512	7	384	95
1280	2304	512	129	385	56
1536	2304	512	213	383	57
1792	2304	512	275	381	58
2048	2304	512	329	378	59
2304	2304	512	386	375	61
2560	2304	512	457	372	62
2816	2304	512	546	369	63
3072	2304	512	651	365	65
3328	2304	512	781	361	67
3584	2304	512	937	356	69
3840	2304	512	1023	366	130
4095	2304	512	1023	351	139
0	2560	512	7	459	198
256	2560	512	7	459	196
512	2560	512	7	461	185
768	2560	512	7	465	164
1024	2560	512	7	435	120
1280	2560	512	38	442	45
1536	2560	512	186	440	46
1792	2560	512	256	438	47
2048	2560	512	315	435	48
2304	2560	512	371	432	50
2560	2560	512	442	428	51
2816	2560	512	529	424	53
3072	2560	512	634	420	55
3328	2560	512	760	415	57
3584	2560	512	914	410	59
3840	2560	512	1023	417	128
4095	2560	512	1023	395	143
0	2816	512	7	527	210
256	2816	512	7	528	207
512	2816	512	7	530	198
768	2816	512	7	535	180
1024	2816	512	7	541	148
1280	2816	512	7	506	86
1536	2816	512	146	509	30
1792	2816	512	234	507	31
2048	2816	512	299	504	33
2304	2816	512	356	500	35
2560	2816	512	424	496	37
2816	2816	512	510	491	39
3072	2816	512	614	486	42
3328	2816	512	738	481	44
3584	2816	512	887	476	47
3840	2816	512	1023	478	120
4095	2816	512	1023	447	145
0	3072	512	7	607	222
256	3072	512	7	608	219
512	3072	512	7	611	211
768	3072	512	7	616	195
1024	3072	512	7	624	168
1280	3072	512	7	581	116
1536	3072	512	54	592	14
1792	3072	512	204	590	15
2048	3072	512	278	586	17
2304	3072	512	339	583	19
2560	3072	512	406	578	21
2816	3072	512	488	574	23
3072	3072	512	592	568	25
3328	3072	512	715	562	28
3584	3072	512	861	556	30
3840	3072	512	1023	553	92
4095	3072	512	1023	509	143
0	3328	512	7	701	233
256	3328	512	7	702	231
512	3328	512	7	705	224
768	3328	512	7	711	209
1024	3328	512	7	719	185
1280	3328	512	7	731	147
1536	3328	512	7	682	69
1792	3328	512	169	686	7
2048	3328	512	256	682	7
2304	3328	512	323	679	7
2560	3328	512	387	674	7
2816	3328	512	468	669	7
3072	3328	512	567	664	7
3328	3328	512	688	658	7
3584	3328	512	833	651	9
3840	3328	512	1009	644	15
4095	3328	512	1023	582	125
0	3584	512	7	810	245
256	3584	512	7	811	243
512	3584	512	7	815	236
768	3584	512	8	821	223
1024	3584	512	7	831	202
1280	3584	512	7	844	169
1536	3584	512	7	785	110
1792	3584	512	114	798	7
2048	3584	512	232	795	7
2304	3584	512	306	791	7
2560	3584	512	369	787	7
2816	3584	512	448	781	7
3072	3584	512	545	776	7
3328	3584	512	661	770	7
3584	3584	512	803	763	7
3840	3584	512	975	755	7
4095	3584	512	1023	669	15
0	3840	512	7	939	257
256	3840	512	7	940	255
512	3840	512	7	945	249
768	3840	512	7	952	237
1024	3840	512	7	963	218
1280	3840	512	7	979	189
1536	3840	512	7	998	145
1792	3840	512	8	928	40
2048	3840	512	201	928	7
2304	3840	512	285	924	7
2560	3840	512	352	919	7
2816	3840	512	426	913	7
3072	3840	512	521	908	7
3328	3840	512	635	901	7
3584	3840	512	772	893	7
3840	3840	512	940	885	7
4095	3840	512	1020	798	7
0	4095	512	8	1022	263
256	4095	512	7	1021	261
512	4095	512	7	1021	255
768	4095	512	7	1022	244
1024	4095	512	15	1023	226
1280	4095	512	8	1021	200
1536	4095	512	7	1022	162
1792	4095	512	7	1022	98
2048	4095	512	152	1022	7
2304	4095	512	255	1023	7
2560	4095	512	327	1022	7
2816	4095	512	397	1022	7
3072	4095	512	484	1023	7
3328	4095	512	595	1023	7
3584	4095	512	727	1022	7
3840	4095	512	928	1023	139
4095	4095	512	1023	965	7
0	0	768	7	21	127
256	0	768	28	7	132
512	0	768	95	7	131
768	0	768	145	7	131
1024	0	768	189	7	133
1280	0	768	231	7	136
1536	0	768	272	7	139
1792	0	768	313	7	142
2048	0	768	355	7	145
2304	0	768	405	7	148
2560	0	768	466	7	151
2816	0	768	541	7	154
3072	0	768	630	7	157
3328	0	768	736	7	160
3584	0	768	859	7	163
3840	0	768	1023	9	167
4095	0	768	1023	9	160
0	256	768	7	42	126
256	256	768	19	28	134
512	256	768	92	25	134
768	256	768	147	15	134
1024	256	768	194	7	134
1280	256	768	236	7	135
1536	256	768	277	7	138
1792	256	768	317	7	141
2048	256	768	358	7	144
2304	256	768	409	7	147
2560	256	768	470	7	150
2816	256	768	546	7	153
3072	256	768	636	7	156
3328	256	768	741	7	159
3584	256	768	866	7	162
3840	256	768	1017	7	165
4095	256	768	1023	29	160
0	512	768	7	91	124
256	512	768	7	89	130
512	512	768	82	86	134
768	512	768	142	81	134
1024	512	768	193	73	134
1280	512	768	240	61	134
1536	512	768	286	41	134
1792	512	768	329	11	135
2048	512	768	371	7	138
2304	512	768	423	7	141
2560	512	768	487	7	144
2816	512	768	564	7	148
3072	512	768	655	7	151
3328	512	768	764	7	154
3584	512	768	892	7	158
3840	512	768	1023	62	164
4095	512	768	1023	80	160
0	768	768	7	138	133
256	768	768	7	137	133
512	768	768	56	135	133
768	768	768	133	133	133
1024	768	768	187	129	133
1280	768	768	235	124	133
1536	768	768	282	117	134
1792	768	768	327	108	134
2048	768	768	375	96	134
2304	768	768	437	77	135
2560	768	768	513	43	135
2816	768	768	602	7	137
3072	768	768	696	7	141
3328	768	768	808	7	146
3584	768	768	941	7	150
3840	768	768	1023	120	165
4095	768	768	1023	124	161
0	1024	768	7	180	146
256	1024	768	7	180	143
512	1024	768	7	180	133
768	1024	768	116	178	132
1024	1024	768	178	176	132
1280	1024	768	229	173	132
1536	1024	768	277	169	132
1792	1024	768	323	163	133
2048	1024	768	370	157	133
2304	1024	768	432	148	134
2560	1024	768	508	138	134
2816	1024	768	602	125	135
3072	1024	768	713	107	135
3328	1024	768	846	82	136
3584	1024	768	1009	29	137
3840	1024	768	1023	166	165
4095	1024	768	1023	165	162
0	1280	768	7	238	173
256	1280	768	7	238	170
512	1280	768	7	220	144
768	1280	768	87	220	130
1024	1280	768	164	219	130
1280	1280	768	220	217	131
1536	1280	768	270	214	131
1792	1280	768	317	210	131
2048	1280	768	365	206	132
2304	1280	768	425	200	132
2560	1280	768	501	194	133
2816	1280	768	594	186	133
3072	1280	768	705	177	134
3328	1280	768	838	166	135
3584	1280	768	1000	152	135
3840	1280	768	1023	207	166
4095	1280	768	1023	203	163
0	1536	768	7	278	184
256	1536	768	7	278	181
512	1536	768	7	259	156
768	1536	768	7	261	129
1024	1536	768	143	260	129
1280	1536	768	207	258	129
1536	1536	768	260	256	129
1792	1536	768	310	253	129
2048	1536	768	359	250	130
2304	1536	768	418	246	130
2560	1536	768	492	241	131
2816	1536	768	585	236	131
3072	1536	768	695	229	132
3328	1536	768	827	222	133
3584	1536	768	989	214	134
3840	1536	768	1023	247	166
4095	1536	768	1023	239	164
0	1792	768	7	316	195
256	1792	768	7	316	192
512	1792	768	7	317	181
768	1792	768	7	300	146
1024	1792	768	108	301	126
1280	1792	768	190	300	127
1536	1792	768	248	298	127
1792	1792	768	301	296	127
2048	1792	768	350	293	127
2304	1792	768	409	290	128
2560	1792	768	481	286	129
2816	1792	768	573	282	129
3072	1792	768	683	277	130
3328	1792	768	814	271	130
3584	1792	768	974	264	131
3840	1792	768	1023	287	167
4095	1792	768	1023	276	166
0	2048	768	7	355	205
256	2048	768	7	355	203
512	2048	768	7	356	193
768	2048	768	7	337	161
1024	2048	768	17	341	123
1280	2048	768	165	340	123
1536	2048	768	232	338	124
1792	2048	768	289	336	124
2048	2048	768	340	333	125
2304	2048	768	398	331	125
2560	2048	768	470	328	126
2816	2048	768	559	324	126
3072	2048	768	668	320	127
3328	2048	768	798	316	128
3584	2048	768	957	311	129
3840	2048	768	1023	325	167
4095	2048	768	1023	312	168
0	2304	768	7	401	216
256	2304	768	7	402	214
512	2304	768	7	403	204
768	2304	768	7	407	186
1024	2304	768	7	383	143
1280	2304	768	127	385	120
1536	2304	768	212	383	120
1792	2304	768	274	381	121
2048	2304	768	328	378	121
2304	2304	768	385	375	122
2560	2304	768	457	372	122
2816	2304	768	545	369	123
3072	2304	768	651	365	124
3328	2304	768	781	361	124
3584	2304	768	937	356	125
3840	2304	768	1023	365	166
4095	2304	768	1023	349	171
0	2560	768	7	458	227
256	2560	768	7	458	224
512	2560	768	7	460	216
768	2560	768	7	464	199
1024	2560	768	7	435	162
1280	2560	768	29	442	116
1536	2560	768	185	440	116
1792	2560	768	255	438	117
2048	2560	768	315	435	117
2304	2560	768	370	432	118
2560	2560	768	441	428	118
2816	2560	768	528	424	119
3072	2560	768	633	420	120
3328	2560	768	759	415	120
3584	2560	768	913	410	121
3840	2560	768	1023	416	164
4095	2560	768	1023	393	174
0	2816	768	7	526	237
256	2816	768	7	526	235
512	2816	768	7	529	227
768	2816	768	7	533	212
1024	2816	768	7	540	187
1280	2816	768	7	505	138
1536	2816	768	144	509	111
1792	2816	768	233	506	112
2048	2816	768	298	503	112
2304	2816	768	356	500	113
2560	2816	768	423	496	113
2816	2816	768	509	491	114
3072	2816	768	614	486	115
3328	2816	768	738	481	116
3584	2816	768	886	476	117
3840	2816	768	1023	477	157
4095	2816	768	1023	445	174
0	3072	768	7	606	248
256	3072	768	7	607	246
512	3072	768	7	609	239
768	3072	768	7	615	225
1024	3072	768	7	622	203
1280	3072	768	7	581	160
1536	3072	768	46	592	106
1792	3072	768	203	589	106
2048	3072	768	278	586	107
2304	3072	768	339	583	107
2560	3072	768	405	578	108
2816	3072	768	487	574	109
3072	3072	768	591	568	109
3328	3072	768	714	562	110
3584	3072	768	860	556	111
3840	3072	768	1023	552	137
4095	3072	768	1023	508	172
0	3328	768	7	699	259
256	3328	768	7	700	257
512	3328	768	7	703	250
768	3328	768	7	710	238
1024	3328	768	7	718	218
1280	3328	768	7	730	186
1536	3328	768	7	681	131
1792	3328	768	159	687	99
2048	3328	768	252	684	100
2304	3328	768	320	679	100
2560	3328	768	385	675	101
2816	3328	768	466	670	102
3072	3328	768	565	664	103
3328	3328	768	687	658	104
3584	3328	768	832	651	105
3840	3328	768	1008	644	106
4095	3328	768	1023	583	161
0	3584	768	7	808	270
256	3584	768	7	809	268
512	3584	768	7	813	262
768	3584	768	7	820	250
1024	3584	768	7	830	232
1280	3584	768	7	842	204
1536	3584	768	7	784	156
1792	3584	768	63	802	91
2048	3584	768	220	798	92
2304	3584	768	298	794	93
2560	3584	768	363	789	93
2816	3584	768	442	784	94
3072	3584	768	540	778	95
3328	3584	768	657	771	96
3584	3584	768	800	763	97
3840	3584	768	974	755	99
4095	3584	768	1023	666	74
0	3840	768	7	937	282
256	3840	768	7	939	280
512	3840	768	8	943	274
768	3840	768	7	951	263
1024	3840	768	7	962	246
1280	3840	768	7	977	221
1536	3840	768	8	997	184
1792	3840	768	8	927	120
2048	3840	768	174	935	81
2304	3840	768	270	930	82
2560	3840	768	341	925	83
2816	3840	768	417	918	84
3072	3840	768	512	912	86
3328	3840	768	627	904	87
3584	3840	768	765	896	88
3840	3840	768	935	887	90
4095	3840	768	985	775	24
0	4095	768	7	1021	286
256	4095	768	7	1022	285
512	4095	768	7	1022	279
768	4095	768	7	1021	268
1024	4095	768	7	1022	251
1280	4095	768	7	1021	228
1536	4095	768	7	1020	195
1792	4095	768	7	1021	147
2048	4095	768	7	1022	40
2304	4095	768	208	998	8
2560	4095	768	295	992	8
2816	4095	768	362	985	9
3072	4095	768	443	976	9
3328	4095	768	544	970	14
3584	4095	768	771	1023	180
3840	4095	768	924	1023	176
4095	4095	768	971	930	9
0	0	1024	7	23	165
256	0	1024	23	7	172
512	0	1024	93	7	170
768	0	1024	143	7	170
1024	0	1024	188	7	171
1280	0	1024	230	7	174
1536	0	1024	272	7	176
1792	0	1024	312	7	179
2048	0	1024	354	7	182
2304	0	1024	403	7	185
2560	0	1024	464	7	188
2816	0	1024	539	7	191
3072	0	1024	628	7	194
3328	0	1024	733	7	197
3584	0	1024	857	7	199
3840	0	1024	1007	7	202
4095	0	1024	1021	7	195
0	256	1024	7	44	163
256	256	1024	7	29	175
512	256	1024	87	23	177
768	256	1024	144	11	177
1024	256	1024	192	7	175
1280	256	1024	234	7	175
1536	256	1024	276	7	177
1792	256	1024	316	7	179
2048	256	1024	357	7	182
2304	256	1024	407	7	184
2560	256	1024	469	7	187
2816	256	1024	544	7	190
3072	256	1024	634	7	193
3328	256	1024	739	7	196
3584	256	1024	863	7	199
3840	256	1024	1014	7	201
4095	256	1024	1023	24	194
0	512	1024	7	92	160
256	512	1024	7	90	168
512	512	1024	75	85	177
768	512	1024	139	80	177
1024	512	1024	191	72	177
1280	512	1024	238	59	177
1536	512	1024	285	38	177
1792	512	1024	328	7	178
2048	512	1024	370	7	179
2304	512	1024	422	7	181
2560	512	1024	485	7	184
2816	512	1024	562	7	187
3072	512	1024	653	7	190
3328	512	1024	761	7	193
3584	512	1024	888	7	196
3840	512	1024	1023	56	201
4095	512	1024	1023	76	195
0	768	1024	7	136	163
256	768	1024	7	136	166
512	768	1024	46	135	176
768	768	1024	130	132	177
1024	768	1024	185	129	177
1280	768	1024	234	123	177
1536	768	1024	281	116	177
1792	768	1024	326	107	177
2048	768	1024	373	95	177
2304	768	1024	436	75	178
2560	768	1024	512	41	178
2816	768	1024	600	7	179
3072	768	1024	694	7	183
3328	768	1024	806	7	186
3584	768	1024	939	7	189
3840	768	1024	1023	118	201
4095	768	1024	1023	122	195
0	1024	1024	7	179	173
256	1024	1024	7	179	174
512	1024	1024	7	179	175
768	1024	1024	112	178	176
1024	1024	1024	176	176	176
1280	1024	1024	227	173	176
1536	1024	1024	276	168	176
1792	1024	1024	322	163	176
2048	1024	1024	370	156	177
2304	1024	1024	431	148	177
2560	1024	1024	507	138	177
2816	1024	1024	600	124	178
3072	1024	1024	712	107	178
3328	1024	1024	845	81	178
3584	1024	1024	1008	27	179
3840	1024	1024	1023	164	201
4095	1024	1024	1023	163	196
0	1280	1024	7	237	201
256	1280	1024	7	219	184
512	1280	1024	7	220	180
768	1280	1024	81	220	175
1024	1280	1024	161	219	175
1280	1280	1024	218	216	175
1536	1280	1024	269	213	175
1792	1280	1024	316	210	175
2048	1280	1024	364	205	176
2304	1280	1024	424	200	176
2560	1280	1024	500	194	176
2816	1280	1024	593	186	177
3072	1280	1024	704	177	177
3328	1280	1024	836	166	178
3584	1280	1024	999	152	178
3840	1280	1024	1023	206	202
4095	1280	1024	1023	202	197
0	1536	1024	7	277	212
256	1536	1024	7	277	210
512	1536	1024	7	258	190
768	1536	1024	7	261	175
1024	1536	1024	140	260	174
1280	1536	1024	205	258	174
1536	1536	1024	259	256	174
1792	1536	1024	309	253	174
2048	1536	1024	358	250	174
2304	1536	1024	417	245	175
2560	1536	1024	491	241	175
2816	1536	1024	584	235	176
3072	1536	1024	694	229	176
3328	1536	1024	826	222	176
3584	1536	1024	987	213	177
3840	1536	1024	1023	246	203
4095	1536	1024	1023	239	198
0	1792	1024	7	315	223
256	1792	1024	7	315	221
512	1792	1024	7	316	214
768	1792	1024	7	300	186
1024	1792	1024	104	301	172
1280	1792	1024	188	300	172
1536	1792	1024	247	298	172
1792	1792	1024	300	296	173
2048	1792	1024	349	293	173
2304	1792	1024	408	290	173
2560	1792	1024	480	286	174
2816	1792	1024	572	281	174
3072	1792	1024	681	276	174
3328	1792	1024	813	270	175
3584	1792	1024	972	264	175
3840	1792	1024	1023	286	203
4095	1792	1024	1023	275	200
0	2048	1024	7	354	234
256	2048	1024	7	354	232
512	2048	1024	7	355	225
768	2048	1024	7	336	198
1024	2048	1024	7	341	171
1280	2048	1024	163	339	170
1536	2048	1024	231	338	171
1792	2048	1024	288	336	171
2048	2048	1024	339	333	171
2304	2048	1024	397	331	171
2560	2048	1024	469	328	172
2816	2048	1024	559	324	172
3072	2048	1024	667	320	173
3328	2048	1024	798	316	173
3584	2048	1024	955	311	174
3840	2048	1024	1023	324	203
4095	2048	1024	1023	311	201
0	2304	1024	7	400	244
256	2304	1024	7	401	242
512	2304	1024	7	402	236
768	2304	1024	7	406	221
1024	2304	1024	7	382	186
1280	2304	1024	123	385	168
1536	2304	1024	211	383	168
1792	2304	1024	273	381	169
2048	2304	1024	327	378	169
2304	2304	1024	384	375	169
2560	2304	1024	456	372	170
2816	2304	1024	544	368	170
3072	2304	1024	650	365	170
3328	2304	1024	779	361	171
3584	2304	1024	935	356	172
3840	2304	1024	1023	364	202
4095	2304	1024	1023	348	203
0	2560	1024	7	456	255
256	2560	1024	7	457	253
512	2560	1024	7	459	246
768	2560	1024	7	463	233
1024	2560	1024	7	434	201
1280	2560	1024	18	442	166
1536	2560	1024	183	440	166
1792	2560	1024	254	438	166
2048	2560	1024	314	435	166
2304	2560	1024	369	432	167
2560	2560	1024	440	428	167
2816	2560	1024	527	424	168
3072	2560	1024	632	420	168
3328	2560	1024	758	415	169
3584	2560	1024	912	410	169
3840	2560	1024	1023	415	200
4095	2560	1024	1023	391	204
0	2816	1024	7	524	266
256	2816	1024	7	525	264
512	2816	1024	7	527	257
768	2816	1024	7	532	245
1024	2816	1024	7	539	225
1280	2816	1024	7	505	184
1536	2816	1024	141	509	163
1792	2816	1024	231	506	163
2048	2816	1024	298	503	164
2304	2816	1024	355	499	164
2560	2816	1024	422	496	164
2816	2816	1024	508	491	165
3072	2816	1024	612	486	165
3328	2816	1024	736	481	166
3584	2816	1024	885	476	166
3840	2816	1024	1023	476	194
4095	2816	1024	1023	444	204
0	3072	1024	7	604	277
256	3072	1024	7	605	275
512	3072	1024	7	608	269
768	3072	1024	7	613	257
1024	3072	1024	7	621	238
1280	3072	1024	7	580	201
1536	3072	1024	33	592	160
1792	3072	1024	201	589	160
2048	3072	1024	277	586	160
2304	3072	1024	338	582	161
2560	3072	1024	404	578	161
2816	3072	1024	486	573	161
3072	3072	1024	590	568	162
3328	3072	1024	713	562	162
3584	3072	1024	859	556	163
3840	3072	1024	1023	552	179
4095	3072	1024	1023	507	203
0	3328	1024	7	697	287
256	3328	1024	7	699	286
512	3328	1024	7	702	280
768	3328	1024	7	707	269
1024	3328	1024	7	716	251
1280	3328	1024	7	729	225
1536	3328	1024	7	681	179
1792	3328	1024	157	687	156
2048	3328	1024	251	683	157
2304	3328	1024	319	679	157
2560	3328	1024	384	675	157
2816	3328	1024	465	670	158
3072	3328	1024	564	664	158
3328	3328	1024	686	658	159
3584	3328	1024	831	650	159
3840	3328	1024	1006	644	160
4095	3328	1024	1023	581	192
0	3584	1024	7	807	298
256	3584	1024	7	807	297
512	3584	1024	7	811	291
768	3584	1024	7	818	281
1024	3584	1024	7	828	264
1280	3584	1024	8	841	240
1536	3584	1024	7	783	198
1792	3584	1024	53	802	152
2048	3584	1024	218	798	152
2304	3584	1024	297	794	153
2560	3584	1024	363	789	153
2816	3584	1024	441	783	153
3072	3584	1024	539	777	154
3328	3584	1024	655	771	154
3584	3584	1024	799	763	155
3840	3584	1024	972	755	156
4095	3584	1024	1023	668	145
0	3840	1024	7	935	308
256	3840	1024	8	936	307
512	3840	1024	7	940	302
768	3840	1024	8	948	293
1024	3840	1024	7	960	277
1280	3840	1024	7	975	255
1536	3840	1024	7	995	224
1792	3840	1024	7	926	173
2048	3840	1024	171	935	147
2304	3840	1024	269	930	148
2560	3840	1024	340	924	148
2816	3840	1024	416	918	149
3072	3840	1024	510	912	149
3328	3840	1024	626	904	150
3584	3840	1024	764	896	150
3840	3840	1024	934	886	151
4095	3840	1024	987	777	119
0	4095	1024	7	1021	312
256	4095	1024	7	1022	311
512	4095	1024	7	1021	305
768	4095	1024	7	1022	296
1024	4095	1024	7	1020	281
1280	4095	1024	7	1022	259
1536	4095	1024	7	1023	231
1792	4095	1024	10	1023	191
2048	4095	1024	7	1022	131
2304	4095	1024	203	984	115
2560	4095	1024	291	981	115
2816	4095	1024	360	978	117
3072	4095	1024	539	1023	224
3328	4095	1024	640	1023	218
3584	4095	1024	766	1023	217
3840	4095	1024	919	1023	213
4095	4095	1024	932	894	106
0	0	1280	7	22	200
256	0	1280	18	7	208
512	0	1280	91	7	206
768	0	1280	142	7	206
1024	0	1280	187	7	207
1280	0	1280	229	7	209
1536	0	1280	271	7	211
1792	0	1280	312	7	214
2048	0	1280	353	7	217
2304	0	1280	402	7	220
2560	0	1280	463	7	223
2816	0	1280	537	7	225
3072	0	1280	626	7	228
3328	0	1280	731	7	231
3584	0	1280	854	7	234
3840	0	1280	1004	7	237
4095	0	1280	1023	7	228
0	256	1280	7	42	199
256	256	1280	7	31	209
512	256	1280	77	20	217
768	256	1280	140	7	217
1024	256	1280	190	7	213
1280	256	1280	233	7	213
1536	256	1280	275	7	213
1792	256	1280	315	7	215
2048	256	1280	356	7	217
2304	256	1280	406	7	220
2560	256	1280	467	7	222
2816	256	1280	543	7	225
3072	256	1280	631	7	228
3328	256	1280	737	7	231
3584	256	1280	861	7	234
3840	256	1280	1012	7	236
4095	256	1280	1023	16	227
0	512	1280	7	93	196
256	512	1280	7	90	204
512	512	1280	63	83	217
768	512	1280	135	78	217
1024	512	1280	189	70	217
1280	512	1280	236	57	218
1536	512	1280	283	35	218
1792	512	1280	327	7	218
2048	512	1280	368	7	218
2304	512	1280	421	7	219
2560	512	1280	483	7	221
2816	512	1280	561	7	223
3072	512	1280	651	7	226
3328	512	1280	759	7	228
3584	512	1280	885	7	231
3840	512	1280	1023	50	236
4095	512	1280	1023	72	227
0	768	1280	7	137	195
256	768	1280	7	136	200
512	768	1280	29	134	217
768	768	1280	125	132	217
1024	768	1280	183	128	217
1280	768	1280	232	123	217
1536	768	1280	280	116	217
1792	768	1280	325	106	217
2048	768	1280	372	94	218
2304	768	1280	434	74	218
2560	768	1280	511	38	218
2816	768	1280	598	7	219
3072	768	1280	692	7	221
3328	768	1280	803	7	224
3584	768	1280	936	7	227
3840	768	1280	1023	115	236
4095	768	1280	1023	120	228
0	1024	1280	7	178	201
256	1024	1280	7	178	203
512	1024	1280	7	179	212
768	1024	1280	106	178	216
1024	1024	1280	173	175	217
1280	1024	1280	225	172	217
1536	1024	1280	274	168	217
1792	1024	1280	321	162	217
2048	1024	1280	368	156	217
2304	1024	1280	429	147	217
2560	1024	1280	505	137	218
2816	1024	1280	599	123	218
3072	1024	1280	710	106	218
3328	1024	1280	843	79	218
3584	1024	1280	1006	25	219
3840	1024	1280	1023	163	236
4095	1024	1280	1023	162	229
0	1280	1280	7	218	211
256	1280	1280	7	218	211
512	1280	1280	7	219	213
768	1280	1280	70	220	216
1024	1280	1280	158	218	216
1280	1280	1280	216	216	216
1536	1280	1280	267	213	216
1792	1280	1280	315	209	216
2048	1280	1280	363	205	216
2304	1280	1280	423	199	217
2560	1280	1280	498	193	217
2816	1280	1280	592	186	217
3072	1280	1280	702	177	217
3328	1280	1280	835	165	218
3584	1280	1280	997	151	218
3840	1280	1280	1023	205	237
4095	1280	1280	1023	201	230
0	1536	1280	7	276	239
256	1536	1280	7	276	238
512	1536	1280	7	258	220
768	1536	1280	7	260	216
1024	1536	1280	136	260	215
1280	1536	1280	203	258	215
1536	1536	1280	257	255	215
1792	1536	1280	308	253	215
2048	1536	1280	357	249	216
2304	1536	1280	416	245	216
2560	1536	1280	489	240	216
2816	1536	1280	582	235	216
3072	1536	1280	692	229	217
3328	1536	1280	824	221	217
3584	1536	1280	985	213	217
3840	1536	1280	1023	245	237
4095	1536	1280	1023	238	231
0	1792	1280	7	314	249
256	1792	1280	7	314	248
512	1792	1280	7	316	245
768	1792	1280	7	299	222
1024	1792	1280	98	301	214
1280	1792	1280	185	300	214
1536	1792	1280	245	298	214
1792	1792	1280	299	296	214
2048	1792	1280	348	293	214
2304	1792	1280	407	290	215
2560	1792	1280	479	286	215
2816	1792	1280	570	281	215
3072	1792	1280	680	276	216
3328	1792	1280	811	270	216
3584	1792	1280	971	264	216
3840	1792	1280	1023	285	238
4095	1792	1280	1023	275	232
0	2048	1280	7	353	260
256	2048	1280	7	353	259
512	2048	1280	7	355	255
768	2048	1280	7	336	232
1024	2048	1280	7	340	214
1280	2048	1280	159	339	213
1536	2048	1280	229	337	213
1792	2048	1280	287	336	213
2048	2048	1280	338	333	213
2304	2048	1280	396	330	213
2560	2048	1280	468	327	214
2816	2048	1280	557	324	214
3072	2048	1280	665	320	214
3328	2048	1280	796	316	215
3584	2048	1280	954	311	215
3840	2048	1280	1023	323	238
4095	2048	1280	1023	311	234
0	2304	1280	7	399	272
256	2304	1280	7	400	270
512	2304	1280	7	401	265
768	2304	1280	7	405	255
1024	2304	1280	7	382	225
1280	2304	1280	118	385	211
1536	2304	1280	208	383	211
1792	2304	1280	271	381	211
2048	2304	1280	326	378	212
2304	2304	1280	383	375	212
2560	2304	1280	454	372	212
2816	2304	1280	543	368	212
3072	2304	1280	648	365	213
3328	2304	1280	777	360	213
3584	2304	1280	933	356	214
3840	2304	1280	1023	364	237
4095	2304	1280	1023	347	234
0	2560	1280	7	455	283
256	2560	1280	7	456	282
512	2560	1280	7	458	276
768	2560	1280	7	462	266
1024	2560	1280	7	433	237
1280	2560	1280	7	441	210
1536	2560	1280	180	440	210
1792	2560	1280	253	437	210
2048	2560	1280	312	435	210
2304	2560	1280	368	431	210
2560	2560	1280	439	428	210
2816	2560	1280	526	424	211
3072	2560	1280	631	420	211
3328	2560	1280	756	415	211
3584	2560	1280	910	410	212
3840	2560	1280	1023	414	235
4095	2560	1280	1023	390	236
0	2816	1280	7	523	294
256	2816	1280	7	524	292
512	2816	1280	7	526	288
768	2816	1280	7	531	278
1024	2816	1280	7	538	261
1280	2816	1280	7	504	225
1536	2816	1280	137	509	208
1792	2816	1280	229	506	208
2048	2816	1280	296	503	208
2304	2816	1280	354	499	208
2560	2816	1280	421	495	208
2816	2816	1280	506	491	209
3072	2816	1280	611	486	209
3328	2816	1280	735	481	209
3584	2816	1280	883	476	210
3840	2816	1280	1023	475	230
4095	2816	1280	1023	443	236
0	3072	1280	7	603	304
256	3072	1280	7	604	303
512	3072	1280	7	606	298
768	3072	1280	7	611	289
1024	3072	1280	7	619	273
1280	3072	1280	7	578	239
1536	3072	1280	18	592	205
1792	3072	1280	199	589	206
2048	3072	1280	275	586	206
2304	3072	1280	337	582	206
2560	3072	1280	403	578	206
2816	3072	1280	485	573	206
3072	3072	1280	588	567	207
3328	3072	1280	711	562	207
3584	3072	1280	857	556	208
3840	3072	1280	1023	551	218
4095	3072	1280	1023	506	234
0	3328	1280	7	696	314
256	3328	1280	7	696	313
512	3328	1280	7	700	309
768	3328	1280	7	706	300
1024	3328	1280	7	715	285
1280	3328	1280	7	727	263
1536	3328	1280	7	679	222
1792	3328	1280	153	686	203
2048	3328	1280	249	683	203
2304	3328	1280	318	679	203
2560	3328	1280	382	675	204
2816	3328	1280	464	669	204
3072	3328	1280	562	664	204
3328	3328	1280	684	657	205
3584	3328	1280	829	650	205
3840	3328	1280	1005	643	206
4095	3328	1280	1023	581	225
0	3584	1280	7	804	324
256	3584	1280	7	805	323
512	3584	1280	7	809	319
768	3584	1280	7	816	311
1024	3584	1280	7	826	297
1280	3584	1280	7	839	277
1536	3584	1280	7	782	238
1792	3584	1280	37	801	200
2048	3584	1280	216	798	200
2304	3584	1280	296	793	201
2560	3584	1280	361	789	201
2816	3584	1280	440	783	201
3072	3584	1280	537	777	201
3328	3584	1280	654	770	202
3584	3584	1280	797	763	202
3840	3584	1280	970	755	203
4095	3584	1280	1023	667	185
0	3840	1280	7	932	335
256	3840	1280	7	933	333
512	3840	1280	8	938	329
768	3840	1280	7	945	321
1024	3840	1280	7	958	309
1280	3840	1280	7	973	290
1536	3840	1280	7	993	263
1792	3840	1280	8	925	218
2048	3840	1280	168	934	197
2304	3840	1280	268	929	197
2560	3840	1280	339	924	198
2816	3840	1280	414	918	198
3072	3840	1280	509	911	198
3328	3840	1280	625	904	199
3584	3840	1280	762	896	199
3840	3840	1280	932	886	200
4095	3840	1280	990	779	173
0	4095	1280	7	1022	338
256	4095	1280	7	1021	337
512	4095	1280	7	1021	332
768	4095	1280	7	1022	324
1024	4095	1280	7	1021	311
1280	4095	1280	7	1023	293
1536	4095	1280	8	1021	266
1792	4095	1280	7	1022	232
2048	4095	1280	7	1021	185
2304	4095	1280	201	984	172
2560	4095	1280	290	980	172
2816	4095	1280	446	1023	258
3072	4095	1280	530	1023	254
3328	4095	1280	636	1023	254
3584	4095	1280	761	1023	253
3840	4095	1280	908	1023	242
4095	4095	1280	945	906	167
0	0	1536	7	20	234
256	0	1536	16	7	242
512	0	1536	89	7	241
768	0	1536	140	7	241
1024	0	1536	186	7	242
1280	0	1536	228	7	244
1536	0	1536	270	7	246
1792	0	1536	311	7	248
2048	0	1536	352	7	251
2304	0	1536	401	7	253
2560	0	1536	462	7	256
2816	0	1536	536	7	259
3072	0	1536	624	7	262
3328	0	1536	729	7	265
3584	0	1536	852	7	268
3840	0	1536	1001	7	271
4095	0	1536	1022	7	260
0	256	1536	7	40	234
256	256	1536	7	31	242
512	256	1536	63	16	257
768	256	1536	136	7	254
1024	256	1536	187	7	250
1280	256	1536	231	7	249
1536	256	1536	273	7	249
1792	256	1536	314	7	250
2048	256	1536	355	7	252
2304	256	1536	405	7	254
2560	256	1536	466	7	257
2816	256	1536	541	7	259
3072	256	1536	630	7	262
3328	256	1536	735	7	265
3584	256	1536	858	7	268
3840	256	1536	1008	7	271
4095	256	1536	1023	11	259
0	512	1536	7	93	230
256	512	1536	7	91	238
512	512	1536	46	81	257
768	512	1536	130	76	257
1024	512	1536	185	67	257
1280	512	1536	234	54	257
1536	512	1536	281	31	257
1792	512	1536	325	7	256
2048	512	1536	367	7	255
2304	512	1536	419	7	256
2560	512	1536	481	7	257
2816	512	1536	559	7	259
3072	512	1536	649	7	261
3328	512	1536	755	7	264
3584	512	1536	882	7	267
3840	512	1536	1023	42	270
4095	512	1536	1023	70	260
0	768	1536	7	137	228
256	768	1536	7	137	234
512	768	1536	7	133	255
768	768	1536	118	131	256
1024	768	1536	179	127	256
1280	768	1536	230	122	257
1536	768	1536	278	114	257
1792	768	1536	323	105	257
2048	768	1536	371	92	257
2304	768	1536	433	71	257
2560	768	1536	509	34	257
2816	768	1536	595	7	258
3072	768	1536	689	7	259
3328	768	1536	800	7	261
3584	768	1536	932	7	264
3840	768	1536	1023	113	270
4095	768	1536	1023	119	260
0	1024	1536	7	178	230
256	1024	1536	7	178	234
512	1024	1536	7	178	247
768	1024	1536	98	177	256
1024	1024	1536	169	175	256
1280	1024	1536	223	171	256
1536	1024	1536	272	167	256
1792	1024	1536	319	162	256
2048	1024	1536	367	155	257
2304	1024	1536	427	147	257
2560	1024	1536	503	136	257
2816	1024	1536	597	122	257
3072	1024	1536	708	104	257
3328	1024	1536	841	77	258
3584	1024	1536	1003	21	258
3840	1024	1536	1023	161	271
4095	1024	1536	1023	162	261
0	1280	1536	7	217	238
256	1280	1536	7	218	239
512	1280	1536	7	218	245
768	1280	1536	54	219	255
1024	1280	1536	153	218	255
1280	1280	1536	213	216	256
1536	1280	1536	265	213	256
1792	1280	1536	314	209	256
2048	1280	1536	362	204	256
2304	1280	1536	422	199	256
2560	1280	1536	496	193	256
2816	1280	1536	589	185	257
3072	1280	1536	700	176	257
3328	1280	1536	833	165	257
3584	1280	1536	994	151	257
3840	1280	1536	1023	204	272
4095	1280	1536	1023	200	262
0	1536	1536	7	256	248
256	1536	1536	7	256	248
512	1536	1536	7	257	250
768	1536	1536	7	260	254
1024	1536	1536	130	259	255
1280	1536	1536	200	257	255
1536	1536	1536	255	255	255
1792	1536	1536	306	252	255
2048	1536	1536	355	249	255
2304	1536	1536	414	245	255
2560	1536	1536	487	240	256
2816	1536	1536	580	235	256
3072	1536	1536	690	228	256
3328	1536	1536	822	221	256
3584	1536	1536	982	213	257
3840	1536	1536	1023	244	272
4095	1536	1536	1023	237	264
0	1792	1536	7	314	276
256	1792	1536	7	314	276
512	1792	1536	7	296	258
768	1792	1536	7	299	257
1024	1792	1536	89	301	254
1280	1792	1536	182	299	254
1536	1792	1536	243	298	254
1792	1792	1536	297	295	254
2048	1792	1536	347	292	254
2304	1792	1536	405	289	255
2560	1792	1536	478	285	255
2816	1792	1536	568	281	255
3072	1792	1536	678	276	255
3328	1792	1536	809	270	255
3584	1792	1536	968	263	256
3840	1792	1536	1023	285	273
4095	1792	1536	1023	275	265
0	2048	1536	7	352	288
256	2048	1536	7	353	287
512	2048	1536	7	354	285
768	2048	1536	7	335	264
1024	2048	1536	7	339	255
1280	2048	1536	155	339	253
1536	2048	1536	226	337	253
1792	2048	1536	285	335	253
2048	2048	1536	336	333	253
2304	2048	1536	394	330	254
2560	2048	1536	466	327	254
2816	2048	1536	555	324	254
3072	2048	1536	663	320	254
3328	2048	1536	793	315	255
3584	2048	1536	951	310	255
3840	2048	1536	1023	322	273
4095	2048	1536	1023	311	266
0	2304	1536	7	398	298
256	2304	1536	7	399	298
512	2304	1536	7	401	295
768	2304	1536	7	404	289
1024	2304	1536	7	381	262
1280	2304	1536	111	384	252
1536	2304	1536	205	383	252
1792	2304	1536	269	380	252
2048	2304	1536	324	378	252
2304	2304	1536	381	374	252
2560	2304	1536	453	371	253
2816	2304	1536	541	368	253
3072	2304	1536	646	364	253
3328	2304	1536	775	360	253
3584	2304	1536	931	356	254
3840	2304	1536	1023	363	272
4095	2304	1536	1023	347	267
0	2560	1536	7	454	309
256	2560	1536	7	455	308
512	2560	1536	7	457	305
768	2560	1536	7	461	298
1024	2560	1536	7	432	272
1280	2560	1536	7	440	252
1536	2560	1536	177	440	251
1792	2560	1536	250	437	251
2048	2560	1536	311	434	251
2304	2560	1536	367	431	251
2560	2560	1536	437	427	251
2816	2560	1536	524	423	251
3072	2560	1536	629	419	252
3328	2560	1536	754	415	252
3584	2560	1536	907	410	252
3840	2560	1536	1023	413	271
4095	2560	1536	1023	389	268
0	2816	1536	7	522	320
256	2816	1536	7	523	319
512	2816	1536	7	525	315
768	2816	1536	7	529	308
1024	2816	1536	7	537	297
1280	2816	1536	7	502	264
1536	2816	1536	131	508	249
1792	2816	1536	227	506	249
2048	2816	1536	295	502	249
2304	2816	1536	352	499	250
2560	2816	1536	419	495	250
2816	2816	1536	504	490	250
3072	2816	1536	609	485	250
3328	2816	1536	733	481	250
3584	2816	1536	880	475	251
3840	2816	1536	1023	474	266
4095	2816	1536	1023	442	268
0	3072	1536	7	602	330
256	3072	1536	7	603	329
512	3072	1536	7	605	325
768	3072	1536	7	610	318
1024	3072	1536	7	618	307
1280	3072	1536	7	577	276
1536	3072	1536	7	591	248
1792	3072	1536	196	589	247
2048	3072	1536	273	585	248
2304	3072	1536	335	582	248
2560	3072	1536	401	577	248
2816	3072	1536	483	573	248
3072	3072	1536	586	567	248
3328	3072	1536	709	562	249
3584	3072	1536	854	556	249
3840	3072	1536	1023	551	255
4095	3072	1536	1023	505	266
0	3328	1536	7	694	341
256	3328	1536	7	695	340
512	3328	1536	7	698	336
768	3328	1536	7	704	329
1024	3328	1536	7	713	317
1280	3328	1536	7	725	300
1536	3328	1536	7	678	263
1792	3328	1536	148	686	246
2048	3328	1536	247	683	246
2304	3328	1536	316	679	246
2560	3328	1536	381	674	246
2816	3328	1536	462	669	246
3072	3328	1536	561	663	246
3328	3328	1536	682	657	247
3584	3328	1536	826	650	247
3840	3328	1536	1002	643	247
4095	3328	1536	1023	580	256
0	3584	1536	7	803	352
256	3584	1536	7	804	351
512	3584	1536	7	807	347
768	3584	1536	7	814	340
1024	3584	1536	7	824	328
1280	3584	1536	7	837	312
1536	3584	1536	7	780	277
1792	3584	1536	16	801	243
2048	3584	1536	213	797	244
2304	3584	1536	294	793	244
2560	3584	1536	360	788	244
2816	3584	1536	438	783	244
3072	3584	1536	535	777	244
3328	3584	1536	651	770	245
3584	3584	1536	795	762	245
3840	3584	1536	967	754	245
4095	3584	1536	1023	669	230
0	3840	1536	7	931	364
256	3840	1536	7	932	363
512	3840	1536	7	936	359
768	3840	1536	8	944	351
1024	3840	1536	7	955	340
1280	3840	1536	7	971	323
1536	3840	1536	7	991	302
1792	3840	1536	7	923	260
2048	3840	1536	164	934	241
2304	3840	1536	265	929	241
2560	3840	1536	338	924	242
2816	3840	1536	413	917	242
3072	3840	1536	507	911	242
3328	3840	1536	623	903	242
3584	3840	1536	760	895	243
3840	3840	1536	929	886	243
4095	3840	1536	991	781	218
0	4095	1536	7	1021	367
256	4095	1536	7	1022	366
512	4095	1536	7	1022	362
768	4095	1536	7	1021	353
1024	4095	1536	8	1022	341
1280	4095	1536	7	1020	324
1536	4095	1536	7	1021	302
1792	4095	1536	15	1023	272
2048	4095	1536	7	1022	231
2304	4095	1536	199	983	218
2560	4095	1536	369	1023	293
2816	4095	1536	438	1023	291
3072	4095	1536	526	1023	291
3328	4095	1536	627	1023	287
3584	4095	1536	751	1023	284
3840	4095	1536	902	1023	280
4095	4095	1536	946	908	213
0	0	1792	7	20	268
256	0	1792	8	7	276
512	0	1792	85	7	276
768	0	1792	138	7	277
1024	0	1792	184	7	277
1280	0	1792	227	7	279
1536	0	1792	269	7	281
1792	0	1792	310	7	283
2048	0	1792	351	7	285
2304	0	1792	400	7	288
2560	0	1792	461	7	291
2816	0	1792	534	7	294
3072	0	1792	622	7	297
3328	0	1792	727	7	299
3584	0	1792	849	7	302
3840	0	1792	998	7	305
4095	0	1792	1023	9	294
0	256	1792	7	41	267
256	256	1792	7	34	275
512	256	1792	42	7	296
768	256	1792	131	7	291
1024	256	1792	184	7	287
1280	256	1792	229	7	285
1536	256	1792	272	7	285
1792	256	1792	313	7	286
2048	256	1792	354	7	287
2304	256	1792	404	7	289
2560	256	1792	465	7	292
2816	256	1792	539	7	294
3072	256	1792	628	7	297
3328	256	1792	733	7	299
3584	256	1792	855	7	302
3840	256	1792	1005	7	305
4095	256	1792	1021	7	292
0	512	1792	7	93	265
256	512	1792	7	91	272
512	512	1792	21	79	297
768	512	1792	122	73	297
1024	512	1792	181	64	297
1280	512	1792	231	50	297
1536	512	1792	279	27	297
1792	512	1792	322	7	296
2048	512	1792	365	7	294
2304	512	1792	417	7	293
2560	512	1792	479	7	294
2816	512	1792	556	7	296
3072	512	1792	646	7	297
3328	512	1792	753	7	299
3584	512	1792	878	7	302
3840	512	1792	1023	32	304
4095	512	1792	1023	65	292
0	768	1792	7	138	262
256	768	1792	7	137	267
512	768	1792	7	133	289
768	768	1792	110	129	297
1024	768	1792	175	126	297
1280	768	1792	227	120	297
1536	768	1792	275	113	297
1792	768	1792	321	103	297
2048	768	1792	369	90	297
2304	768	1792	430	68	297
2560	768	1792	506	29	297
2816	768	1792	592	7	297
3072	768	1792	686	7	298
3328	768	1792	796	7	299
3584	768	1792	928	7	301
3840	768	1792	1023	109	305
4095	768	1792	1023	117	293
0	1024	1792	7	179	262
256	1024	1792	7	178	266
512	1024	1792	7	178	281
768	1024	1792	88	176	296
1024	1024	1792	164	174	296
1280	1024	1792	220	171	296
1536	1024	1792	270	166	296
1792	1024	1792	317	161	297
2048	1024	1792	365	154	297
2304	1024	1792	425	146	297
2560	1024	1792	501	135	297
2816	1024	1792	594	121	297
3072	1024	1792	705	103	297
3328	1024	1792	838	74	298
3584	1024	1792	1000	16	298
3840	1024	1792	1023	159	306
4095	1024	1792	1023	160	294
0	1280	1792	7	217	266
256	1280	1792	7	217	269
512	1280	1792	7	218	278
768	1280	1792	29	219	296
1024	1280	1792	148	217	296
1280	1280	1792	210	215	296
1536	1280	1792	262	212	296
1792	1280	1792	312	208	296
2048	1280	1792	360	204	296
2304	1280	1792	420	198	296
2560	1280	1792	494	192	297
2816	1280	1792	587	184	297
3072	1280	1792	697	175	297
3328	1280	1792	830	164	297
3584	1280	1792	991	150	297
3840	1280	1792	1023	203	306
4095	1280	1792	1023	200	295
0	1536	1792	7	255	275
256	1536	1792	7	256	276
512	1536	1792	7	257	281
768	1536	1792	7	259	290
1024	1536	1792	122	259	295
1280	1536	1792	196	257	295
1536	1536	1792	252	255	296
1792	1536	1792	304	252	296
2048	1536	1792	353	248	296
2304	1536	1792	412	244	296
2560	1536	1792	485	239	296
2816	1536	1792	577	234	296
3072	1536	1792	688	228	296
3328	1536	1792	819	220	297
3584	1536	1792	979	212	297
3840	1536	1792	1023	243	307
4095	1536	1792	1023	237	297
0	1792	1792	7	313	304
256	1792	1792	7	313	304
512	1792	1792	7	296	288
768	1792	1792	7	298	291
1024	1792	1792	74	300	295
1280	1792	1792	177	299	295
1536	1792	1792	240	297	295
1792	1792	1792	295	295	295
2048	1792	1792	345	292	295
2304	1792	1792	403	289	295
2560	1792	1792	475	285	295
2816	1792	1792	565	280	296
3072	1792	1792	675	275	296
3328	1792	1792	806	270	296
3584	1792	1792	965	263	296
3840	1792	1792	1023	284	308
4095	1792	1792	1023	274	298
0	2048	1792	7	352	313
256	2048	1792	7	352	313
512	2048	1792	7	354	313
768	2048	1792	7	335	296
1024	2048	1792	7	339	295
1280	2048	1792	149	339	294
1536	2048	1792	223	337	294
1792	2048	1792	282	335	294
2048	2048	1792	334	332	294
2304	2048	1792	392	330	294
2560	2048	1792	464	327	295
2816	2048	1792	553	323	295
3072	2048	1792	660	319	295
3328	2048	1792	790	315	295
3584	2048	1792	948	310	295
3840	2048	1792	1023	322	308
4095	2048	1792	1023	311	299
0	2304	1792	7	398	323
256	2304	1792	7	398	323
512	2304	1792	7	400	322
768	2304	1792	7	375	304
1024	2304	1792	7	380	299
1280	2304	1792	102	384	293
1536	2304	1792	202	382	293
1792	2304	1792	267	380	293
2048	2304	1792	323	377	293
2304	2304	1792	379	374	293
2560	2304	1792	450	371	294
2816	2304	1792	538	368	294
3072	2304	1792	644	364	294
3328	2304	1792	772	360	294
3584	2304	1792	927	355	294
3840	2304	1792	1023	362	308
4095	2304	1792	1023	347	300
0	2560	1792	7	454	334
256	2560	1792	7	454	333
512	2560	1792	7	456	332
768	2560	1792	7	460	328
1024	2560	1792	7	431	306
1280	2560	1792	7	440	294
1536	2560	1792	172	439	292
1792	2560	1792	248	437	292
2048	2560	1792	309	434	292
2304	2560	1792	365	431	292
2560	2560	1792	435	427	292
2816	2560	1792	521	423	293
3072	2560	1792	626	419	293
3328	2560	1792	751	414	293
3584	2560	1792	904	409	293
3840	2560	1792	1023	412	306
4095	2560	1792	1023	389	300
0	2816	1792	7	521	346
256	2816	1792	7	522	345
512	2816	1792	7	524	343
768	2816	1792	7	529	337
1024	2816	1792	7	535	329
1280	2816	1792	7	502	302
1536	2816	1792	124	508	291
1792	2816	1792	224	505	291
2048	2816	1792	292	502	291
2304	2816	1792	350	499	291
2560	2816	1792	417	494	291
2816	2816	1792	502	490	291
3072	2816	1792	606	485	292
3328	2816	1792	730	480	292
3584	2816	1792	877	475	292
3840	2816	1792	1023	473	303
4095	2816	1792	1023	441	300
0	3072	1792	7	601	358
256	3072	1792	7	602	357
512	3072	1792	7	604	354
768	3072	1792	7	609	348
1024	3072	1792	7	617	339
1280	3072	1792	7	576	311
1536	3072	1792	7	589	291
1792	3072	1792	192	588	289
2048	3072	1792	270	585	289
2304	3072	1792	333	581	290
2560	3072	1792	399	577	290
2816	3072	1792	481	572	290
3072	3072	1792	584	567	290
3328	3072	1792	706	561	290
3584	3072	1792	852	555	290
3840	3072	1792	1023	550	294
4095	3072	1792	1023	504	298
0	3328	1792	7	693	369
256	3328	1792	7	694	368
512	3328	1792	7	697	365
768	3328	1792	7	703	359
1024	3328	1792	7	712	350
1280	3328	1792	7	724	335
1536	3328	1792	7	677	303
1792	3328	1792	142	686	288
2048	3328	1792	244	682	288
2304	3328	1792	315	678	288
2560	3328	1792	378	674	288
2816	3328	1792	460	668	288
3072	3328	1792	559	663	288
3328	3328	1792	679	656	289
3584	3328	1792	824	649	289
3840	3328	1792	999	643	289
4095	3328	1792	1023	579	290
0	3584	1792	7	802	383
256	3584	1792	7	803	382
512	3584	1792	7	806	378
768	3584	1792	7	813	371
1024	3584	1792	7	822	361
1280	3584	1792	7	836	346
1536	3584	1792	7	779	314
1792	3584	1792	7	799	287
2048	3584	1792	210	797	286
2304	3584	1792	292	792	286
2560	3584	1792	358	788	286
2816	3584	1792	436	782	286
3072	3584	1792	533	776	287
3328	3584	1792	649	769	287
3584	3584	1792	792	762	287
3840	3584	1792	964	754	288
4095	3584	1792	1023	668	268
0	3840	1792	7	929	397
256	3840	1792	7	930	396
512	3840	1792	7	934	392
768	3840	1792	7	941	384
1024	3840	1792	7	953	372
1280	3840	1792	7	969	358
1536	3840	1792	7	989	338
1792	3840	1792	7	921	301
2048	3840	1792	159	933	284
2304	3840	1792	263	929	284
2560	3840	1792	336	923	284
2816	3840	1792	411	917	285
3072	3840	1792	505	910	285
3328	3840	1792	620	902	285
3584	3840	1792	757	894	285
3840	3840	1792	926	885	285
4095	3840	1792	993	782	260
0	4095	1792	7	1022	401
256	4095	1792	7	1023	400
512	4095	1792	7	1021	395
768	4095	1792	7	1022	386
1024	4095	1792	7	1021	372
1280	4095	1792	7	1021	357
1536	4095	1792	8	1022	336
1792	4095	1792	7	1021	310
2048	4095	1792	7	1021	274
2304	4095	1792	197	985	261
2560	4095	1792	366	1023	326
2816	4095	1792	431	1023	322
3072	4095	1792	518	1023	322
3328	4095	1792	623	1023	321
3584	4095	1792	743	1023	317
3840	4095	1792	896	1023	316
4095	4095	1792	947	910	256
0	0	2048	7	22	301
256	0	2048	7	13	308
512	0	2048	79	7	311
768	0	2048	135	7	311
1024	0	2048	183	7	311
1280	0	2048	226	7	313
1536	0	2048	268	7	314
1792	0	2048	309	7	317
2048	0	2048	350	7	319
2304	0	2048	399	7	321
2560	0	2048	459	7	323
2816	0	2048	533	7	326
3072	0	2048	621	7	329
3328	0	2048	725	7	331
3584	0	2048	847	7	334
3840	0	2048	995	7	337
4095	0	2048	1021	7	324
0	256	2048	7	43	301
256	256	2048	7	36	307
512	256	2048	28	7	329
768	256	2048	126	7	324
1024	256	2048	181	7	321
1280	256	2048	227	7	319
1536	256	2048	270	7	319
1792	256	2048	312	7	320
2048	256	2048	353	7	321
2304	256	2048	402	7	323
2560	256	2048	463	7	324
2816	256	2048	537	7	327
3072	256	2048	626	7	329
3328	256	2048	730	7	332
3584	256	2048	853	7	335
3840	256	2048	1002	7	338
4095	256	2048	1022	7	323
0	512	2048	7	94	299
256	512	2048	7	92	305
512	512	2048	7	79	328
768	512	2048	112	70	334
1024	512	2048	176	60	334
1280	512	2048	227	45	334
1536	512	2048	276	23	335
1792	512	2048	320	7	332
2048	512	2048	363	7	329
2304	512	2048	415	7	328
2560	512	2048	477	7	329
2816	512	2048	554	7	329
3072	512	2048	644	7	331
3328	512	2048	751	7	333
3584	512	2048	875	7	335
3840	512	2048	1023	25	338
4095	512	2048	1023	59	323
0	768	2048	7	138	296
256	768	2048	7	137	301
512	768	2048	7	133	321
768	768	2048	98	128	334
1024	768	2048	169	124	334
1280	768	2048	223	119	334
1536	768	2048	272	111	334
1792	768	2048	319	101	334
2048	768	2048	367	88	335
2304	768	2048	427	65	335
2560	768	2048	503	25	335
2816	768	2048	587	7	334
3072	768	2048	681	7	334
3328	768	2048	792	7	334
3584	768	2048	924	7	336
3840	768	2048	1023	106	338
4095	768	2048	1023	114	324
0	1024	2048	7	179	295
256	1024	2048	7	179	299
512	1024	2048	7	178	314
768	1024	2048	69	175	334
1024	1024	2048	158	173	334
1280	1024	2048	216	170	334
1536	1024	2048	267	165	334
1792	1024	2048	315	160	334
2048	1024	2048	363	153	334
2304	1024	2048	423	144	334
2560	1024	2048	498	134	335
2816	1024	2048	591	120	335
3072	1024	2048	702	101	335
3328	1024	2048	834	71	335
3584	1024	2048	996	7	335
3840	1024	2048	1023	157	339
4095	1024	2048	1023	159	325
0	1280	2048	7	218	297
256	1280	2048	7	218	300
512	1280	2048	7	218	310
768	1280	2048	7	218	332
1024	1280	2048	140	217	333
1280	1280	2048	206	214	334
1536	1280	2048	259	211	334
1792	1280	2048	309	208	334
2048	1280	2048	358	203	334
2304	1280	2048	417	198	334
2560	1280	2048	491	191	334
2816	1280	2048	584	183	334
3072	1280	2048	694	174	334
3328	1280	2048	826	163	335
3584	1280	2048	987	148	335
3840	1280	2048	1023	201	340
4095	1280	2048	1023	199	326
0	1536	2048	7	255	303
256	1536	2048	7	255	305
512	1536	2048	7	257	311
768	1536	2048	7	258	324
1024	1536	2048	113	258	333
1280	1536	2048	191	256	333
1536	1536	2048	249	254	333
1792	1536	2048	302	251	333
2048	1536	2048	351	248	333
2304	1536	2048	410	244	333
2560	1536	2048	482	239	334
2816	1536	2048	574	233	334
3072	1536	2048	684	227	334
3328	1536	2048	816	220	334
3584	1536	2048	975	211	334
3840	1536	2048	1023	242	341
4095	1536	2048	1023	236	327
0	1792	2048	7	294	311
256	1792	2048	7	295	312
512	1792	2048	7	296	315
768	1792	2048	7	298	322
1024	1792	2048	51	300	332
1280	1792	2048	172	299	332
1536	1792	2048	236	297	332
1792	1792	2048	292	295	333
2048	1792	2048	343	292	333
2304	1792	2048	401	288	333
2560	1792	2048	473	284	333
2816	1792	2048	562	280	333
3072	1792	2048	672	275	333
3328	1792	2048	803	269	333
3584	1792	2048	961	262	334
3840	1792	2048	1023	283	342
4095	1792	2048	1023	274	329
0	2048	2048	7	352	340
256	2048	2048	7	352	340
512	2048	2048	7	332	323
768	2048	2048	7	334	326
1024	2048	2048	7	338	330
1280	2048	2048	142	338	332
1536	2048	2048	220	337	332
1792	2048	2048	280	334	332
2048	2048	2048	332	332	332
2304	2048	2048	390	329	332
2560	2048	2048	462	326	332
2816	2048	2048	550	323	332
3072	2048	2048	657	319	333
3328	2048	2048	787	315	333
3584	2048	2048	944	310	333
3840	2048	2048	1023	321	342
4095	2048	2048	1023	310	330
0	2304	2048	7	397	350
256	2304	2048	7	398	350
512	2304	2048	7	399	351
768	2304	2048	7	375	332
1024	2304	2048	7	379	332
1280	2304	2048	90	384	331
1536	2304	2048	197	382	331
1792	2304	2048	264	380	331
2048	2304	2048	321	377	331
2304	2304	2048	376	374	331
2560	2304	2048	448	371	331
2816	2304	2048	536	367	332
3072	2304	2048	641	364	332
3328	2304	2048	768	359	332
3584	2304	2048	923	355	332
3840	2304	2048	1023	362	342
4095	2304	2048	1023	347	331
0	2560	2048	7	453	362
256	2560	2048	7	454	362
512	2560	2048	7	456	361
768	2560	2048	7	459	359
1024	2560	2048	7	431	338
1280	2560	2048	7	438	332
1536	2560	2048	166	439	330
1792	2560	2048	244	436	330
2048	2560	2048	307	433	330
2304	2560	2048	363	430	330
2560	2560	2048	432	426	331
2816	2560	2048	519	423	331
3072	2560	2048	624	418	331
3328	2560	2048	748	414	331
3584	2560	2048	900	409	331
3840	2560	2048	1023	412	341
4095	2560	2048	1023	433	369
0	2816	2048	7	520	373
256	2816	2048	7	521	373
512	2816	2048	7	523	372
768	2816	2048	7	528	369
1024	2816	2048	7	534	364
1280	2816	2048	7	500	338
1536	2816	2048	114	507	329
1792	2816	2048	220	505	329
2048	2816	2048	290	502	329
2304	2816	2048	348	498	329
2560	2816	2048	415	494	330
2816	2816	2048	499	489	330
3072	2816	2048	604	485	330
3328	2816	2048	727	480	330
3584	2816	2048	874	475	330
3840	2816	2048	1023	472	338
4095	2816	2048	1023	489	375
0	3072	2048	7	600	388
256	3072	2048	7	601	388
512	3072	2048	7	603	385
768	3072	2048	7	608	381
1024	3072	2048	7	616	373
1280	3072	2048	7	575	346
1536	3072	2048	7	588	331
1792	3072	2048	187	588	328
2048	3072	2048	268	585	328
2304	3072	2048	331	581	328
2560	3072	2048	397	576	328
2816	3072	2048	478	572	329
3072	3072	2048	581	566	329
3328	3072	2048	703	561	329
3584	3072	2048	849	555	329
3840	3072	2048	1023	549	330
4095	3072	2048	1023	559	384
0	3328	2048	7	692	403
256	3328	2048	7	693	402
512	3328	2048	7	696	400
768	3328	2048	7	702	394
1024	3328	2048	7	711	385
1280	3328	2048	7	722	372
1536	3328	2048	7	675	340
1792	3328	2048	135	685	327
2048	3328	2048	241	681	327
2304	3328	2048	312	677	327
2560	3328	2048	376	673	327
2816	3328	2048	457	668	327
3072	3328	2048	556	662	327
3328	3328	2048	676	655	328
3584	3328	2048	820	649	328
3840	3328	2048	995	642	328
4095	3328	2048	1023	641	394
0	3584	2048	7	801	418
256	3584	2048	7	802	417
512	3584	2048	7	805	414
768	3584	2048	7	811	408
1024	3584	2048	7	821	399
1280	3584	2048	7	834	385
1536	3584	2048	7	777	350
1792	3584	2048	7	798	328
2048	3584	2048	206	796	325
2304	3584	2048	289	792	326
2560	3584	2048	356	787	326
2816	3584	2048	433	781	326
3072	3584	2048	530	775	326
3328	3584	2048	646	769	326
3584	3584	2048	789	761	326
3840	3584	2048	960	753	327
4095	3584	2048	1023	735	406
0	3840	2048	7	928	434
256	3840	2048	7	929	433
512	3840	2048	7	933	429
768	3840	2048	7	940	423
1024	3840	2048	8	952	413
1280	3840	2048	7	967	398
1536	3840	2048	7	987	377
1792	3840	2048	7	919	339
2048	3840	2048	152	933	324
2304	3840	2048	260	928	324
2560	3840	2048	333	923	324
2816	3840	2048	409	916	324
3072	3840	2048	502	909	324
3328	3840	2048	617	902	325
3584	3840	2048	754	894	325
3840	3840	2048	922	885	325
4095	3840	2048	993	784	302
0	4095	2048	8	1021	438
256	4095	2048	7	1022	437
512	4095	2048	11	1023	433
768	4095	2048	7	1021	423
1024	4095	2048	7	1021	411
1280	4095	2048	7	1021	394
1536	4095	2048	7	1022	372
1792	4095	2048	7	1022	347
2048	4095	2048	8	1021	316
2304	4095	2048	193	985	303
2560	4095	2048	363	1023	362
2816	4095	2048	428	1023	359
3072	4095	2048	512	1023	357
3328	4095	2048	615	1023	355
3584	4095	2048	738	1023	353
3840	4095	2048	887	1023	349
4095	4095	2048	955	919	300
0	0	2304	7	25	332
256	0	2304	7	18	339
512	0	2304	72	7	345
768	0	2304	132	7	345
1024	0	2304	181	7	346
1280	0	2304	224	7	347
1536	0	2304	267	7	349
1792	0	2304	308	7	351
2048	0	2304	350	7	353
2304	0	2304	398	7	355
2560	0	2304	458	7	358
2816	0	2304	532	7	361
3072	0	2304	619	7	364
3328	0	2304	722	7	367
3584	0	2304	844	7	370
3840	0	2304	992	7	373
4095	0	2304	1023	12	358
0	256	2304	7	46	332
256	256	2304	7	39	339
512	256	2304	13	7	364
768	256	2304	121	7	360
1024	256	2304	178	7	357
1280	256	2304	225	7	355
1536	256	2304	268	7	355
1792	256	2304	310	7	355
2048	256	2304	352	7	356
2304	256	2304	401	7	358
2560	256	2304	462	7	360
2816	256	2304	536	7	362
3072	256	2304	624	7	365
3328	256	2304	728	7	367
3584	256	2304	850	7	370
3840	256	2304	999	7	373
4095	256	2304	1021	7	356
0	512	2304	7	95	330
256	512	2304	7	92	336
512	512	2304	7	81	360
768	512	2304	99	65	377
1024	512	2304	169	55	377
1280	512	2304	223	39	377
1536	512	2304	273	16	377
1792	512	2304	317	7	371
2048	512	2304	360	7	368
2304	512	2304	412	7	366
2560	512	2304	475	7	366
2816	512	2304	552	7	367
3072	512	2304	641	7	368
3328	512	2304	748	7	370
3584	512	2304	872	7	372
3840	512	2304	1023	13	374
4095	512	2304	1023	56	356
0	768	2304	7	138	328
256	768	2304	7	137	333
512	768	2304	7	133	353
768	768	2304	82	126	376
1024	768	2304	162	122	376
1280	768	2304	218	117	376
1536	768	2304	269	109	377
1792	768	2304	317	99	377
2048	768	2304	365	85	377
2304	768	2304	425	60	377
2560	768	2304	500	20	377
2816	768	2304	583	7	375
3072	768	2304	677	7	373
3328	768	2304	788	7	373
3584	768	2304	919	7	374
3840	768	2304	1023	103	375
4095	768	2304	1023	113	357
0	1024	2304	7	179	326
256	1024	2304	7	179	330
512	1024	2304	7	178	347
768	1024	2304	40	174	376
1024	1024	2304	150	172	376
1280	1024	2304	211	168	376
1536	1024	2304	263	164	376
1792	1024	2304	312	159	376
2048	1024	2304	361	151	376
2304	1024	2304	420	143	377
2560	1024	2304	495	132	377
2816	1024	2304	588	118	377
3072	1024	2304	699	98	377
3328	1024	2304	831	66	377
3584	1024	2304	990	7	377
3840	1024	2304	1023	156	376
4095	1024	2304	1023	158	358
0	1280	2304	7	218	327
256	1280	2304	7	218	330
512	1280	2304	7	218	342
768	1280	2304	7	218	368
1024	1280	2304	131	216	376
1280	1280	2304	201	214	376
1536	1280	2304	256	211	376
1792	1280	2304	307	207	376
2048	1280	2304	355	202	376
2304	1280	2304	415	197	376
2560	1280	2304	487	190	376
2816	1280	2304	581	182	376
3072	1280	2304	690	173	377
3328	1280	2304	823	161	377
3584	1280	2304	983	147	377
3840	1280	2304	1023	200	377
4095	1280	2304	1023	197	359
0	1536	2304	7	255	331
256	1536	2304	7	256	333
512	1536	2304	7	257	341
768	1536	2304	7	258	359
1024	1536	2304	100	258	375
1280	1536	2304	186	256	375
1536	1536	2304	245	253	375
1792	1536	2304	299	251	375
2048	1536	2304	349	247	375
2304	1536	2304	407	243	376
2560	1536	2304	480	238	376
2816	1536	2304	571	233	376
3072	1536	2304	680	226	376
3328	1536	2304	812	219	376
3584	1536	2304	971	210	377
3840	1536	2304	1023	241	379
4095	1536	2304	1023	236	360
0	1792	2304	7	294	338
256	1792	2304	7	295	339
512	1792	2304	7	296	345
768	1792	2304	7	297	356
1024	1792	2304	16	299	374
1280	1792	2304	165	298	374
1536	1792	2304	232	296	375
1792	1792	2304	289	294	375
2048	1792	2304	340	291	375
2304	1792	2304	398	288	375
2560	1792	2304	470	284	375
2816	1792	2304	559	279	375
3072	1792	2304	668	274	375
3328	1792	2304	798	268	376
3584	1792	2304	957	262	376
3840	1792	2304	1023	282	380
4095	1792	2304	1023	273	362
0	2048	2304	7	351	369
256	2048	2304	7	331	348
512	2048	2304	7	332	351
768	2048	2304	7	334	358
1024	2048	2304	7	337	368
1280	2048	2304	133	338	374
1536	2048	2304	215	336	374
1792	2048	2304	276	334	374
2048	2048	2304	330	332	374
2304	2048	2304	387	329	374
2560	2048	2304	459	326	374
2816	2048	2304	547	322	374
3072	2048	2304	653	319	375
3328	2048	2304	783	314	375
3584	2048	2304	939	309	375
3840	2048	2304	1023	321	381
4095	2048	2304	1023	310	364
0	2304	2304	7	397	381
256	2304	2304	7	398	381
512	2304	2304	7	399	384
768	2304	2304	7	374	363
1024	2304	2304	7	378	368
1280	2304	2304	69	383	373
1536	2304	2304	192	381	373
1792	2304	2304	260	379	373
2048	2304	2304	318	376	373
2304	2304	2304	373	373	373
2560	2304	2304	445	370	373
2816	2304	2304	532	367	373
3072	2304	2304	638	363	374
3328	2304	2304	764	359	374
3584	2304	2304	919	355	374
3840	2304	2304	1023	361	382
4095	2304	2304	1023	385	401
0	2560	2304	7	453	394
256	2560	2304	7	454	394
512	2560	2304	7	456	395
768	2560	2304	7	459	396
1024	2560	2304	7	430	372
1280	2560	2304	7	437	372
1536	2560	2304	159	438	372
1792	2560	2304	241	436	372
2048	2560	2304	304	433	372
2304	2560	2304	360	430	372
2560	2560	2304	429	426	372
2816	2560	2304	516	422	373
3072	2560	2304	620	418	373
3328	2560	2304	744	413	373
3584	2560	2304	896	409	373
3840	2560	2304	1023	411	381
4095	2560	2304	1023	433	407
0	2816	2304	7	520	408
256	2816	2304	7	521	408
512	2816	2304	7	523	408
768	2816	2304	7	527	407
1024	2816	2304	7	490	380
1280	2816	2304	7	499	376
1536	2816	2304	102	507	371
1792	2816	2304	216	504	371
2048	2816	2304	286	501	371
2304	2816	2304	346	497	371
2560	2816	2304	412	494	371
2816	2816	2304	496	489	372
3072	2816	2304	600	484	372
3328	2816	2304	723	479	372
3584	2816	2304	870	474	372
3840	2816	2304	1023	472	378
4095	2816	2304	1023	490	413
0	3072	2304	7	600	423
256	3072	2304	7	600	423
512	3072	2304	7	603	421
768	3072	2304	7	608	419
1024	3072	2304	7	615	415
1280	3072	2304	7	573	384
1536	3072	2304	7	586	373
1792	3072	2304	181	587	370
2048	3072	2304	264	584	370
2304	3072	2304	328	580	370
2560	3072	2304	394	576	370
2816	3072	2304	475	571	370
3072	3072	2304	577	566	371
3328	3072	2304	699	560	371
3584	3072	2304	845	554	371
3840	3072	2304	1022	548	371
4095	3072	2304	1023	559	421
0	3328	2304	7	692	440
256	3328	2304	7	693	440
512	3328	2304	7	696	438
768	3328	2304	7	701	433
1024	3328	2304	7	710	427
1280	3328	2304	7	721	417
1536	3328	2304	7	673	381
1792	3328	2304	125	684	369
2048	3328	2304	237	681	369
2304	3328	2304	309	677	369
2560	3328	2304	373	673	369
2816	3328	2304	454	667	369
3072	3328	2304	553	662	369
3328	3328	2304	672	655	370
3584	3328	2304	816	648	370
3840	3328	2304	991	642	370
4095	3328	2304	1023	641	430
0	3584	2304	7	800	458
256	3584	2304	7	801	457
512	3584	2304	7	804	455
768	3584	2304	7	810	450
1024	3584	2304	7	820	442
1280	3584	2304	7	833	429
1536	3584	2304	7	775	392
1792	3584	2304	7	796	371
2048	3584	2304	201	796	368
2304	3584	2304	286	791	368
2560	3584	2304	354	787	368
2816	3584	2304	430	781	368
3072	3584	2304	527	775	368
3328	3584	2304	643	768	368
3584	3584	2304	785	761	368
3840	3584	2304	956	753	369
4095	3584	2304	1023	736	442
0	3840	2304	7	927	476
256	3840	2304	7	928	475
512	3840	2304	7	932	472
768	3840	2304	7	939	467
1024	3840	2304	8	951	458
1280	3840	2304	7	966	445
1536	3840	2304	7	985	425
1792	3840	2304	7	917	383
2048	3840	2304	144	932	366
2304	3840	2304	256	927	366
2560	3840	2304	331	922	366
2816	3840	2304	406	916	366
3072	3840	2304	498	909	367
3328	3840	2304	614	901	367
3584	3840	2304	750	893	367
3840	3840	2304	918	883	367
4095	3840	2304	1023	849	465
0	4095	2304	7	1021	479
256	4095	2304	7	1021	478
512	4095	2304	7	1022	474
768	4095	2304	7	1023	467
1024	4095	2304	7	1021	455
1280	4095	2304	10	1023	438
1536	4095	2304	7	1020	416
1792	4095	2304	7	1022	390
2048	4095	2304	7	1022	358
2304	4095	2304	310	1023	411
2560	4095	2304	363	1023	407
2816	4095	2304	424	1023	401
3072	4095	2304	505	1023	398
3328	4095	2304	609	1023	397
3584	4095	2304	731	1023	394
3840	4095	2304	881	1023	392
4095	4095	2304	955	920	339
0	0	2560	7	27	367
256	0	2560	7	22	373
512	0	2560	64	7	384
768	0	2560	129	7	384
1024	0	2560	179	7	384
1280	0	2560	223	7	386
1536	0	2560	265	7	388
1792	0	2560	307	7	390
2048	0	2560	348	7	393
2304	0	2560	397	7	396
2560	0	2560	457	7	399
2816	0	2560	530	7	403
3072	0	2560	617	7	406
3328	0	2560	720	7	410
3584	0	2560	842	7	414
3840	0	2560	990	7	418
4095	0	2560	1021	7	396
0	256	2560	7	48	366
256	256	2560	7	42	373
512	256	2560	7	15	403
768	256	2560	115	7	403
1024	256	2560	174	7	399
1280	256	2560	222	7	397
1536	256	2560	266	7	396
1792	256	2560	309	7	397
2048	256	2560	350	7	398
2304	256	2560	400	7	400
2560	256	2560	460	7	402
2816	256	2560	534	7	405
3072	256	2560	622	7	408
3328	256	2560	726	7	411
3584	256	2560	848	7	415
3840	256	2560	997	7	418
4095	256	2560	1023	7	396
0	512	2560	7	95	365
256	512	2560	7	93	370
512	512	2560	7	82	398
768	512	2560	81	60	430
1024	512	2560	161	49	430
1280	512	2560	218	31	430
1536	512	2560	269	7	429
1792	512	2560	314	7	420
2048	512	2560	358	7	415
2304	512	2560	410	7	413
2560	512	2560	472	7	412
2816	512	2560	549	7	412
3072	512	2560	639	7	413
3328	512	2560	744	7	415
3584	512	2560	869	7	418
3840	512	2560	1021	7	421
4095	512	2560	1023	48	395
0	768	2560	7	139	362
256	768	2560	7	138	368
512	768	2560	7	134	391
768	768	2560	54	124	430
1024	768	2560	153	120	430
1280	768	2560	213	114	430
1536	768	2560	265	107	430
1792	768	2560	314	96	430
2048	768	2560	362	81	430
2304	768	2560	422	54	430
2560	768	2560	496	8	430
2816	768	2560	578	7	425
3072	768	2560	672	7	423
3328	768	2560	783	7	422
3584	768	2560	914	7	423
3840	768	2560	1023	98	421
4095	768	2560	1023	110	396
0	1024	2560	7	180	361
256	1024	2560	7	180	365
512	1024	2560	7	178	383
768	1024	2560	7	173	425
1024	1024	2560	141	171	429
1280	1024	2560	206	167	429
1536	1024	2560	259	163	429
1792	1024	2560	309	157	430
2048	1024	2560	358	150	430
2304	1024	2560	417	141	430
2560	1024	2560	491	130	430
2816	1024	2560	584	115	430
3072	1024	2560	694	96	430
3328	1024	2560	826	61	431
3584	1024	2560	982	7	430
3840	1024	2560	1023	153	423
4095	1024	2560	1023	156	397
0	1280	2560	7	218	361
256	1280	2560	7	218	364
512	1280	2560	7	218	378
768	1280	2560	7	217	410
1024	1280	2560	119	215	429
1280	1280	2560	195	213	429
1536	1280	2560	251	209	429
1792	1280	2560	304	206	429
2048	1280	2560	353	201	429
2304	1280	2560	412	196	429
2560	1280	2560	484	189	429
2816	1280	2560	576	181	430
3072	1280	2560	686	172	430
3328	1280	2560	818	160	430
3584	1280	2560	978	146	430
3840	1280	2560	1023	198	424
4095	1280	2560	1023	197	398
0	1536	2560	7	256	363
256	1536	2560	7	256	366
512	1536	2560	7	257	376
768	1536	2560	7	257	400
1024	1536	2560	81	257	428
1280	1536	2560	179	255	428
1536	1536	2560	241	253	428
1792	1536	2560	296	250	428
2048	1536	2560	346	246	429
2304	1536	2560	404	242	429
2560	1536	2560	476	237	429
2816	1536	2560	567	232	429
3072	1536	2560	676	225	429
3328	1536	2560	807	218	430
3584	1536	2560	966	209	430
3840	1536	2560	1023	240	426
4095	1536	2560	1023	235	400
0	1792	2560	7	295	368
256	1792	2560	7	295	370
512	1792	2560	7	296	378
768	1792	2560	7	297	395
1024	1792	2560	7	299	423
1280	1792	2560	157	298	427
1536	1792	2560	227	296	428
1792	1792	2560	285	293	428
2048	1792	2560	337	290	428
2304	1792	2560	395	287	428
2560	1792	2560	467	283	428
2816	1792	2560	556	279	428
3072	1792	2560	664	274	429
3328	1792	2560	794	268	429
3584	1792	2560	952	261	429
3840	1792	2560	1023	281	428
4095	1792	2560	1023	273	403
0	2048	2560	7	330	377
256	2048	2560	7	331	379
512	2048	2560	7	332	384
768	2048	2560	7	334	395
1024	2048	2560	7	336	413
1280	2048	2560	122	337	427
1536	2048	2560	210	336	427
1792	2048	2560	272	333	427
2048	2048	2560	327	331	427
2304	2048	2560	383	329	427
2560	2048	2560	455	325	427
2816	2048	2560	543	322	427
3072	2048	2560	649	318	428
3328	2048	2560	778	314	428
3584	2048	2560	934	309	428
3840	2048	2560	1023	320	430
4095	2048	2560	1023	309	405
0	2304	2560	7	397	418
256	2304	2560	7	398	419
512	2304	2560	7	372	394
768	2304	2560	7	374	400
1024	2304	2560	7	378	411
1280	2304	2560	34	383	426
1536	2304	2560	186	381	426
1792	2304	2560	256	378	426
2048	2304	2560	315	376	426
2304	2304	2560	370	373	426
2560	2304	2560	441	370	426
2816	2304	2560	529	367	426
3072	2304	2560	634	363	427
3328	2304	2560	760	359	427
3584	2304	2560	914	354	427
3840	2304	2560	1023	360	431
4095	2304	2560	1023	385	443
0	2560	2560	7	453	431
256	2560	2560	7	454	432
512	2560	2560	7	455	434
768	2560	2560	7	425	409
1024	2560	2560	7	429	414
1280	2560	2560	7	436	421
1536	2560	2560	150	438	425
1792	2560	2560	236	435	425
2048	2560	2560	301	432	425
2304	2560	2560	358	429	425
2560	2560	2560	425	425	425
2816	2560	2560	512	422	425
3072	2560	2560	616	417	425
3328	2560	2560	740	413	426
3584	2560	2560	890	408	426
3840	2560	2560	1023	410	431
4095	2560	2560	1023	433	450
0	2816	2560	7	520	447
256	2816	2560	7	521	448
512	2816	2560	7	523	448
768	2816	2560	7	527	450
1024	2816	2560	7	490	421
1280	2816	2560	7	498	423
1536	2816	2560	84	506	424
1792	2816	2560	210	504	424
2048	2816	2560	283	500	424
2304	2816	2560	343	497	424
2560	2816	2560	409	493	424
2816	2816	2560	492	488	424
3072	2816	2560	596	484	424
3328	2816	2560	719	479	425
3584	2816	2560	866	473	425
3840	2816	2560	1023	471	429
4095	2816	2560	1023	490	458
0	3072	2560	7	600	464
256	3072	2560	7	600	464
512	3072	2560	7	603	464
768	3072	2560	7	607	464
1024	3072	2560	7	614	462
1280	3072	2560	7	572	430
1536	3072	2560	7	585	424
1792	3072	2560	174	586	423
2048	3072	2560	260	583	423
2304	3072	2560	325	580	423
2560	3072	2560	391	575	423
2816	3072	2560	472	571	423
3072	3072	2560	573	565	423
3328	3072	2560	695	559	423
3584	3072	2560	840	554	424
3840	3072	2560	1017	547	424
4095	3072	2560	1023	560	466
0	3328	2560	7	692	481
256	3328	2560	7	693	481
512	3328	2560	7	696	480
768	3328	2560	7	701	478
1024	3328	2560	7	709	475
1280	3328	2560	7	658	440
1536	3328	2560	7	672	431
1792	3328	2560	112	684	421
2048	3328	2560	232	680	421
2304	3328	2560	306	676	421
2560	3328	2560	370	672	422
2816	3328	2560	451	666	422
3072	3328	2560	549	661	422
3328	3328	2560	668	654	422
3584	3328	2560	812	648	422
3840	3328	2560	986	641	423
4095	3328	2560	1023	641	475
0	3584	2560	7	800	502
256	3584	2560	7	801	501
512	3584	2560	7	804	499
768	3584	2560	7	810	496
1024	3584	2560	7	819	490
1280	3584	2560	7	831	481
1536	3584	2560	7	773	441
1792	3584	2560	7	793	424
2048	3584	2560	195	795	420
2304	3584	2560	282	790	420
2560	3584	2560	351	786	420
2816	3584	2560	426	780	420
3072	3584	2560	524	774	420
3328	3584	2560	639	767	421
3584	3584	2560	780	760	421
3840	3584	2560	951	752	421
4095	3584	2560	1023	737	484
0	3840	2560	7	927	524
256	3840	2560	7	928	523
512	3840	2560	7	932	521
768	3840	2560	7	939	516
1024	3840	2560	8	950	508
1280	3840	2560	8	964	497
1536	3840	2560	8	983	481
1792	3840	2560	7	914	435
2048	3840	2560	135	931	418
2304	3840	2560	252	927	418
2560	3840	2560	328	921	418
2816	3840	2560	403	914	418
3072	3840	2560	494	908	419
3328	3840	2560	610	900	419
3584	3840	2560	746	892	419
3840	3840	2560	913	883	419
4095	3840	2560	1023	850	502
0	4095	2560	12	1023	528
256	4095	2560	7	1021	526
512	4095	2560	7	1022	522
768	4095	2560	7	1022	515
1024	4095	2560	7	1020	502
1280	4095	2560	7	1022	486
1536	4095	2560	8	1022	467
1792	4095	2560	15	1023	441
2048	4095	2560	7	1022	409
2304	4095	2560	307	1023	460
2560	4095	2560	359	1023	457
2816	4095	2560	423	1023	454
3072	4095	2560	501	1023	449
3328	4095	2560	603	1023	447
3584	4095	2560	725	1023	444
3840	4095	2560	873	1023	441
4095	4095	2560	1023	982	543
0	0	2816	7	30	408
256	0	2816	7	25	416
512	0	2816	53	7	430
768	0	2816	125	7	431
1024	0	2816	176	7	431
1280	0	2816	221	7	433
1536	0	2816	264	7	435
1792	0	2816	306	7	438
2048	0	2816	347	7	441
2304	0	2816	396	7	445
2560	0	2816	456	7	449
2816	0	2816	529	7	452
3072	0	2816	616	7	456
3328	0	2816	718	7	461
3584	0	2816	840	7	465
3840	0	2816	986	7	470
4095	0	2816	1023	14	443
0	256	2816	7	51	408
256	256	2816	7	46	415
512	256	2816	7	21	446
768	256	2816	109	7	453
1024	256	2816	171	7	449
1280	256	2816	219	7	447
1536	256	2816	264	7	446
1792	256	2816	307	7	446
2048	256	2816	349	7	447
2304	256	2816	398	7	449
2560	256	2816	459	7	453
2816	256	2816	532	7	456
3072	256	2816	620	7	459
3328	256	2816	724	7	463
3584	256	2816	846	7	467
3840	256	2816	993	7	471
4095	256	2816	1021	7	441
0	512	2816	7	97	406
256	512	2816	7	94	413
512	512	2816	7	84	442
768	512	2816	47	54	494
1024	512	2816	152	42	494
1280	512	2816	212	24	494
1536	512	2816	264	7	487
1792	512	2816	311	7	477
2048	512	2816	355	7	471
2304	512	2816	407	7	467
2560	512	2816	470	7	466
2816	512	2816	546	7	466
3072	512	2816	636	7	467
3328	512	2816	742	7	469
3584	512	2816	866	7	472
3840	512	2816	1017	7	474
4095	512	2816	1023	44	440
0	768	2816	7	139	404
256	768	2816	7	138	410
512	768	2816	7	134	435
768	768	2816	7	122	492
1024	768	2816	143	118	493
1280	768	2816	207	112	493
1536	768	2816	260	104	494
1792	768	2816	310	93	494
2048	768	2816	359	76	494
2304	768	2816	418	48	494
2560	768	2816	490	7	492
2816	768	2816	572	7	485
3072	768	2816	667	7	482
3328	768	2816	778	7	480
3584	768	2816	908	7	480
3840	768	2816	1023	94	476
4095	768	2816	1023	109	441
0	1024	2816	7	180	401
256	1024	2816	7	180	407
512	1024	2816	7	178	427
768	1024	2816	7	173	475
1024	1024	2816	129	169	493
1280	1024	2816	199	166	493
1536	1024	2816	255	161	493
1792	1024	2816	306	155	493
2048	1024	2816	355	148	493
2304	1024	2816	414	139	494
2560	1024	2816	487	128	494
2816	1024	2816	580	113	494
3072	1024	2816	690	92	494
3328	1024	2816	821	55	494
3584	1024	2816	974	7	493
3840	1024	2816	1023	150	478
4095	1024	2816	1023	155	443
0	1280	2816	7	219	401
256	1280	2816	7	219	405
512	1280	2816	7	218	422
768	1280	2816	7	217	459
1024	1280	2816	104	214	492
1280	1280	2816	188	211	492
1536	1280	2816	246	208	493
1792	1280	2816	300	205	493
2048	1280	2816	349	200	493
2304	1280	2816	408	194	493
2560	1280	2816	480	188	493
2816	1280	2816	572	180	493
3072	1280	2816	681	170	494
3328	1280	2816	813	158	494
3584	1280	2816	972	144	494
3840	1280	2816	1023	197	480
4095	1280	2816	1023	195	445
0	1536	2816	7	256	402
256	1536	2816	7	256	406
512	1536	2816	7	257	419
768	1536	2816	7	257	448
1024	1536	2816	48	256	492
1280	1536	2816	171	254	492
1536	1536	2816	236	252	492
1792	1536	2816	292	249	492
2048	1536	2816	342	246	492
2304	1536	2816	400	241	492
2560	1536	2816	473	237	492
2816	1536	2816	562	231	493
3072	1536	2816	671	225	493
3328	1536	2816	802	217	493
3584	1536	2816	960	208	494
3840	1536	2816	1023	239	482
4095	1536	2816	1023	234	447
0	1792	2816	7	295	407
256	1792	2816	7	295	410
512	1792	2816	7	296	419
768	1792	2816	7	297	441
1024	1792	2816	7	298	478
1280	1792	2816	147	297	491
1536	1792	2816	222	295	491
1792	1792	2816	281	293	491
2048	1792	2816	333	290	491
2304	1792	2816	391	286	491
2560	1792	2816	463	282	492
2816	1792	2816	552	278	492
3072	1792	2816	659	273	492
3328	1792	2816	789	267	492
3584	1792	2816	946	260	493
3840	1792	2816	1023	279	484
4095	1792	2816	1023	272	450
0	2048	2816	7	331	415
256	2048	2816	7	331	417
512	2048	2816	7	332	424
768	2048	2816	7	333	440
1024	2048	2816	7	336	465
1280	2048	2816	106	337	490
1536	2048	2816	203	335	490
1792	2048	2816	268	333	490
2048	2048	2816	323	331	490
2304	2048	2816	380	328	491
2560	2048	2816	451	325	491
2816	2048	2816	540	321	491
3072	2048	2816	645	318	491
3328	2048	2816	773	313	491
3584	2048	2816	929	308	492
3840	2048	2816	1023	319	487
4095	2048	2816	1023	309	453
0	2304	2816	7	397	462
256	2304	2816	7	398	464
512	2304	2816	7	372	433
768	2304	2816	7	374	444
1024	2304	2816	7	377	461
1280	2304	2816	7	382	487
1536	2304	2816	178	380	489
1792	2304	2816	251	378	489
2048	2304	2816	312	375	489
2304	2304	2816	367	372	489
2560	2304	2816	438	369	490
2816	2304	2816	525	366	490
3072	2304	2816	630	362	490
3328	2304	2816	755	358	490
3584	2304	2816	908	354	491
3840	2304	2816	1023	359	489
4095	2304	2816	1023	385	491
0	2560	2816	7	453	476
256	2560	2816	7	454	477
512	2560	2816	7	455	480
768	2560	2816	7	424	452
1024	2560	2816	7	429	463
1280	2560	2816	7	434	478
1536	2560	2816	140	437	488
1792	2560	2816	231	434	488
2048	2560	2816	297	432	488
2304	2560	2816	355	428	488
2560	2560	2816	422	425	488
2816	2560	2816	507	421	488
3072	2560	2816	612	417	489
3328	2560	2816	736	412	489
3584	2560	2816	885	407	489
3840	2560	2816	1023	409	491
4095	2560	2816	1023	433	499
0	2816	2816	7	521	491
256	2816	2816	7	521	492
512	2816	2816	7	523	495
768	2816	2816	7	527	499
1024	2816	2816	7	489	470
1280	2816	2816	7	497	477
1536	2816	2816	52	505	487
1792	2816	2816	204	503	487
2048	2816	2816	278	500	487
2304	2816	2816	339	496	487
2560	2816	2816	406	492	487
2816	2816	2816	487	487	487
3072	2816	2816	592	483	487
3328	2816	2816	715	478	488
3584	2816	2816	860	473	488
3840	2816	2816	1023	470	490
4095	2816	2816	1023	491	509
0	3072	2816	7	600	510
256	3072	2816	7	600	511
512	3072	2816	7	603	512
768	3072	2816	7	607	514
1024	3072	2816	7	614	517
1280	3072	2816	7	571	482
1536	3072	2816	7	583	485
1792	3072	2816	166	586	485
2048	3072	2816	255	583	486
2304	3072	2816	322	579	486
2560	3072	2816	387	574	486
2816	3072	2816	469	570	486
3072	3072	2816	568	564	486
3328	3072	2816	690	559	486
3584	3072	2816	835	553	487
3840	3072	2816	1012	547	487
4095	3072	2816	1023	561	518
0	3328	2816	7	692	531
256	3328	2816	7	693	531
512	3328	2816	7	696	531
768	3328	2816	7	701	532
1024	3328	2816	7	708	531
1280	3328	2816	7	657	492
1536	3328	2816	7	670	488
1792	3328	2816	95	683	484
2048	3328	2816	227	679	484
2304	3328	2816	303	675	484
2560	3328	2816	367	671	484
2816	3328	2816	447	666	484
3072	3328	2816	545	660	485
3328	3328	2816	663	653	485
3584	3328	2816	807	647	485
3840	3328	2816	981	640	485
4095	3328	2816	1023	642	528
0	3584	2816	7	800	552
256	3584	2816	7	801	552
512	3584	2816	7	804	551
768	3584	2816	7	810	550
1024	3584	2816	7	818	547
1280	3584	2816	7	830	543
1536	3584	2816	7	772	498
1792	3584	2816	7	790	486
2048	3584	2816	188	794	482
2304	3584	2816	278	790	483
2560	3584	2816	347	785	483
2816	3584	2816	423	779	483
3072	3584	2816	519	773	483
3328	3584	2816	635	766	483
3584	3584	2816	775	759	484
3840	3584	2816	945	751	484
4095	3584	2816	1023	739	539
0	3840	2816	7	927	575
256	3840	2816	7	928	575
512	3840	2816	7	932	574
768	3840	2816	7	938	571
1024	3840	2816	7	948	565
1280	3840	2816	7	963	558
1536	3840	2816	7	981	547
1792	3840	2816	8	912	496
2048	3840	2816	121	930	481
2304	3840	2816	247	925	481
2560	3840	2816	325	920	481
2816	3840	2816	399	914	481
3072	3840	2816	490	907	481
3328	3840	2816	606	900	482
3584	3840	2816	742	891	482
3840	3840	2816	907	882	482
4095	3840	2816	1023	852	550
0	4095	2816	13	1023	580
256	4095	2816	7	1021	578
512	4095	2816	8	1022	574
768	4095	2816	7	1022	567
1024	4095	2816	7	1023	558
1280	4095	2816	7	1023	544
1536	4095	2816	7	1023	526
1792	4095	2816	8	1020	499
2048	4095	2816	7	1022	469
2304	4095	2816	307	1023	522
2560	4095	2816	356	1023	516
2816	4095	2816	419	1023	514
3072	4095	2816	499	1023	511
3328	4095	2816	597	1023	506
3584	4095	2816	719	1023	504
3840	4095	2816	867	1023	501
4095	4095	2816	1023	990	578
0	0	3072	7	41	538
256	0	3072	7	28	464
512	0	3072	40	7	485
768	0	3072	120	7	485
1024	0	3072	173	7	486
1280	0	3072	219	7	487
1536	0	3072	262	7	490
1792	0	3072	304	7	493
2048	0	3072	346	7	497
2304	0	3072	394	7	501
2560	0	3072	454	7	506
2816	0	3072	527	7	511
3072	0	3072	614	7	516
3328	0	3072	717	7	521
3584	0	3072	837	7	526
3840	0	3072	984	7	531
4095	0	3072	1021	7	495
0	256	3072	7	63	536
256	256	3072	7	49	464
512	256	3072	7	25	496
768	256	3072	102	7	511
1024	256	3072	167	7	507
1280	256	3072	217	7	505
1536	256	3072	262	7	504
1792	256	3072	305	7	504
2048	256	3072	347	7	505
2304	256	3072	396	7	508
2560	256	3072	457	7	511
2816	256	3072	531	7	515
3072	256	3072	618	7	519
3328	256	3072	721	7	523
3584	256	3072	843	7	528
3840	256	3072	990	7	533
4095	256	3072	1022	7	495
0	512	3072	7	108	529
256	512	3072	7	96	462
512	512	3072	7	86	492
768	512	3072	7	50	563
1024	512	3072	140	32	571
1280	512	3072	205	15	571
1536	512	3072	259	7	556
1792	512	3072	307	7	545
2048	512	3072	352	7	537
2304	512	3072	404	7	532
2560	512	3072	467	7	531
2816	512	3072	543	7	530
3072	512	3072	633	7	531
3328	512	3072	738	7	533
3584	512	3072	862	7	535
3840	512	3072	1013	7	539
4095	512	3072	1023	34	493
0	768	3072	7	140	452
256	768	3072	7	139	459
512	768	3072	7	135	485
768	768	3072	7	123	549
1024	768	3072	130	115	571
1280	768	3072	200	109	571
1536	768	3072	255	100	571
1792	768	3072	306	89	571
2048	768	3072	355	70	571
2304	768	3072	414	39	572
2560	768	3072	485	7	567
2816	768	3072	566	7	558
3072	768	3072	661	7	553
3328	768	3072	772	7	550
3584	768	3072	902	7	549
3840	768	3072	1023	89	543
4095	768	3072	1023	105	494
0	1024	3072	7	181	449
256	1024	3072	7	180	456
512	1024	3072	7	178	479
768	1024	3072	7	173	533
1024	1024	3072	113	167	571
1280	1024	3072	191	164	571
1536	1024	3072	249	159	571
1792	1024	3072	302	153	571
2048	1024	3072	351	146	571
2304	1024	3072	410	137	571
2560	1024	3072	482	125	571
2816	1024	3072	574	110	572
3072	1024	3072	684	89	572
3328	1024	3072	816	47	572
3584	1024	3072	966	7	569
3840	1024	3072	1023	148	545
4095	1024	3072	1023	152	496
0	1280	3072	7	219	448
256	1280	3072	7	219	454
512	1280	3072	7	218	473
768	1280	3072	7	216	516
1024	1280	3072	82	213	570
1280	1280	3072	179	210	570
1536	1280	3072	241	207	570
1792	1280	3072	296	204	570
2048	1280	3072	346	199	571
2304	1280	3072	404	193	571
2560	1280	3072	476	186	571
2816	1280	3072	567	178	571
3072	1280	3072	676	169	571
3328	1280	3072	807	157	572
3584	1280	3072	966	142	572
3840	1280	3072	1023	194	547
4095	1280	3072	1023	194	499
0	1536	3072	7	257	449
256	1536	3072	7	257	453
512	1536	3072	7	257	469
768	1536	3072	7	257	502
1024	1536	3072	7	255	565
1280	1536	3072	161	253	570
1536	1536	3072	230	251	570
1792	1536	3072	288	248	570
2048	1536	3072	339	245	570
2304	1536	3072	396	240	570
2560	1536	3072	469	236	570
2816	1536	3072	558	230	570
3072	1536	3072	666	223	571
3328	1536	3072	797	216	571
3584	1536	3072	954	207	571
3840	1536	3072	1023	237	550
4095	1536	3072	1023	233	502
0	1792	3072	7	295	453
256	1792	3072	7	295	456
512	1792	3072	7	296	469
768	1792	3072	7	297	494
1024	1792	3072	7	297	542
1280	1792	3072	134	296	568
1536	1792	3072	216	294	568
1792	1792	3072	277	292	569
2048	1792	3072	330	289	569
2304	1792	3072	387	286	569
2560	1792	3072	459	282	569
2816	1792	3072	547	277	570
3072	1792	3072	653	272	570
3328	1792	3072	783	266	570
3584	1792	3072	940	259	570
3840	1792	3072	1023	278	554
4095	1792	3072	1023	271	506
0	2048	3072	7	331	460
256	2048	3072	7	331	463
512	2048	3072	7	332	472
768	2048	3072	7	333	491
1024	2048	3072	7	335	526
1280	2048	3072	85	336	567
1536	2048	3072	196	334	568
1792	2048	3072	263	332	568
2048	2048	3072	320	330	568
2304	2048	3072	375	327	568
2560	2048	3072	447	324	568
2816	2048	3072	535	321	568
3072	2048	3072	640	317	569
3328	2048	3072	767	312	569
3584	2048	3072	922	307	569
3840	2048	3072	1023	317	557
4095	2048	3072	1023	308	510
0	2304	3072	7	371	471
256	2304	3072	7	371	473
512	2304	3072	7	372	479
768	2304	3072	7	374	494
1024	2304	3072	7	377	519
1280	2304	3072	7	380	558
1536	2304	3072	169	379	566
1792	2304	3072	246	377	567
2048	2304	3072	308	374	567
2304	2304	3072	364	372	567
2560	2304	3072	433	369	567
2816	2304	3072	520	365	567
3072	2304	3072	625	362	567
3328	2304	3072	749	358	568
3584	2304	3072	902	353	568
3840	2304	3072	1023	358	561
4095	2304	3072	1023	385	549
0	2560	3072	7	453	529
256	2560	3072	7	454	530
512	2560	3072	7	455	536
768	2560	3072	7	424	502
1024	2560	3072	7	428	519
1280	2560	3072	7	433	545
1536	2560	3072	126	436	565
1792	2560	3072	225	434	565
2048	2560	3072	293	431	565
2304	2560	3072	351	428	566
2560	2560	3072	418	424	566
2816	2560	3072	502	420	566
3072	2560	3072	607	416	566
3328	2560	3072	731	412	566
3584	2560	3072	878	407	567
3840	2560	3072	1023	407	564
4095	2560	3072	1023	433	557
0	2816	3072	7	521	545
256	2816	3072	7	521	546
512	2816	3072	7	523	550
768	2816	3072	7	526	558
1024	2816	3072	7	489	525
1280	2816	3072	7	496	541
1536	2816	3072	7	504	563
1792	2816	3072	196	502	564
2048	2816	3072	274	499	564
2304	2816	3072	335	495	564
2560	2816	3072	402	491	564
2816	2816	3072	483	487	565
3072	2816	3072	587	482	565
3328	2816	3072	710	478	565
3584	2816	3072	855	472	565
3840	2816	3072	1023	468	565
4095	2816	3072	1023	491	567
0	3072	3072	7	600	564
256	3072	3072	7	601	564
512	3072	3072	7	603	567
768	3072	3072	7	607	573
1024	3072	3072	7	563	536
1280	3072	3072	7	571	545
1536	3072	3072	7	581	556
1792	3072	3072	155	585	562
2048	3072	3072	250	582	562
2304	3072	3072	319	578	563
2560	3072	3072	383	574	563
2816	3072	3072	464	569	563
3072	3072	3072	563	563	563
3328	3072	3072	685	558	563
3584	3072	3072	830	552	564
3840	3072	3072	1006	546	564
4095	3072	3072	1023	562	578
0	3328	3072	7	693	586
256	3328	3072	7	693	586
512	3328	3072	7	696	588
768	3328	3072	7	701	590
1024	3328	3072	7	708	594
1280	3328	3072	7	656	553
1536	3328	3072	7	668	558
1792	3328	3072	67	682	561
2048	3328	3072	220	679	561
2304	3328	3072	299	675	561
2560	3328	3072	364	670	561
2816	3328	3072	443	665	562
3072	3328	3072	540	659	562
3328	3328	3072	658	653	562
3584	3328	3072	801	646	562
3840	3328	3072	974	640	562
4095	3328	3072	1023	643	590
0	3584	3072	7	800	610
256	3584	3072	7	801	610
512	3584	3072	7	804	610
768	3584	3072	7	810	611
1024	3584	3072	7	818	611
1280	3584	3072	7	829	611
1536	3584	3072	7	771	565
1792	3584	3072	7	788	561
2048	3584	3072	179	793	559
2304	3584	3072	273	789	559
2560	3584	3072	344	784	559
2816	3584	3072	419	778	560
3072	3584	3072	515	772	560
3328	3584	3072	630	765	560
3584	3584	3072	769	758	560
3840	3584	3072	939	750	561
4095	3584	3072	1023	740	601
0	3840	3072	7	928	634
256	3840	3072	7	929	634
512	3840	3072	8	932	633
768	3840	3072	8	939	633
1024	3840	3072	7	948	631
1280	3840	3072	8	962	628
1536	3840	3072	7	888	578
1792	3840	3072	7	909	568
2048	3840	3072	104	929	557
2304	3840	3072	242	924	557
2560	3840	3072	321	919	558
2816	3840	3072	395	913	558
3072	3840	3072	486	906	558
3328	3840	3072	601	898	558
3584	3840	3072	736	890	559
3840	3840	3072	900	881	559
4095	3840	3072	1023	854	610
0	4095	3072	7	1021	636
256	4095	3072	7	1022	635
512	4095	3072	8	1022	633
768	4095	3072	7	1022	627
1024	4095	3072	8	1022	619
1280	4095	3072	7	1021	607
1536	4095	3072	7	1021	591
1792	4095	3072	7	1021	568
2048	4095	3072	246	1023	590
2304	4095	3072	304	1023	588
2560	4095	3072	356	1023	587
2816	4095	3072	416	1023	583
3072	4095	3072	494	1023	582
3328	4095	3072	594	1023	580
3584	4095	3072	713	1023	576
3840	4095	3072	861	1023	573
4095	4095	3072	1023	997	627
0	0	3328	7	46	608
256	0	3328	7	38	620
512	0	3328	24	7	551
768	0	3328	115	7	552
1024	0	3328	170	7	553
1280	0	3328	216	7	554
1536	0	3328	260	7	556
1792	0	3328	303	7	559
2048	0	3328	344	7	563
2304	0	3328	392	7	567
2560	0	3328	452	7	573
2816	0	3328	525	7	579
3072	0	3328	612	7	585
3328	0	3328	715	7	590
3584	0	3328	835	7	596
3840	0	3328	981	7	602
4095	0	3328	1023	14	559
0	256	3328	7	67	606
256	256	3328	7	61	618
512	256	3328	7	29	555
768	256	3328	94	7	580
1024	256	3328	162	7	576
1280	256	3328	214	7	573
1536	256	3328	259	7	572
1792	256	3328	303	7	572
2048	256	3328	345	7	573
2304	256	3328	394	7	576
2560	256	3328	454	7	580
2816	256	3328	528	7	584
3072	256	3328	616	7	589
3328	256	3328	719	7	594
3584	256	3328	841	7	599
3840	256	3328	987	7	605
4095	256	3328	1021	7	558
0	512	3328	7	109	600
256	512	3328	7	107	611
512	512	3328	7	88	552
768	512	3328	7	56	627
1024	512	3328	125	24	662
1280	512	3328	198	7	653
1536	512	3328	255	7	635
1792	512	3328	304	7	622
2048	512	3328	349	7	613
2304	512	3328	400	7	608
2560	512	3328	464	7	605
2816	512	3328	540	7	604
3072	512	3328	630	7	605
3328	512	3328	736	7	607
3584	512	3328	859	7	609
3840	512	3328	1009	7	613
4095	512	3328	1023	28	557
0	768	3328	7	153	591
256	768	3328	7	152	602
512	768	3328	7	135	546
768	768	3328	7	124	614
1024	768	3328	113	111	661
1280	768	3328	191	105	661
1536	768	3328	249	97	661
1792	768	3328	302	85	662
2048	768	3328	351	63	662
2304	768	3328	410	28	662
2560	768	3328	479	7	652
2816	768	3328	561	7	641
3072	768	3328	655	7	634
3328	768	3328	766	7	630
3584	768	3328	896	7	628
3840	768	3328	1023	81	619
4095	768	3328	1023	103	559
0	1024	3328	7	195	581
256	1024	3328	7	181	513
512	1024	3328	7	178	540
768	1024	3328	7	173	597
1024	1024	3328	91	165	661
1280	1024	3328	183	162	661
1536	1024	3328	243	157	661
1792	1024	3328	298	151	661
2048	1024	3328	347	144	661
2304	1024	3328	406	135	662
2560	1024	3328	478	122	662
2816	1024	3328	569	106	662
3072	1024	3328	678	83	662
3328	1024	3328	809	38	662
3584	1024	3328	956	7	657
3840	1024	3328	1023	144	622
4095	1024	3328	1023	151	561
0	1280	3328	7	220	504
256	1280	3328	7	219	510
512	1280	3328	7	218	533
768	1280	3328	7	216	581
1024	1280	3328	38	211	660
1280	1280	3328	169	209	660
1536	1280	3328	235	206	660
1792	1280	3328	291	202	660
2048	1280	3328	341	197	661
2304	1280	3328	400	192	661
2560	1280	3328	472	185	661
2816	1280	3328	561	177	661
3072	1280	3328	670	167	662
3328	1280	3328	801	154	662
3584	1280	3328	959	139	662
3840	1280	3328	1023	192	625
4095	1280	3328	1023	193	563
0	1536	3328	7	257	504
256	1536	3328	7	257	509
512	1536	3328	7	257	529
768	1536	3328	7	256	566
1024	1536	3328	7	255	638
1280	1536	3328	149	252	660
1536	1536	3328	223	250	660
1792	1536	3328	282	247	660
2048	1536	3328	334	244	660
2304	1536	3328	392	239	660
2560	1536	3328	464	234	660
2816	1536	3328	553	229	660
3072	1536	3328	660	222	661
3328	1536	3328	790	215	661
3584	1536	3328	947	206	661
3840	1536	3328	1023	235	629
4095	1536	3328	1023	232	567
0	1792	3328	7	296	507
256	1792	3328	7	296	511
512	1792	3328	7	296	527
768	1792	3328	7	296	557
1024	1792	3328	7	297	614
1280	1792	3328	118	295	659
1536	1792	3328	208	293	659
1792	1792	3328	271	291	659
2048	1792	3328	326	288	659
2304	1792	3328	382	285	659
2560	1792	3328	454	281	660
2816	1792	3328	543	276	660
3072	1792	3328	648	271	660
3328	1792	3328	777	265	660
3584	1792	3328	933	258	660
3840	1792	3328	1023	276	634
4095	1792	3328	1023	270	571
0	2048	3328	7	331	513
256	2048	3328	7	332	517
512	2048	3328	7	332	529
768	2048	3328	7	333	553
1024	2048	3328	7	335	596
1280	2048	3328	45	335	658
1536	2048	3328	187	334	658
1792	2048	3328	257	332	658
2048	2048	3328	316	329	658
2304	2048	3328	371	327	658
2560	2048	3328	442	324	658
2816	2048	3328	530	320	659
3072	2048	3328	635	316	659
3328	2048	3328	761	312	659
3584	2048	3328	915	307	660
3840	2048	3328	1023	316	639
4095	2048	3328	1023	307	576
0	2304	3328	7	371	524
256	2304	3328	7	371	526
512	2304	3328	7	372	536
768	2304	3328	7	374	554
1024	2304	3328	7	376	586
1280	2304	3328	7	379	636
1536	2304	3328	158	378	656
1792	2304	3328	240	376	657
2048	2304	3328	303	374	657
2304	2304	3328	360	371	657
2560	2304	3328	428	368	657
2816	2304	3328	515	365	658
3072	2304	3328	619	361	658
3328	2304	3328	744	357	658
3584	2304	3328	894	352	658
3840	2304	3328	1023	357	645
4095	2304	3328	1023	385	615
0	2560	3328	7	453	589
256	2560	3328	7	454	592
512	2560	3328	7	422	547
768	2560	3328	7	424	560
1024	2560	3328	7	428	584
1280	2560	3328	7	432	620
1536	2560	3328	108	435	655
1792	2560	3328	218	433	655
2048	2560	3328	288	430	655
2304	2560	3328	347	427	655
2560	2560	3328	414	423	656
2816	2560	3328	497	420	656
3072	2560	3328	602	415	656
3328	2560	3328	725	411	657
3584	2560	3328	872	406	657
3840	2560	3328	1023	406	650
4095	2560	3328	1023	433	624
0	2816	3328	7	521	606
256	2816	3328	7	521	608
512	2816	3328	7	523	614
768	2816	3328	7	484	572
1024	2816	3328	7	488	589
1280	2816	3328	7	495	614
1536	2816	3328	7	502	648
1792	2816	3328	188	501	654
2048	2816	3328	268	498	654
2304	2816	3328	331	494	654
2560	2816	3328	397	490	654
2816	2816	3328	479	486	654
3072	2816	3328	581	481	655
3328	2816	3328	703	477	655
3584	2816	3328	849	472	655
3840	2816	3328	1023	466	655
4095	2816	3328	1023	490	634
0	3072	3328	7	601	626
256	3072	3328	7	601	627
512	3072	3328	7	603	631
768	3072	3328	7	607	639
1024	3072	3328	7	562	599
1280	3072	3328	7	570	615
1536	3072	3328	7	579	637
1792	3072	3328	142	584	652
2048	3072	3328	244	581	652
2304	3072	3328	315	577	652
2560	3072	3328	378	573	652
2816	3072	3328	460	568	653
3072	3072	3328	559	562	653
3328	3072	3328	679	557	653
3584	3072	3328	824	551	653
3840	3072	3328	999	545	654
4095	3072	3328	1023	562	646
0	3328	3328	7	694	647
256	3328	3328	7	694	648
512	3328	3328	7	696	651
768	3328	3328	7	701	657
1024	3328	3328	7	708	665
1280	3328	3328	7	655	623
1536	3328	3328	7	667	635
1792	3328	3328	15	681	650
2048	3328	3328	213	677	650
2304	3328	3328	294	673	650
2560	3328	3328	360	669	651
2816	3328	3328	438	664	651
3072	3328	3328	535	658	651
3328	3328	3328	651	651	651
3584	3328	3328	795	645	651
3840	3328	3328	967	639	652
4095	3328	3328	1023	644	659
0	3584	3328	7	801	673
256	3584	3328	7	802	673
512	3584	3328	8	805	675
768	3584	3328	7	810	679
1024	3584	3328	7	818	683
1280	3584	3328	7	828	689
1536	3584	3328	7	769	640
1792	3584	3328	7	786	646
2048	3584	3328	169	792	648
2304	3584	3328	268	788	649
2560	3584	3328	339	783	649
2816	3584	3328	415	777	649
3072	3584	3328	509	771	649
3328	3584	3328	625	764	649
3584	3584	3328	763	757	650
3840	3584	3328	932	749	650
4095	3584	3328	1023	742	673
0	3840	3328	7	928	701
256	3840	3328	8	929	701
512	3840	3328	7	933	702
768	3840	3328	7	939	703
1024	3840	3328	7	948	704
1280	3840	3328	7	961	706
1536	3840	3328	8	887	651
1792	3840	3328	7	907	650
2048	3840	3328	79	928	647
2304	3840	3328	235	923	647
2560	3840	3328	317	917	647
2816	3840	3328	391	912	647
3072	3840	3328	481	905	647
3328	3840	3328	595	897	648
3584	3840	3328	731	889	648
3840	3840	3328	893	879	648
4095	3840	3328	1023	857	682
0	4095	3328	7	1022	701
256	4095	3328	7	1023	701
512	4095	3328	7	1023	699
768	4095	3328	7	1023	694
1024	4095	3328	7	1023	688
1280	4095	3328	15	1023	679
1536	4095	3328	7	1023	666
1792	4095	3328	7	1022	648
2048	4095	3328	241	1023	664
2304	4095	3328	300	1023	664
2560	4095	3328	352	1023	664
2816	4095	3328	414	1023	664
3072	4095	3328	492	1023	664
3328	4095	3328	589	1023	662
3584	4095	3328	708	1023	660
3840	4095	3328	855	1023	658
4095	4095	3328	1023	1004	692
0	0	3584	7	51	688
256	0	3584	7	44	701
512	0	3584	7	12	624
768	0	3584	109	7	627
1024	0	3584	166	7	628
1280	0	3584	214	7	629
1536	0	3584	258	7	632
1792	0	3584	301	7	636
2048	0	3584	342	7	639
2304	0	3584	390	7	644
2560	0	3584	450	7	649
2816	0	3584	523	7	655
3072	0	3584	610	7	662
3328	0	3584	713	7	670
3584	0	3584	833	7	676
3840	0	3584	978	7	683
4095	0	3584	1021	7	631
0	256	3584	7	70	686
256	256	3584	7	65	699
512	256	3584	7	34	624
768	256	3584	85	7	657
1024	256	3584	158	7	653
1280	256	3584	210	7	650
1536	256	3584	256	7	649
1792	256	3584	301	7	649
2048	256	3584	343	7	650
2304	256	3584	392	7	654
2560	256	3584	452	7	658
2816	256	3584	526	7	663
3072	256	3584	614	7	668
3328	256	3584	717	7	675
3584	256	3584	838	7	680
3840	256	3584	984	7	686
4095	256	3584	1022	7	631
0	512	3584	7	111	680
256	512	3584	7	108	692
512	512	3584	7	90	620
768	512	3584	7	61	699
1024	512	3584	104	9	768
1280	512	3584	192	7	744
1536	512	3584	250	7	725
1792	512	3584	300	7	711
2048	512	3584	346	7	700
2304	512	3584	397	7	694
2560	512	3584	460	7	690
2816	512	3584	536	7	689
3072	512	3584	626	7	690
3328	512	3584	732	7	692
3584	512	3584	855	7	694
3840	512	3584	1005	7	698
4095	512	3584	1023	17	630
0	768	3584	7	153	672
256	768	3584	7	152	682
512	768	3584	7	136	615
768	768	3584	7	125	686
1024	768	3584	89	108	768
1280	768	3584	182	101	768
1536	768	3584	243	92	768
1792	768	3584	297	78	768
2048	768	3584	347	55	768
2304	768	3584	405	19	768
2560	768	3584	473	7	751
2816	768	3584	555	7	738
3072	768	3584	649	7	729
3328	768	3584	760	7	723
3584	768	3584	889	7	720
3840	768	3584	1023	71	710
4095	768	3584	1023	98	632
0	1024	3584	7	195	660
256	1024	3584	7	195	671
512	1024	3584	7	179	608
768	1024	3584	7	173	670
1024	1024	3584	52	163	767
1280	1024	3584	172	160	767
1536	1024	3584	236	155	767
1792	1024	3584	292	149	768
2048	1024	3584	343	141	768
2304	1024	3584	401	132	768
2560	1024	3584	473	119	768
2816	1024	3584	563	102	768
3072	1024	3584	672	77	769
3328	1024	3584	803	27	769
3584	1024	3584	946	7	759
3840	1024	3584	1023	140	713
4095	1024	3584	1023	148	634
0	1280	3584	7	235	650
256	1280	3584	7	235	659
512	1280	3584	7	219	602
768	1280	3584	7	216	653
1024	1280	3584	7	211	751
1280	1280	3584	157	208	767
1536	1280	3584	227	204	767
1792	1280	3584	286	201	767
2048	1280	3584	337	196	767
2304	1280	3584	395	190	767
2560	1280	3584	467	183	768
2816	1280	3584	556	175	768
3072	1280	3584	664	165	768
3328	1280	3584	794	152	768
3584	1280	3584	952	137	769
3840	1280	3584	1023	190	717
4095	1280	3584	1023	191	638
0	1536	3584	7	275	643
256	1536	3584	7	257	574
512	1536	3584	7	257	596
768	1536	3584	7	256	640
1024	1536	3584	7	254	720
1280	1536	3584	134	251	766
1536	1536	3584	216	249	766
1792	1536	3584	277	246	766
2048	1536	3584	330	242	766
2304	1536	3584	387	238	767
2560	1536	3584	459	233	767
2816	1536	3584	547	228	767
3072	1536	3584	653	221	767
3328	1536	3584	783	213	768
3584	1536	3584	940	204	768
3840	1536	3584	1023	233	722
4095	1536	3584	1023	230	642
0	1792	3584	7	296	570
256	1792	3584	7	296	575
512	1792	3584	7	296	594
768	1792	3584	7	296	630
1024	1792	3584	7	296	694
1280	1792	3584	95	295	765
1536	1792	3584	199	292	765
1792	1792	3584	265	290	765
2048	1792	3584	321	287	765
2304	1792	3584	377	284	766
2560	1792	3584	449	280	766
2816	1792	3584	537	275	766
3072	1792	3584	642	270	766
3328	1792	3584	770	264	767
3584	1792	3584	925	257	767
3840	1792	3584	1023	275	729
4095	1792	3584	1023	268	647
0	2048	3584	7	332	576
256	2048	3584	7	332	580
512	2048	3584	7	332	595
768	2048	3584	7	333	624
1024	2048	3584	7	334	674
1280	2048	3584	7	334	756
1536	2048	3584	177	333	764
1792	2048	3584	251	331	764
2048	2048	3584	311	329	764
2304	2048	3584	367	326	764
2560	2048	3584	437	323	765
2816	2048	3584	524	319	765
3072	2048	3584	629	315	765
3328	2048	3584	754	311	765
3584	2048	3584	908	306	766
3840	2048	3584	1023	315	736
4095	2048	3584	1023	306	653
0	2304	3584	7	371	585
256	2304	3584	7	372	589
512	2304	3584	7	372	601
768	2304	3584	7	374	624
1024	2304	3584	7	376	662
1280	2304	3584	7	378	725
1536	2304	3584	144	378	763
1792	2304	3584	233	375	763
2048	2304	3584	298	373	763
2304	2304	3584	356	370	763
2560	2304	3584	423	367	764
2816	2304	3584	509	364	764
3072	2304	3584	614	360	764
3328	2304	3584	738	356	764
3584	2304	3584	886	351	764
3840	2304	3584	1023	355	744
4095	2304	3584	1023	384	689
0	2560	3584	7	454	659
256	2560	3584	7	454	662
512	2560	3584	7	423	611
768	2560	3584	7	424	629
1024	2560	3584	7	427	658
1280	2560	3584	7	431	705
1536	2560	3584	82	434	761
1792	2560	3584	209	432	762
2048	2560	3584	282	429	762
2304	2560	3584	342	426	762
2560	2560	3584	409	423	762
2816	2560	3584	491	419	762
3072	2560	3584	596	415	763
3328	2560	3584	719	410	763
3584	2560	3584	865	405	763
3840	2560	3584	1023	404	753
4095	2560	3584	1023	433	700
0	2816	3584	7	521	676
256	2816	3584	7	521	678
512	2816	3584	7	523	687
768	2816	3584	7	485	638
1024	2816	3584	7	488	660
1280	2816	3584	7	494	696
1536	2816	3584	7	500	744
1792	2816	3584	178	500	760
2048	2816	3584	262	497	760
2304	2816	3584	327	493	760
2560	2816	3584	392	489	760
2816	2816	3584	474	485	761
3072	2816	3584	575	481	761
3328	2816	3584	697	476	761
3584	2816	3584	842	471	762
3840	2816	3584	1020	465	762
4095	2816	3584	1023	490	712
0	3072	3584	7	601	696
256	3072	3584	7	602	698
512	3072	3584	7	603	705
768	3072	3584	7	607	716
1024	3072	3584	7	562	670
1280	3072	3584	7	569	695
1536	3072	3584	7	577	729
1792	3072	3584	126	583	758
2048	3072	3584	237	580	758
2304	3072	3584	310	576	758
2560	3072	3584	373	572	758
2816	3072	3584	455	567	759
3072	3072	3584	553	562	759
3328	3072	3584	673	556	759
3584	3072	3584	817	551	760
3840	3072	3584	991	544	760
4095	3072	3584	1023	561	725
0	3328	3584	7	694	720
256	3328	3584	8	695	721
512	3328	3584	7	697	726
768	3328	3584	7	701	734
1024	3328	3584	7	707	747
1280	3328	3584	7	655	701
1536	3328	3584	7	666	724
1792	3328	3584	7	678	753
2048	3328	3584	205	676	756
2304	3328	3584	289	672	756
2560	3328	3584	355	668	756
2816	3328	3584	433	662	756
3072	3328	3584	530	657	757
3328	3328	3584	646	650	757
3584	3328	3584	788	644	757
3840	3328	3584	960	638	758
4095	3328	3584	1023	644	739
0	3584	3584	7	802	745
256	3584	3584	8	803	746
512	3584	3584	7	806	749
768	3584	3584	7	811	755
1024	3584	3584	8	818	764
1280	3584	3584	7	755	714
1536	3584	3584	7	768	727
1792	3584	3584	7	783	744
2048	3584	3584	157	790	754
2304	3584	3584	262	786	754
2560	3584	3584	335	781	754
2816	3584	3584	410	776	755
3072	3584	3584	504	770	755
3328	3584	3584	619	763	755
3584	3584	3584	755	755	755
3840	3584	3584	925	748	755
4095	3584	3584	1023	744	755
0	3840	3584	7	929	774
256	3840	3584	8	930	775
512	3840	3584	7	933	777
768	3840	3584	7	939	781
1024	3840	3584	7	948	787
1280	3840	3584	7	960	794
1536	3840	3584	7	886	737
1792	3840	3584	7	905	744
2048	3840	3584	28	927	752
2304	3840	3584	228	922	752
2560	3840	3584	312	916	752
2816	3840	3584	386	910	752
3072	3840	3584	476	903	753
3328	3840	3584	589	896	753
3584	3840	3584	725	887	753
3840	3840	3584	885	878	753
4095	3840	3584	1023	860	769
0	4095	3584	7	1023	771
256	4095	3584	7	1021	769
512	4095	3584	7	1021	768
768	4095	3584	7	1021	765
1024	4095	3584	8	1020	761
1280	4095	3584	7	1023	757
1536	4095	3584	8	1021	748
1792	4095	3584	177	1023	751
2048	4095	3584	244	1023	752
2304	4095	3584	301	1023	753
2560	4095	3584	352	1023	755
2816	4095	3584	411	1023	754
3072	4095	3584	487	1023	756
3328	4095	3584	585	1023	757
3584	4095	3584	703	1023	758
3840	4095	3584	849	1023	757
4095	4095	3584	1023	1010	772
0	0	3840	7	56	779
256	0	3840	7	49	793
512	0	3840	7	20	701
768	0	3840	102	7	714
1024	0	3840	162	7	714
1280	0	3840	211	7	716
1536	0	3840	256	7	720
1792	0	3840	299	7	723
2048	0	3840	341	7	727
2304	0	3840	388	7	733
2560	0	3840	448	7	739
2816	0	3840	520	7	745
3072	0	3840	607	7	752
3328	0	3840	710	7	760
3584	0	3840	943	7	865
3840	0	3840	1021	7	810
4095	0	3840	1023	13	716
0	256	3840	7	73	776
256	256	3840	7	69	790
512	256	3840	7	40	701
768	256	3840	72	7	746
1024	256	3840	153	7	743
1280	256	3840	207	7	741
1536	256	3840	254	7	740
1792	256	3840	299	7	740
2048	256	3840	341	7	742
2304	256	3840	389	7	744
2560	256	3840	450	7	748
2816	256	3840	523	7	753
3072	256	3840	610	7	759
3328	256	3840	714	7	766
3584	256	3840	835	7	773
3840	256	3840	981	7	781
4095	256	3840	1021	7	715
0	512	3840	7	112	771
256	512	3840	7	110	785
512	512	3840	7	92	697
768	512	3840	7	65	779
1024	512	3840	90	7	870
1280	512	3840	186	7	848
1536	512	3840	245	7	827
1792	512	3840	297	7	812
2048	512	3840	342	7	800
2304	512	3840	394	7	792
2560	512	3840	456	7	788
2816	512	3840	532	7	786
3072	512	3840	622	7	786
3328	512	3840	728	7	789
3584	512	3840	851	7	792
3840	512	3840	1001	7	796
4095	512	3840	1022	7	715
0	768	3840	7	154	762
256	768	3840	7	153	775
512	768	3840	7	137	692
768	768	3840	7	126	767
1024	768	3840	42	104	893
1280	768	3840	170	97	893
1536	768	3840	235	87	893
1792	768	3840	291	71	893
2048	768	3840	342	45	893
2304	768	3840	400	7	889
2560	768	3840	468	7	864
2816	768	3840	549	7	848
3072	768	3840	643	7	837
3328	768	3840	753	7	830
3584	768	3840	882	7	826
3840	768	3840	1023	58	815
4095	768	3840	1023	95	718
0	1024	3840	7	195	752
256	1024	3840	7	195	762
512	1024	3840	7	179	686
768	1024	3840	7	174	752
1024	1024	3840	7	162	876
1280	1024	3840	159	157	892
1536	1024	3840	228	152	892
1792	1024	3840	286	146	893
2048	1024	3840	338	139	893
2304	1024	3840	396	129	893
2560	1024	3840	468	115	893
2816	1024	3840	557	98	893
3072	1024	3840	664	70	894
3328	1024	3840	795	15	894
3584	1024	3840	936	7	877
3840	1024	3840	1023	136	819
4095	1024	3840	1023	146	720
0	1280	3840	7	235	742
256	1280	3840	7	235	751
512	1280	3840	7	219	679
768	1280	3840	7	216	737
1024	1280	3840	7	211	844
1280	1280	3840	142	206	892
1536	1280	3840	219	203	892
1792	1280	3840	279	199	892
2048	1280	3840	332	194	892
2304	1280	3840	389	188	892
2560	1280	3840	461	181	893
2816	1280	3840	550	173	893
3072	1280	3840	656	162	893
3328	1280	3840	787	149	893
3584	1280	3840	943	134	894
3840	1280	3840	1023	187	824
4095	1280	3840	1023	190	725
0	1536	3840	7	275	733
256	1536	3840	7	275	741
512	1536	3840	7	257	673
768	1536	3840	7	256	723
1024	1536	3840	7	254	812
1280	1536	3840	114	250	891
1536	1536	3840	206	248	891
1792	1536	3840	270	245	891
2048	1536	3840	325	241	891
2304	1536	3840	382	237	892
2560	1536	3840	453	232	892
2816	1536	3840	541	226	892
3072	1536	3840	647	220	892
3328	1536	3840	776	212	893
3584	1536	3840	931	203	893
3840	1536	3840	1023	230	832
4095	1536	3840	1023	229	730
0	1792	3840	7	313	729
256	1792	3840	7	313	735
512	1792	3840	7	296	670
768	1792	3840	7	296	712
1024	1792	3840	7	296	784
1280	1792	3840	55	294	890
1536	1792	3840	189	292	890
1792	1792	3840	258	289	890
2048	1792	3840	317	286	890
2304	1792	3840	372	283	890
2560	1792	3840	443	279	890
2816	1792	3840	531	274	891
3072	1792	3840	636	269	891
3328	1792	3840	762	263	892
3584	1792	3840	917	256	892
3840	1792	3840	1023	272	841
4095	1792	3840	1023	267	736
0	2048	3840	7	352	728
256	2048	3840	7	332	651
512	2048	3840	7	333	670
768	2048	3840	7	333	705
1024	2048	3840	7	334	763
1280	2048	3840	7	333	859
1536	2048	3840	165	332	889
1792	2048	3840	243	330	889
2048	2048	3840	306	328	889
2304	2048	3840	362	325	889
2560	2048	3840	431	322	889
2816	2048	3840	518	319	890
3072	2048	3840	623	315	890
3328	2048	3840	747	310	890
3584	2048	3840	899	305	890
3840	2048	3840	1023	313	851
4095	2048	3840	1023	305	743
0	2304	3840	7	398	732
256	2304	3840	7	372	660
512	2304	3840	7	373	675
768	2304	3840	7	374	703
1024	2304	3840	7	375	749
1280	2304	3840	7	377	825
1536	2304	3840	126	377	887
1792	2304	3840	225	374	887
2048	2304	3840	293	372	887
2304	2304	3840	351	369	887
2560	2304	3840	418	367	888
2816	2304	3840	503	363	888
3072	2304	3840	607	359	889
3328	2304	3840	731	355	889
3584	2304	3840	878	351	889
3840	2304	3840	1023	353	863
4095	2304	3840	1023	341	751
0	2560	3840	7	454	742
256	2560	3840	7	454	745
512	2560	3840	7	423	684
768	2560	3840	7	424	707
1024	2560	3840	7	427	743
1280	2560	3840	7	430	801
1536	2560	3840	27	433	885
1792	2560	3840	200	431	886
2048	2560	3840	276	428	886
2304	2560	3840	337	425	886
2560	2560	3840	404	422	886
2816	2560	3840	485	418	886
3072	2560	3840	589	414	887
3328	2560	3840	712	409	887
3584	2560	3840	858	404	887
3840	2560	3840	1023	401	877
4095	2560	3840	1023	432	786
0	2816	3840	7	521	755
256	2816	3840	7	522	759
512	2816	3840	7	523	771
768	2816	3840	7	485	716
1024	2816	3840	7	488	744
1280	2816	3840	7	493	789
1536	2816	3840	7	499	853
1792	2816	3840	165	499	883
2048	2816	3840	255	496	884
2304	2816	3840	322	492	884
2560	2816	3840	387	488	884
2816	2816	3840	468	484	885
3072	2816	3840	568	480	885
3328	2816	3840	690	475	885
3584	2816	3840	835	470	886
3840	2816	3840	1012	464	886
4095	2816	3840	1023	489	800
0	3072	3840	7	601	776
256	3072	3840	7	602	779
512	3072	3840	7	604	788
768	3072	3840	7	607	805
1024	3072	3840	7	562	751
1280	3072	3840	7	568	785
1536	3072	3840	7	576	833
1792	3072	3840	104	582	882
2048	3072	3840	229	578	882
2304	3072	3840	305	575	882
2560	3072	3840	369	571	882
2816	3072	3840	449	566	882
3072	3072	3840	547	561	883
3328	3072	3840	666	555	883
3584	3072	3840	809	549	883
3840	3072	3840	983	543	884
4095	3072	3840	1023	560	816
0	3328	3840	7	694	801
256	3328	3840	7	695	803
512	3328	3840	7	697	810
768	3328	3840	7	701	822
1024	3328	3840	7	707	841
1280	3328	3840	7	654	790
1536	3328	3840	7	664	824
1792	3328	3840	7	675	868
2048	3328	3840	195	675	879
2304	3328	3840	283	671	879
2560	3328	3840	351	666	880
2816	3328	3840	427	661	880
3072	3328	3840	524	655	881
3328	3328	3840	640	649	881
3584	3328	3840	781	643	881
3840	3328	3840	952	637	882
4095	3328	3840	1023	643	833
0	3584	3840	7	803	829
256	3584	3840	7	804	830
512	3584	3840	7	807	835
768	3584	3840	7	811	844
1024	3584	3840	7	818	857
1280	3584	3840	7	755	801
1536	3584	3840	7	767	825
1792	3584	3840	7	781	854
2048	3584	3840	141	790	877
2304	3584	3840	255	785	877
2560	3584	3840	330	780	877
2816	3584	3840	405	775	878
3072	3584	3840	497	769	878
3328	3584	3840	613	762	878
3584	3584	3840	749	754	879
3840	3584	3840	916	747	879
4095	3584	3840	1023	743	850
0	3840	3840	7	931	859
256	3840	3840	7	932	859
512	3840	3840	7	935	863
768	3840	3840	7	940	869
1024	3840	3840	7	949	878
1280	3840	3840	7	960	893
1536	3840	3840	8	885	833
1792	3840	3840	7	902	851
2048	3840	3840	8	923	873
2304	3840	3840	220	920	875
2560	3840	3840	307	915	875
2816	3840	3840	380	909	875
3072	3840	3840	471	902	876
3328	3840	3840	583	894	876
3584	3840	3840	718	886	876
3840	3840	3840	877	877	876
4095	3840	3840	1023	863	869
0	4095	3840	8	1021	850
256	4095	3840	7	1022	850
512	4095	3840	7	1022	850
768	4095	3840	8	1022	850
1024	4095	3840	7	1021	848
1280	4095	3840	7	1021	847
1536	4095	3840	7	1022	845
1792	4095	3840	167	1023	848
2048	4095	3840	238	1023	850
2304	4095	3840	296	1023	854
2560	4095	3840	348	1023	857
2816	4095	3840	409	1023	860
3072	4095	3840	485	1023	864
3328	4095	3840	582	1023	867
3584	4095	3840	699	1023	871
3840	4095	3840	843	1023	874
4095	4095	3840	1023	1016	879
0	0	4095	7	61	881
256	0	4095	7	55	897
512	0	4095	7	28	955
768	0	4095	94	7	813
1024	0	4095	158	7	814
1280	0	4095	208	7	816
1536	0	4095	253	7	819
1792	0	4095	298	7	823
2048	0	4095	339	7	828
2304	0	4095	386	7	833
2560	0	4095	445	7	841
2816	0	4095	574	7	980
3072	0	4095	675	7	984
3328	0	4095	794	7	989
3584	0	4095	937	7	995
3840	0	4095	1022	7	929
4095	0	4095	1022	7	811
0	256	4095	7	77	878
256	256	4095	7	73	894
512	256	4095	7	52	954
768	256	4095	56	7	849
1024	256	4095	147	7	846
1280	256	4095	203	7	843
1536	256	4095	251	7	843
1792	256	4095	297	7	843
2048	256	4095	339	7	844
2304	256	4095	387	7	848
2560	256	4095	447	7	852
2816	256	4095	520	7	858
3072	256	4095	607	7	864
3328	256	4095	710	7	871
3584	256	4095	832	7	879
3840	256	4095	1023	7	931
4095	256	4095	1023	7	812
0	512	4095	7	114	874
256	512	4095	7	111	889
512	512	4095	7	102	945
768	512	4095	7	69	869
1024	512	4095	72	7	991
1280	512	4095	180	7	967
1536	512	4095	241	7	945
1792	512	4095	293	7	928
2048	512	4095	339	7	914
2304	512	4095	390	7	905
2560	512	4095	452	7	899
2816	512	4095	528	7	897
3072	512	4095	618	7	897
3328	512	4095	723	7	900
3584	512	4095	847	7	904
3840	512	4095	997	7	909
4095	512	4095	1023	14	813
0	768	4095	7	155	865
256	768	4095	7	153	878
512	768	4095	7	149	930
768	768	4095	7	127	859
1024	768	4095	7	103	1013
1280	768	4095	160	95	1023
1536	768	4095	229	87	1023
1792	768	4095	286	71	1023
2048	768	4095	337	49	1023
2304	768	4095	393	14	1023
2560	768	4095	462	7	998
2816	768	4095	543	7	978
3072	768	4095	637	7	964
3328	768	4095	747	7	955
3584	768	4095	875	7	950
3840	768	4095	1023	40	939
4095	768	4095	1023	91	815
0	1024	4095	7	196	856
256	1024	4095	7	195	866
512	1024	4095	7	192	913
768	1024	4095	7	174	846
1024	1024	4095	7	163	983
1280	1024	4095	148	156	1023
1536	1024	4095	222	152	1023
1792	1024	4095	281	146	1023
2048	1024	4095	332	139	1023
2304	1024	4095	389	130	1023
2560	1024	4095	460	119	1023
2816	1024	4095	547	104	1023
3072	1024	4095	650	85	1023
3328	1024	4095	777	49	1023
3584	1024	4095	924	7	1018
3840	1024	4095	1023	130	945
4095	1024	4095	1023	144	819
0	1280	4095	7	235	845
256	1280	4095	7	235	854
512	1280	4095	7	233	894
768	1280	4095	7	216	832
1024	1280	4095	7	211	950
1280	1280	4095	130	205	1023
1536	1280	4095	213	202	1023
1792	1280	4095	274	198	1023
2048	1280	4095	327	194	1023
2304	1280	4095	383	189	1023
2560	1280	4095	454	183	1023
2816	1280	4095	540	176	1023
3072	1280	4095	644	167	1023
3328	1280	4095	769	156	1023
3584	1280	4095	920	144	1023
3840	1280	4095	1023	183	953
4095	1280	4095	1023	188	824
0	1536	4095	7	275	836
256	1536	4095	7	275	844
512	1536	4095	7	274	876
768	1536	4095	7	256	817
1024	1536	4095	7	253	916
1280	1536	4095	99	249	1023
1536	1536	4095	200	247	1023
1792	1536	4095	265	244	1023
2048	1536	4095	321	241	1023
2304	1536	4095	375	237	1023
2560	1536	4095	446	233	1023
2816	1536	4095	532	228	1023
3072	1536	4095	636	222	1023
3328	1536	4095	759	215	1023
3584	1536	4095	909	208	1023
3840	1536	4095	1023	228	963
4095	1536	4095	1023	227	830
0	1792	4095	7	313	829
256	1792	4095	7	313	837
512	1792	4095	7	297	756
768	1792	4095	7	296	805
1024	1792	4095	7	295	886
1280	1792	4095	19	293	1023
1536	1792	4095	182	291	1023
1792	1792	4095	253	288	1023
2048	1792	4095	312	286	1023
2304	1792	4095	367	282	1023
2560	1792	4095	436	279	1023
2816	1792	4095	522	275	1023
3072	1792	4095	625	270	1023
3328	1792	4095	747	265	1023
3584	1792	4095	895	260	1023
3840	1792	4095	1023	270	975
4095	1792	4095	1023	266	838
0	2048	4095	7	352	827
256	2048	4095	7	352	833
512	2048	4095	7	333	755
768	2048	4095	7	333	797
1024	2048	4095	7	333	863
1280	2048	4095	7	333	978
1536	2048	4095	157	331	1023
1792	2048	4095	239	329	1023
2048	2048	4095	302	327	1023
2304	2048	4095	358	325	1023
2560	2048	4095	425	322	1023
2816	2048	4095	510	319	1023
3072	2048	4095	612	315	1023
3328	2048	4095	734	311	1023
3584	2048	4095	878	307	1023
3840	2048	4095	1023	310	991
4095	2048	4095	1023	303	848
0	2304	4095	7	398	829
256	2304	4095	7	398	834
512	2304	4095	7	373	759
768	2304	4095	7	374	793
1024	2304	4095	7	375	848
1280	2304	4095	7	376	939
1536	2304	4095	116	376	1023
1792	2304	4095	220	373	1023
2048	2304	4095	289	371	1023
2304	2304	4095	347	369	1023
2560	2304	4095	413	366	1023
2816	2304	4095	495	363	1023
3072	2304	4095	598	360	1023
3328	2304	4095	719	356	1023
3584	2304	4095	862	352	1023
3840	2304	4095	1023	351	1009
4095	2304	4095	1023	340	858
0	2560	4095	7	454	837
256	2560	4095	7	455	841
512	2560	4095	7	423	767
768	2560	4095	7	425	796
1024	2560	4095	7	427	840
1280	2560	4095	7	429	910
1536	2560	4095	7	432	1019
1792	2560	4095	195	430	1023
2048	2560	4095	272	427	1023
2304	2560	4095	334	424	1023
2560	2560	4095	399	421	1023
2816	2560	4095	479	417	1023
3072	2560	4095	581	414	1023
3328	2560	4095	701	410	1023
3584	2560	4095	843	405	1023
3840	2560	4095	1016	400	1023
4095	2560	4095	1023	431	883
0	2816	4095	7	522	850
256	2816	4095	7	522	854
512	2816	4095	7	524	867
768	2816	4095	7	485	804
1024	2816	4095	7	488	839
1280	2816	4095	7	492	893
1536	2816	4095	7	497	978
1792	2816	4095	159	497	1023
2048	2816	4095	251	494	1023
2304	2816	4095	319	491	1023
2560	2816	4095	383	487	1023
2816	2816	4095	463	483	1023
3072	2816	4095	561	479	1023
3328	2816	4095	680	475	1023
3584	2816	4095	822	470	1023
3840	2816	4095	993	465	1023
4095	2816	4095	1023	488	901
0	3072	4095	7	602	868
256	3072	4095	7	602	871
512	3072	4095	7	604	882
768	3072	4095	7	607	905
1024	3072	4095	7	562	845
1280	3072	4095	7	567	886
1536	3072	4095	7	574	952
1792	3072	4095	92	580	1023
2048	3072	4095	225	577	1023
2304	3072	4095	302	573	1023
2560	3072	4095	366	569	1023
2816	3072	4095	444	564	1023
3072	3072	4095	541	559	1023
3328	3072	4095	657	554	1023
3584	3072	4095	798	549	1023
3840	3072	4095	967	543	1023
4095	3072	4095	1023	559	920
0	3328	4095	7	695	893
256	3328	4095	8	695	896
512	3328	4095	7	697	905
768	3328	4095	7	701	923
1024	3328	4095	7	647	857
1280	3328	4095	7	653	889
1536	3328	4095	7	662	939
1792	3328	4095	8	673	1003
2048	3328	4095	189	673	1023
2304	3328	4095	279	669	1023
2560	3328	4095	348	664	1023
2816	3328	4095	423	659	1023
3072	3328	4095	518	653	1023
3328	3328	4095	633	648	1023
3584	3328	4095	770	642	1023
3840	3328	4095	937	636	1023
4095	3328	4095	1023	641	942
0	3584	4095	7	804	924
256	3584	4095	8	804	926
512	3584	4095	7	807	933
768	3584	4095	8	811	946
1024	3584	4095	8	817	967
1280	3584	4095	7	755	901
1536	3584	4095	7	765	937
1792	3584	4095	7	778	983
2048	3584	4095	130	787	1023
2304	3584	4095	250	783	1023
2560	3584	4095	327	778	1023
2816	3584	4095	401	772	1023
3072	3584	4095	492	766	1023
3328	3584	4095	607	760	1023
3584	3584	4095	742	753	1023
3840	3584	4095	904	746	1023
4095	3584	4095	1023	741	966
0	3840	4095	7	932	958
256	3840	4095	7	933	959
512	3840	4095	7	936	964
768	3840	4095	7	941	975
1024	3840	4095	7	949	989
1280	3840	4095	8	960	1009
1536	3840	4095	7	884	944
1792	3840	4095	7	900	976
2048	3840	4095	7	919	1016
2304	3840	4095	211	918	1023
2560	3840	4095	302	913	1023
2816	3840	4095	375	906	1023
3072	3840	4095	465	900	1023
3328	3840	4095	576	892	1023
3584	3840	4095	711	883	1023
3840	3840	4095	868	875	1023
4095	3840	4095	1023	862	992
0	4095	4095	11	1023	944
256	4095	4095	8	1021	942
512	4095	4095	7	1021	943
768	4095	4095	7	1023	947
1024	4095	4095	7	1022	948
1280	4095	4095	7	1021	950
1536	4095	4095	8	1021	955
1792	4095	4095	176	1023	962
2048	4095	4095	241	1023	967
2304	4095	4095	298	1023	972
2560	4095	4095	348	1023	978
2816	4095	4095	408	1023	985
3072	4095	4095	482	1023	991
3328	4095	4095	577	1023	998
3584	4095	4095	694	1023	1006
3840	4095	4095	838	1023	1014
4095	4095	4095	1023	1023	1023