0	0	0	0	0	0
62	0	0	113	0	6
123	0	0	182	0	8
185	0	0	229	0	12
254	0	0	295	0	4
308	0	0	368	0	9
386	0	0	495	0	19
451	0	0	615	0	23
482	0	0	686	0	25
513	0	0	760	0	25
544	0	0	843	0	26
575	0	0	939	0	27
606	0	0	1008	0	28
637	0	0	1023	0	23
668	0	0	1023	0	23
800	0	0	1023	0	5
924	0	0	1023	0	4
0	62	0	0	88	0
62	62	0	85	82	0
123	62	0	164	48	0
185	62	0	226	19	4
254	62	0	303	0	2
308	62	0	378	0	2
386	62	0	505	0	8
451	62	0	628	0	17
482	62	0	697	0	19
513	62	0	773	0	21
544	62	0	857	0	23
575	62	0	954	0	24
606	62	0	1012	0	25
637	62	0	1023	0	21
668	62	0	1023	0	22
800	62	0	1023	0	5
924	62	0	1023	0	4
0	123	0	0	128	31
62	123	0	13	127	0
123	123	0	118	115	0
185	123	0	200	89	0
254	123	0	292	61	0
308	123	0	378	40	0
386	123	0	523	8	1
451	123	0	666	0	1
482	123	0	738	0	2
513	123	0	818	0	2
544	123	0	904	0	3
575	123	0	998	0	9
606	123	0	1023	0	11
637	123	0	1023	0	13
668	123	0	1023	0	15
800	123	0	1023	0	5
924	123	0	1023	0	3
0	185	0	0	173	39
62	185	0	0	172	8
123	185	0	61	166	0
185	185	0	161	156	0
254	185	0	265	135	0
308	185	0	359	120	0
386	185	0	510	94	0
451	185	0	656	73	0
482	185	0	737	62	1
513	185	0	828	52	1
544	185	0	929	41	1
575	185	0	1007	30	1
606	185	0	1023	17	1
637	185	0	1023	2	1
668	185	0	1023	0	1
800	185	0	1023	0	3
924	185	0	1023	0	2
0	254	0	0	238	70
62	254	0	0	237	54
123	254	0	0	232	0
185	254	0	114	227	0
254	254	0	225	216	0
308	254	0	326	202	0
386	254	0	483	178	0
451	254	0	633	154	0
482	254	0	714	144	0
513	254	0	808	133	0
544	254	0	908	123	0
575	254	0	1001	113	0
606	254	0	1023	103	0
637	254	0	1023	93	0
668	254	0	1023	82	1
800	254	0	1023	19	1
924	254	0	1023	21	2
0	308	0	0	300	66
62	308	0	0	299	63
123	308	0	0	297	14
185	308	0	74	294	0
254	308	0	189	287	0
308	308	0	289	277	0
386	308	0	451	251	0
451	308	0	607	224	0
482	308	0	691	214	0
513	308	0	786	203	0
544	308	0	884	191	0
575	308	0	994	180	0
606	308	0	1023	169	0
637	308	0	1023	159	0
668	308	0	1023	148	0
800	308	0	1023	86	1
924	308	0	1023	72	2
0	386	0	0	398	75
62	386	0	0	398	67
123	386	0	0	398	42
185	386	0	2	399	0
254	386	0	136	393	0
308	386	0	229	387	0
386	386	0	388	370	0
451	386	0	549	350	0
482	386	0	637	337	0
513	386	0	734	326	0
544	386	0	833	312	0
575	386	0	957	300	0
606	386	0	1022	286	0
637	386	0	1023	273	0
668	386	0	1023	259	0
800	386	0	1023	178	0
924	386	0	1023	134	1
0	451	0	0	496	83
62	451	0	0	496	78
123	451	0	0	498	55
185	451	0	0	504	7
254	451	0	90	502	0
308	451	0	183	497	0
386	451	0	336	484	0
451	451	0	496	469	0
482	451	0	582	457	0
513	451	0	673	445	0
544	451	0	782	434	0
575	451	0	903	424	0
606	451	0	999	408	0
637	451	0	1023	391	0
668	451	0	1023	375	0
800	451	0	1023	275	0
924	451	0	1023	195	1
0	482	0	0	552	87
62	482	0	0	552	82
123	482	0	0	554	62
185	482	0	0	559	20
254	482	0	69	561	0
308	482	0	164	557	0
386	482	0	313	546	0
451	482	0	467	532	0
482	482	0	553	521	0
513	482	0	649	511	0
544	482	0	756	503	0
575	482	0	872	487	0
606	482	0	983	472	0
637	482	0	1023	457	0
668	482	0	1023	439	0
800	482	0	1023	329	0
924	482	0	1023	228	0
0	513	0	0	608	88
62	513	0	0	608	85
123	513	0	0	610	68
185	513	0	0	617	32
254	513	0	47	624	0
308	513	0	144	620	0
386	513	0	291	610	0
451	513	0	443	597	0
482	513	0	529	592	0
513	513	0	624	584	0
544	513	0	725	575	0
575	513	0	837	562	0
606	513	0	960	546	0
637	513	0	1023	529	0
668	513	0	1023	508	0
800	513	0	1023	392	0
924	513	0	1023	265	0
0	544	0	0	676	94
62	544	0	0	676	88
123	544	0	0	681	73
185	544	0	0	688	42
254	544	0	17	697	0
308	544	0	126	693	0
386	544	0	272	686	0
451	544	0	419	673	0
482	544	0	500	667	0
513	544	0	592	660	0
544	544	0	695	648	0
575	544	0	806	637	0
606	544	0	931	622	0
637	544	0	1023	605	0
668	544	0	1023	584	0
800	544	0	1023	460	0
924	544	0	1023	313	0
0	575	0	0	749	99
62	575	0	0	749	95
123	575	0	0	754	80
185	575	0	0	761	48
254	575	0	0	774	0
308	575	0	105	771	0
386	575	0	249	763	0
451	575	0	392	754	0
482	575	0	471	745	0
513	575	0	562	739	0
544	575	0	662	731	0
575	575	0	771	718	0
606	575	0	892	704	0
637	575	0	1020	685	0
668	575	0	1021	662	0
800	575	0	1023	537	0
924	575	0	1023	369	0
0	606	0	0	823	106
62	606	0	0	825	100
123	606	0	0	831	84
185	606	0	0	839	58
254	606	0	0	852	2
308	606	0	80	854	0
386	606	0	226	847	0
451	606	0	366	838	0
482	606	0	442	830	0
513	606	0	531	824	0
544	606	0	626	814	0
575	606	0	735	804	0
606	606	0	854	790	0
637	606	0	996	781	0
668	606	0	1012	754	0
800	606	0	1023	618	0
924	606	0	1023	430	0
0	637	0	0	902	113
62	637	0	0	905	107
123	637	0	0	909	92
185	637	0	0	923	66
254	637	0	0	940	17
308	637	0	56	950	0
386	637	0	200	943	0
451	637	0	338	932	0
482	637	0	413	926	0
513	637	0	496	917	0
544	637	0	592	913	0
575	637	0	701	904	0
606	637	0	823	898	0
637	637	0	961	885	0
668	637	0	1004	857	0
800	637	0	1023	704	0
924	637	0	1023	497	0
0	668	0	0	1005	122
62	668	0	0	1008	115
123	668	0	0	1008	87
185	668	0	0	1009	73
254	668	0	0	1009	26
308	668	0	23	1010	0
386	668	0	177	1009	0
451	668	0	311	1008	0
482	668	0	383	1006	0
513	668	0	469	1005	0
544	668	0	562	1005	0
575	668	0	663	997	0
606	668	0	778	988	0
637	668	0	906	976	0
668	668	0	975	951	0
800	668	0	1023	798	0
924	668	0	1023	576	0
0	800	0	0	1022	143
62	800	0	0	1022	138
123	800	0	0	1023	118
185	800	0	0	1023	93
254	800	0	0	1023	57
308	800	0	0	1023	12
386	800	0	63	1023	0
451	800	0	178	1023	0
482	800	0	234	1023	0
513	800	0	297	1023	0
544	800	0	370	1023	0
575	800	0	448	1023	0
606	800	0	539	1023	0
637	800	0	639	1023	0
668	800	0	753	1023	0
800	800	0	1023	1023	0
924	800	0	1023	924	0
0	924	0	0	1023	154
62	924	0	0	1023	151
123	924	0	0	1023	140
185	924	0	0	1023	129
254	924	0	0	1023	93
308	924	0	0	1023	66
386	924	0	0	1023	3
451	924	0	86	1023	0
482	924	0	142	1023	0
513	924	0	200	1023	0
544	924	0	263	1023	0
575	924	0	331	1023	0
606	924	0	411	1023	0
637	924	0	501	1023	0
668	924	0	601	1023	0
800	924	0	1008	1023	0
924	924	0	1023	1023	0
0	0	62	0	0	164
62	0	62	106	0	96
123	0	62	180	0	62
185	0	62	228	0	38
254	0	62	295	0	29
308	0	62	368	0	30
386	0	62	495	0	34
451	0	62	615	0	35
482	0	62	684	0	36
513	0	62	760	0	36
544	0	62	843	0	36
575	0	62	939	0	36
606	0	62	1008	0	35
637	0	62	1023	0	27
668	0	62	1023	0	28
800	0	62	1023	0	20
924	0	62	1023	0	7
0	62	62	0	87	86
62	62	62	83	83	83
123	62	62	163	48	65
185	62	62	224	19	32
254	62	62	303	0	10
308	62	62	378	0	17
386	62	62	505	0	26
451	62	62	626	0	31
482	62	62	697	0	31
513	62	62	773	0	32
544	62	62	857	0	33
575	62	62	951	0	33
606	62	62	1012	0	33
637	62	62	1023	0	26
668	62	62	1023	0	27
800	62	62	1023	0	18
924	62	62	1023	0	6
0	123	62	0	128	38
62	123	62	4	127	43
123	123	62	118	114	27
185	123	62	200	89	37
254	123	62	292	61	12
308	123	62	378	40	5
386	123	62	523	8	5
451	123	62	666	0	6
482	123	62	738	0	11
513	123	62	818	0	15
544	123	62	904	0	19
575	123	62	997	0	21
606	123	62	1023	0	20
637	123	62	1023	0	21
668	123	62	1023	0	21
800	123	62	1023	0	5
924	123	62	1023	0	4
0	185	62	0	172	57
62	185	62	0	171	37
123	185	62	60	166	13
185	185	62	161	156	4
254	185	62	265	135	9
308	185	62	359	120	4
386	185	62	510	94	3
451	185	62	656	73	4
482	185	62	737	62	4
513	185	62	828	52	4
544	185	62	926	41	5
575	185	62	1007	30	5
606	185	62	1023	17	6
637	185	62	1023	2	6
668	185	62	1023	0	6
800	185	62	1023	0	4
924	185	62	1023	0	3
0	254	62	0	238	72
62	254	62	0	235	66
123	254	62	0	232	3
185	254	62	113	227	3
254	254	62	225	216	3
308	254	62	326	202	3
386	254	62	483	178	3
451	254	62	631	154	3
482	254	62	714	144	3
513	254	62	808	133	2
544	254	62	908	123	2
575	254	62	1001	113	2
606	254	62	1023	103	2
637	254	62	1023	93	3
668	254	62	1023	82	4
800	254	62	1023	19	2
924	254	62	1023	21	3
0	308	62	0	299	75
62	308	62	0	299	65
123	308	62	0	297	31
185	308	62	72	295	2
254	308	62	188	287	2
308	308	62	288	276	2
386	308	62	451	251	2
451	308	62	607	224	2
482	308	62	691	214	2
513	308	62	786	203	2
544	308	62	884	191	2
575	308	62	994	180	2
606	308	62	1023	169	2
637	308	62	1023	159	2
668	308	62	1023	148	2
800	308	62	1023	86	2
924	308	62	1023	71	2
0	386	62	0	396	86
62	386	62	0	396	78
123	386	62	0	398	49
185	386	62	0	401	1
254	386	62	128	395	0
308	386	62	224	387	0
386	386	62	386	370	1
451	386	62	550	348	1
482	386	62	639	337	1
513	386	62	736	324	1
544	386	62	836	311	1
575	386	62	961	298	1
606	386	62	1023	285	1
637	386	62	1023	271	1
668	386	62	1023	258	1
800	386	62	1023	178	1
924	386	62	1023	133	2
0	451	62	0	494	94
62	451	62	0	496	88
123	451	62	0	498	66
185	451	62	0	502	23
254	451	62	74	505	0
308	451	62	171	500	0
386	451	62	328	487	0
451	451	62	492	469	0
482	451	62	580	458	0
513	451	62	673	445	0
544	451	62	786	432	0
575	451	62	906	422	0
606	451	62	1003	406	0
637	451	62	1023	389	0
668	451	62	1023	371	0
800	451	62	1023	270	1
924	451	62	1023	195	1
0	482	62	0	550	94
62	482	62	0	552	92
123	482	62	0	554	73
185	482	62	0	559	35
254	482	62	48	564	0
308	482	62	149	559	0
386	482	62	304	549	0
451	482	62	460	532	0
482	482	62	549	521	0
513	482	62	646	511	0
544	482	62	757	501	0
575	482	62	876	485	0
606	482	62	986	470	0
637	482	62	1023	452	0
668	482	62	1023	434	0
800	482	62	1023	321	0
924	482	62	1023	228	1
0	513	62	0	606	100
62	513	62	0	608	94
123	513	62	0	610	78
185	513	62	0	617	44
254	513	62	16	628	0
308	513	62	128	622	0
386	513	62	280	613	0
451	513	62	433	600	0
482	513	62	520	592	0
513	513	62	616	584	0
544	513	62	722	573	0
575	513	62	838	560	0
606	513	62	963	544	0
637	513	62	1023	524	0
668	513	62	1023	503	0
800	513	62	1023	382	0
924	513	62	1023	265	1
0	544	62	0	673	106
62	544	62	0	676	100
123	544	62	0	678	85
185	544	62	0	685	53
254	544	62	0	700	0
308	544	62	107	697	0
386	544	62	258	688	0
451	544	62	408	676	0
482	544	62	489	670	0
513	544	62	585	660	0
544	544	62	690	649	0
575	544	62	803	637	0
606	544	62	932	620	0
637	544	62	1023	602	0
668	544	62	1023	581	0
800	544	62	1023	450	0
924	544	62	1023	306	0
0	575	62	0	746	112
62	575	62	0	749	107
123	575	62	0	751	89
185	575	62	0	761	62
254	575	62	0	774	2
308	575	62	83	777	0
386	575	62	232	766	0
451	575	62	380	757	0
482	575	62	458	748	0
513	575	62	552	742	0
544	575	62	650	731	0
575	575	62	765	721	0
606	575	62	889	705	0
637	575	62	1020	685	0
668	575	62	1021	659	0
800	575	62	1023	525	0
924	575	62	1023	356	0
0	606	62	0	823	117
62	606	62	0	825	114
123	606	62	0	828	97
185	606	62	0	839	70
254	606	62	0	852	19
308	606	62	59	860	0
386	606	62	207	850	0
451	606	62	350	841	0
482	606	62	428	836	0
513	606	62	517	827	0
544	606	62	612	818	0
575	606	62	727	804	0
606	606	62	847	794	0
637	606	62	989	782	0
668	606	62	1012	754	0
800	606	62	1023	609	0
924	606	62	1023	416	0
0	637	62	0	902	124
62	637	62	0	905	119
123	637	62	0	909	104
185	637	62	0	923	77
254	637	62	0	940	31
308	637	62	29	953	0
386	637	62	184	946	0
451	637	62	323	936	0
482	637	62	398	929	0
513	637	62	483	925	0
544	637	62	580	917	0
575	637	62	689	908	0
606	637	62	813	899	0
637	637	62	956	888	0
668	637	62	1004	858	0
800	637	62	1023	698	0
924	637	62	1023	488	0
0	668	62	0	1005	133
62	668	62	0	1005	128
123	668	62	0	1008	102
185	668	62	0	1008	68
254	668	62	0	1009	18
308	668	62	0	1010	0
386	668	62	160	1010	0
451	668	62	294	1009	0
482	668	62	370	1006	0
513	668	62	452	1005	0
544	668	62	547	1005	0
575	668	62	651	998	0
606	668	62	764	989	0
637	668	62	895	977	0
668	668	62	973	952	0
800	668	62	1023	794	0
924	668	62	1023	565	0
0	800	62	0	1022	159
62	800	62	0	1022	154
123	800	62	0	1023	134
185	800	62	0	1023	131
254	800	62	0	1023	66
308	800	62	0	1023	25
386	800	62	41	1023	0
451	800	62	165	1023	0
482	800	62	220	1023	0
513	800	62	285	1023	0
544	800	62	356	1023	0
575	800	62	435	1023	0
606	800	62	525	1023	0
637	800	62	628	1023	0
668	800	62	741	1023	0
800	800	62	1023	1023	0
924	800	62	1023	922	0
0	924	62	0	1023	163
62	924	62	0	1023	160
123	924	62	0	1023	149
185	924	62	0	1023	138
254	924	62	0	1023	101
308	924	62	0	1023	73
386	924	62	0	1023	4
451	924	62	72	1023	0
482	924	62	129	1023	0
513	924	62	188	1023	0
544	924	62	251	1023	0
575	924	62	317	1023	0
606	924	62	397	1023	0
637	924	62	484	1023	0
668	924	62	584	1023	0
800	924	62	1000	1023	0
924	924	62	1023	1023	0
0	0	123	0	0	230
62	0	123	90	0	210
123	0	123	171	0	150
185	0	123	225	0	108
254	0	123	293	0	87
308	0	123	366	0	80
386	0	123	493	0	74
451	0	123	613	0	70
482	0	123	682	0	68
513	0	123	758	0	67
544	0	123	840	0	65
575	0	123	935	0	65
606	0	123	1006	0	64
637	0	123	1023	0	58
668	0	123	1023	0	58
800	0	123	1023	0	41
924	0	123	1023	0	35
0	62	123	0	84	199
62	62	123	67	73	186
123	62	123	156	45	139
185	62	123	222	18	105
254	62	123	301	0	80
308	62	123	376	0	74
386	62	123	503	0	70
451	62	123	626	0	66
482	62	123	695	0	65
513	62	123	770	0	64
544	62	123	854	0	63
575	62	123	950	0	63
606	62	123	1011	0	61
637	62	123	1023	0	56
668	62	123	1023	0	56
800	62	123	1023	0	40
924	62	123	1023	0	34
0	123	123	0	126	90
62	123	123	0	125	123
123	123	123	114	114	114
185	123	123	196	89	110
254	123	123	290	59	79
308	123	123	377	40	70
386	123	123	521	7	60
451	123	123	664	0	55
482	123	123	735	0	53
513	123	123	816	0	54
544	123	123	901	0	53
575	123	123	996	0	53
606	123	123	1023	0	50
637	123	123	1023	0	50
668	123	123	1023	0	49
800	123	123	1023	0	35
924	123	123	1023	0	28
0	185	123	0	171	95
62	185	123	0	170	84
123	185	123	56	166	84
185	185	123	158	155	75
254	185	123	264	135	81
308	185	123	358	120	70
386	185	123	508	94	61
451	185	123	654	73	52
482	185	123	732	62	49
513	185	123	826	51	48
544	185	123	926	41	46
575	185	123	1006	30	44
606	185	123	1023	17	41
637	185	123	1023	2	39
668	185	123	1023	0	36
800	185	123	1023	0	23
924	185	123	1023	0	18
0	254	123	0	235	110
62	254	123	0	234	99
123	254	123	0	232	67
185	254	123	112	227	65
254	254	123	224	216	61
308	254	123	324	202	66
386	254	123	482	177	59
451	254	123	631	154	51
482	254	123	714	143	49
513	254	123	806	133	47
544	254	123	905	123	43
575	254	123	1001	113	42
606	254	123	1023	103	40
637	254	123	1023	92	37
668	254	123	1023	82	34
800	254	123	1023	18	11
924	254	123	1023	21	13
0	308	123	0	297	116
62	308	123	0	297	106
123	308	123	0	296	73
185	308	123	69	295	55
254	308	123	187	286	54
308	308	123	287	276	51
386	308	123	449	250	54
451	308	123	604	225	48
482	308	123	690	214	47
513	308	123	786	203	45
544	308	123	882	190	43
575	308	123	994	180	40
606	308	123	1023	170	33
637	308	123	1023	158	32
668	308	123	1023	148	31
800	308	123	1023	86	10
924	308	123	1023	70	12
0	386	123	0	395	115
62	386	123	0	395	107
123	386	123	0	396	92
185	386	123	0	399	47
254	386	123	127	394	42
308	386	123	223	387	42
386	386	123	386	370	41
451	386	123	550	348	44
482	386	123	637	336	42
513	386	123	734	324	41
544	386	123	836	311	39
575	386	123	957	298	38
606	386	123	1023	285	36
637	386	123	1023	271	33
668	386	123	1023	258	33
800	386	123	1023	178	13
924	386	123	1023	133	7
0	451	123	0	492	128
62	451	123	0	492	122
123	451	123	0	496	100
185	451	123	0	502	66
254	451	123	72	503	34
308	451	123	170	500	34
386	451	123	328	487	34
451	451	123	492	469	33
482	451	123	580	458	34
513	451	123	673	445	35
544	451	123	786	432	33
575	451	123	906	420	33
606	451	123	1003	406	32
637	451	123	1023	389	30
668	451	123	1023	371	29
800	451	123	1023	271	13
924	451	123	1023	194	4
0	482	123	0	548	132
62	482	123	0	550	127
123	482	123	0	552	107
185	482	123	0	557	74
254	482	123	40	564	29
308	482	123	145	559	30
386	482	123	301	549	30
451	482	123	458	532	30
482	482	123	549	521	29
513	482	123	646	511	30
544	482	123	757	501	30
575	482	123	876	485	30
606	482	123	986	470	29
637	482	123	1023	453	26
668	482	123	1023	434	26
800	482	123	1023	322	6
924	482	123	1023	227	4
0	513	123	0	604	136
62	513	123	0	606	131
123	513	123	0	608	113
185	513	123	0	617	81
254	513	123	1	628	25
308	513	123	120	622	25
386	513	123	274	613	25
451	513	123	430	600	26
482	513	123	518	592	26
513	513	123	613	584	27
544	513	123	720	573	26
575	513	123	838	560	27
606	513	123	963	544	27
637	513	123	1023	524	24
668	513	123	1023	503	24
800	513	123	1023	381	8
924	513	123	1023	265	3
0	544	123	0	671	141
62	544	123	0	673	136
123	544	123	0	676	120
185	544	123	0	685	86
254	544	123	0	700	37
308	544	123	91	700	21
386	544	123	246	691	22
451	544	123	400	678	22
482	544	123	483	670	22
513	544	123	580	661	22
544	544	123	684	649	23
575	544	123	800	635	22
606	544	123	932	620	23
637	544	123	1023	602	22
668	544	123	1023	579	21
800	544	123	1023	450	9
924	544	123	1023	304	3
0	575	123	0	744	146
62	575	123	0	746	141
123	575	123	0	751	126
185	575	123	0	759	95
254	575	123	0	774	45
308	575	123	62	779	16
386	575	123	217	768	17
451	575	123	367	760	18
482	575	123	448	752	18
513	575	123	543	742	18
544	575	123	644	734	18
575	575	123	759	722	18
606	575	123	885	705	18
637	575	123	1020	682	19
668	575	123	1021	659	18
800	575	123	1023	522	8
924	575	123	1023	354	3
0	606	123	0	820	151
62	606	123	0	823	141
123	606	123	0	828	132
185	606	123	0	836	102
254	606	123	0	852	56
308	606	123	24	862	12
386	606	123	188	855	13
451	606	123	333	844	13
482	606	123	412	839	14
513	606	123	502	830	14
544	606	123	602	821	14
575	606	123	715	808	14
606	606	123	840	794	14
637	606	123	985	782	15
668	606	123	1012	754	15
800	606	123	1023	603	7
924	606	123	1023	413	2
0	637	123	0	899	156
62	637	123	0	902	151
123	637	123	0	905	136
185	637	123	0	919	110
254	637	123	0	940	65
308	637	123	0	960	14
386	637	123	161	953	8
451	637	123	301	944	9
482	637	123	379	934	9
513	637	123	466	929	9
544	637	123	562	920	10
575	637	123	674	912	10
606	637	123	799	902	10
637	637	123	945	889	10
668	637	123	1004	859	8
800	637	123	1023	694	6
924	637	123	1023	480	2
0	668	123	0	1001	162
62	668	123	0	1005	158
123	668	123	0	1008	143
185	668	123	0	1008	111
254	668	123	0	1009	73
308	668	123	0	1010	23
386	668	123	130	1010	1
451	668	123	268	1010	1
482	668	123	345	1007	2
513	668	123	427	1006	2
544	668	123	524	1005	2
575	668	123	632	1000	2
606	668	123	748	990	2
637	668	123	880	979	2
668	668	123	972	955	2
800	668	123	1023	790	4
924	668	123	1023	555	2
0	800	123	0	1022	164
62	800	123	0	1022	159
123	800	123	0	1023	183
185	800	123	0	1023	146
254	800	123	0	1023	93
308	800	123	0	1023	57
386	800	123	0	1023	1
451	800	123	122	1023	0
482	800	123	184	1023	0
513	800	123	246	1023	0
544	800	123	315	1023	0
575	800	123	397	1023	0
606	800	123	486	1023	0
637	800	123	590	1023	0
668	800	123	705	1023	0
800	800	123	1023	1023	0
924	800	123	1023	917	0
0	924	123	0	1023	191
62	924	123	0	1023	187
123	924	123	0	1023	177
185	924	123	0	1023	156
254	924	123	0	1023	132
308	924	123	0	1023	94
386	924	123	0	1023	37
451	924	123	4	1023	0
482	924	123	86	1023	0
513	924	123	147	1023	0
544	924	123	207	1023	0
575	924	123	276	1023	0
606	924	123	352	1023	0
637	924	123	439	1023	0
668	924	123	539	1023	0
800	924	123	976	1023	0
924	924	123	1023	1023	0
0	0	185	0	14	331
62	0	185	59	0	314
123	0	185	151	0	242
185	0	185	216	0	160
254	0	185	289	0	153
308	0	185	362	0	140
386	0	185	489	0	129
451	0	185	609	0	120
482	0	185	679	0	116
513	0	185	753	0	114
544	0	185	837	0	112
575	0	185	927	0	110
606	0	185	1003	0	108
637	0	185	1023	0	104
668	0	185	1023	0	103
800	0	185	1023	0	83
924	0	185	1023	0	72
0	62	185	0	70	272
62	62	185	38	57	275
123	62	185	140	40	229
185	62	185	213	15	184
254	62	185	296	0	152
308	62	185	372	0	138
386	62	185	499	0	126
451	62	185	621	0	117
482	62	185	690	0	114
513	62	185	768	0	112
544	62	185	851	0	110
575	62	185	942	0	108
606	62	185	1008	0	106
637	62	185	1023	0	102
668	62	185	1023	0	101
800	62	185	1023	0	81
924	62	185	1023	0	70
0	123	185	0	122	191
62	123	185	0	119	208
123	123	185	104	108	197
185	123	185	190	87	172
254	123	185	286	58	148
308	123	185	373	38	133
386	123	185	519	5	118
451	123	185	662	0	105
482	123	185	733	0	103
513	123	185	813	0	102
544	123	185	897	0	99
575	123	185	992	0	98
606	123	185	1023	0	95
637	123	185	1023	0	95
668	123	185	1023	0	94
800	123	185	1023	0	77
924	123	185	1023	0	65
0	185	185	0	169	163
62	185	185	0	168	163
123	185	185	47	163	159
185	185	185	154	154	154
254	185	185	260	134	153
308	185	185	356	118	136
386	185	185	506	94	117
451	185	185	651	71	104
482	185	185	730	61	100
513	185	185	823	51	96
544	185	185	922	40	92
575	185	185	1005	29	89
606	185	185	1023	15	86
637	185	185	1023	2	83
668	185	185	1023	0	81
800	185	185	1023	0	67
924	185	185	1023	0	57
0	254	185	0	231	151
62	254	185	0	232	146
123	254	185	0	231	137
185	254	185	107	226	133
254	254	185	220	216	126
308	254	185	322	202	133
386	254	185	480	178	120
451	254	185	629	154	106
482	254	185	712	143	101
513	254	185	803	133	96
544	254	185	905	123	91
575	254	185	1000	113	87
606	254	185	1023	103	85
637	254	185	1023	92	82
668	254	185	1023	81	79
800	254	185	1023	18	57
924	254	185	1023	19	52
0	308	185	0	294	155
62	308	185	0	294	150
123	308	185	0	294	127
185	308	185	64	295	120
254	308	185	184	286	119
308	308	185	285	276	110
386	308	185	448	250	117
451	308	185	601	225	102
482	308	185	688	213	98
513	308	185	784	202	95
544	308	185	882	190	91
575	308	185	993	180	85
606	308	185	1023	170	78
637	308	185	1023	158	77
668	308	185	1023	147	76
800	308	185	1023	86	57
924	308	185	1023	70	51
0	386	185	0	392	167
62	386	185	0	393	161
123	386	185	0	395	142
185	386	185	0	399	108
254	386	185	124	394	101
308	386	185	221	387	101
386	386	185	384	368	94
451	386	185	547	348	101
482	386	185	634	336	95
513	386	185	732	323	92
544	386	185	834	309	89
575	386	185	957	298	86
606	386	185	1022	284	83
637	386	185	1023	271	79
668	386	185	1023	258	78
800	386	185	1023	178	59
924	386	185	1023	132	49
0	451	185	0	490	171
62	451	185	0	490	166
123	451	185	0	494	152
185	451	185	0	500	118
254	451	185	69	503	89
308	451	185	168	498	89
386	451	185	325	486	89
451	451	185	490	469	85
482	451	185	578	458	84
513	451	185	671	444	89
544	451	185	783	432	84
575	451	185	903	421	82
606	451	185	1001	404	81
637	451	185	1023	387	77
668	451	185	1023	371	77
800	451	185	1023	271	59
924	451	185	1023	194	44
0	482	185	0	546	175
62	482	185	0	546	170
123	482	185	0	550	159
185	482	185	0	555	126
254	482	185	36	564	84
308	482	185	143	559	84
386	482	185	300	547	83
451	482	185	456	532	82
482	482	185	546	521	80
513	482	185	644	511	81
544	482	185	754	501	81
575	482	185	872	485	79
606	482	185	983	470	77
637	482	185	1023	453	73
668	482	185	1023	434	73
800	482	185	1023	322	49
924	482	185	1023	226	41
0	513	185	0	601	179
62	513	185	0	601	174
123	513	185	0	606	158
185	513	185	0	615	132
254	513	185	0	628	79
308	513	185	118	622	79
386	513	185	272	613	78
451	513	185	428	600	78
482	513	185	515	592	77
513	513	185	613	584	78
544	513	185	720	573	77
575	513	185	835	560	78
606	513	185	960	542	76
637	513	185	1023	524	72
668	513	185	1023	503	71
800	513	185	1023	381	50
924	513	185	1023	264	37
0	544	185	0	668	185
62	544	185	0	668	180
123	544	185	0	673	164
185	544	185	0	683	138
254	544	185	0	697	87
308	544	185	88	700	75
386	544	185	245	691	75
451	544	185	398	678	75
482	544	185	481	670	75
513	544	185	577	661	73
544	544	185	684	649	73
575	544	185	800	635	72
606	544	185	929	620	73
637	544	185	1023	602	71
668	544	185	1023	579	69
800	544	185	1023	448	50
924	544	185	1023	304	33
0	575	185	0	741	190
62	575	185	0	741	187
123	575	185	0	746	171
185	575	185	0	756	145
254	575	185	0	772	96
308	575	185	59	779	70
386	575	185	215	768	70
451	575	185	366	757	70
482	575	185	446	752	70
513	575	185	540	742	70
544	575	185	642	732	69
575	575	185	759	722	68
606	575	185	886	702	68
637	575	185	1020	683	68
668	575	185	1021	660	67
800	575	185	1023	522	50
924	575	185	1023	354	31
0	606	185	0	817	199
62	606	185	0	817	195
123	606	185	0	823	175
185	606	185	0	833	147
254	606	185	0	849	104
308	606	185	20	862	65
386	606	185	186	855	66
451	606	185	331	845	66
482	606	185	410	839	66
513	606	185	500	830	65
544	606	185	600	819	65
575	606	185	715	808	65
606	606	185	837	794	64
637	606	185	985	782	63
668	606	185	1012	752	64
800	606	185	1023	604	48
924	606	185	1023	414	30
0	637	185	0	897	198
62	637	185	0	897	192
123	637	185	0	902	180
185	637	185	0	916	155
254	637	185	0	936	114
308	637	185	0	960	67
386	637	185	159	953	61
451	637	185	298	944	61
482	637	185	378	934	61
513	637	185	463	929	61
544	637	185	562	920	61
575	637	185	672	912	61
606	637	185	799	902	60
637	637	185	941	889	59
668	637	185	1004	860	50
800	637	185	1023	692	46
924	637	185	1023	480	28
0	668	185	0	998	205
62	668	185	0	998	201
123	668	185	0	1005	189
185	668	185	0	1008	146
254	668	185	0	1009	117
308	668	185	0	1010	57
386	668	185	128	1010	46
451	668	185	267	1010	47
482	668	185	343	1007	47
513	668	185	425	1006	48
544	668	185	521	1005	48
575	668	185	629	1001	48
606	668	185	745	990	48
637	668	185	880	979	46
668	668	185	971	955	40
800	668	185	1023	790	43
924	668	185	1023	558	27
0	800	185	0	1022	232
62	800	185	0	1022	226
123	800	185	0	1022	208
185	800	185	0	1023	175
254	800	185	0	1023	130
308	800	185	0	1023	99
386	800	185	0	1023	29
451	800	185	119	1023	17
482	800	185	181	1023	18
513	800	185	244	1023	18
544	800	185	313	1023	19
575	800	185	395	1023	19
606	800	185	483	1023	20
637	800	185	587	1023	20
668	800	185	702	1023	20
800	800	185	1023	1023	21
924	800	185	1023	917	18
0	924	185	0	1023	222
62	924	185	0	1023	217
123	924	185	0	1023	219
185	924	185	0	1023	201
254	924	185	0	1023	167
308	924	185	0	1023	131
386	924	185	0	1023	77
451	924	185	0	1023	4
482	924	185	62	1023	4
513	924	185	124	1023	4
544	924	185	188	1023	4
575	924	185	257	1023	4
606	924	185	330	1023	4
637	924	185	418	1023	4
668	924	185	516	1023	4
800	924	185	966	1023	4
924	924	185	1023	1023	5
0	0	254	0	28	370
62	0	254	0	0	382
123	0	254	122	0	341
185	0	254	201	0	252
254	0	254	283	0	224
308	0	254	357	0	204
386	0	254	485	0	199
451	0	254	604	0	186
482	0	254	674	0	182
513	0	254	750	0	177
544	0	254	831	0	173
575	0	254	922	0	170
606	0	254	1001	0	167
637	0	254	1023	0	160
668	0	254	1023	0	159
800	0	254	1023	0	129
924	0	254	1023	0	112
0	62	254	0	59	337
62	62	254	0	41	363
123	62	254	114	31	336
185	62	254	198	9	287
254	62	254	288	0	243
308	62	254	366	0	206
386	62	254	495	0	199
451	62	254	617	0	184
482	62	254	686	0	180
513	62	254	762	0	175
544	62	254	844	0	171
575	62	254	935	0	168
606	62	254	1006	0	166
637	62	254	1023	0	159
668	62	254	1023	0	157
800	62	254	1023	0	128
924	62	254	1023	0	110
0	123	254	0	114	268
62	123	254	0	110	294
123	123	254	84	98	303
185	123	254	179	81	273
254	123	254	278	56	239
308	123	254	367	35	218
386	123	254	514	3	196
451	123	254	659	0	178
482	123	254	728	0	172
513	123	254	808	0	168
544	123	254	889	0	164
575	123	254	988	0	161
606	123	254	1022	0	159
637	123	254	1023	0	153
668	123	254	1023	0	152
800	123	254	1023	0	124
924	123	254	1023	0	104
0	185	254	0	165	225
62	185	254	0	163	236
123	185	254	28	160	224
185	185	254	145	149	250
254	185	254	254	131	230
308	185	254	349	117	215
386	185	254	501	93	194
451	185	254	647	71	176
482	185	254	727	60	169
513	185	254	821	50	164
544	185	254	919	39	158
575	185	254	1004	28	154
606	185	254	1023	14	148
637	185	254	1023	2	144
668	185	254	1023	0	140
800	185	254	1023	0	113
924	185	254	1023	0	93
0	254	254	0	228	216
62	254	254	0	228	218
123	254	254	0	228	221
185	254	254	100	224	218
254	254	254	214	214	214
308	254	254	315	201	219
386	254	254	476	176	199
451	254	254	626	153	175
482	254	254	707	143	169
513	254	254	801	132	163
544	254	254	899	122	157
575	254	254	999	112	152
606	254	254	1023	102	148
637	254	254	1023	91	143
668	254	254	1023	80	139
800	254	254	1023	17	103
924	254	254	1023	16	90
0	308	254	0	290	200
62	308	254	0	290	199
123	308	254	0	292	190
185	308	254	54	293	203
254	308	254	180	286	200
308	308	254	280	277	186
386	308	254	443	250	193
451	308	254	599	224	175
482	308	254	683	213	170
513	308	254	777	202	164
544	308	254	876	190	159
575	308	254	992	179	149
606	308	254	1023	169	147
637	308	254	1023	158	143
668	308	254	1023	147	138
800	308	254	1023	86	103
924	308	254	1023	68	88
0	386	254	0	389	219
62	386	254	0	389	216
123	386	254	0	391	201
185	386	254	0	398	169
254	386	254	119	394	175
308	386	254	217	388	174
386	386	254	379	369	166
451	386	254	543	347	173
482	386	254	632	336	166
513	386	254	729	324	161
544	386	254	830	310	157
575	386	254	950	299	151
606	386	254	1020	284	148
637	386	254	1023	270	141
668	386	254	1023	257	141
800	386	254	1023	177	108
924	386	254	1023	131	87
0	451	254	0	485	230
62	451	254	0	487	227
123	451	254	0	489	214
185	451	254	0	497	186
254	451	254	63	503	160
308	451	254	164	498	160
386	451	254	323	484	159
451	451	254	486	469	154
482	451	254	574	457	160
513	451	254	669	444	158
544	451	254	779	432	152
575	451	254	900	421	148
606	451	254	999	405	145
637	451	254	1023	388	139
668	451	254	1023	372	139
800	451	254	1023	270	110
924	451	254	1023	193	84
0	482	254	0	543	227
62	482	254	0	544	223
123	482	254	0	548	217
185	482	254	0	553	190
254	482	254	29	562	154
308	482	254	140	559	154
386	482	254	295	547	152
451	482	254	452	531	150
482	482	254	542	522	147
513	482	254	639	512	146
544	482	254	749	499	148
575	482	254	869	485	145
606	482	254	981	469	141
637	482	254	1023	451	134
668	482	254	1023	433	132
800	482	254	1023	321	95
924	482	254	1023	225	82
0	513	254	0	595	239
62	513	254	0	597	231
123	513	254	0	602	216
185	513	254	0	612	195
254	513	254	0	626	148
308	513	254	113	622	147
386	513	254	268	613	145
451	513	254	424	600	145
482	513	254	511	592	143
513	513	254	608	584	143
544	513	254	714	573	142
575	513	254	832	560	143
606	513	254	958	542	138
637	513	254	1023	525	134
668	513	254	1023	503	133
800	513	254	1023	381	99
924	513	254	1023	263	79
0	544	254	0	664	249
62	544	254	0	666	242
123	544	254	0	671	223
185	544	254	0	681	202
254	544	254	0	695	153
308	544	254	84	697	141
386	544	254	241	691	141
451	544	254	395	679	141
482	544	254	477	670	140
513	544	254	572	661	138
544	544	254	679	650	137
575	544	254	794	636	136
606	544	254	925	621	138
637	544	254	1023	601	131
668	544	254	1023	579	130
800	544	254	1023	449	101
924	544	254	1023	303	76
0	575	254	0	739	255
62	575	254	0	739	251
123	575	254	0	744	229
185	575	254	0	754	201
254	575	254	0	769	161
308	575	254	55	779	135
386	575	254	210	768	136
451	575	254	362	757	135
482	575	254	442	752	134
513	575	254	534	742	134
544	575	254	636	732	133
575	575	254	753	719	131
606	575	254	879	703	130
637	575	254	1017	683	130
668	575	254	1019	660	129
800	575	254	1023	523	103
924	575	254	1023	354	76
0	606	254	0	813	260
62	606	254	0	813	257
123	606	254	0	819	239
185	606	254	0	830	208
254	606	254	0	846	168
308	606	254	13	862	131
386	606	254	183	855	130
451	606	254	328	845	129
482	606	254	406	837	130
513	606	254	498	830	129
544	606	254	598	819	128
575	606	254	708	805	127
606	606	254	834	791	126
637	606	254	978	779	126
668	606	254	1012	753	125
800	606	254	1023	605	103
924	606	254	1023	413	75
0	637	254	0	894	265
62	637	254	0	894	260
123	637	254	0	899	247
185	637	254	0	912	216
254	637	254	0	933	175
308	637	254	0	957	132
386	637	254	156	953	124
451	637	254	294	944	123
482	637	254	373	934	124
513	637	254	459	929	124
544	637	254	558	920	124
575	637	254	669	909	124
606	637	254	792	903	123
637	637	254	937	889	122
668	637	254	1003	860	108
800	637	254	1023	693	102
924	637	254	1023	480	75
0	668	254	0	994	270
62	668	254	0	994	266
123	668	254	0	1001	253
185	668	254	0	1008	196
254	668	254	0	1009	179
308	668	254	0	1010	112
386	668	254	125	1010	113
451	668	254	264	1010	113
482	668	254	340	1007	114
513	668	254	422	1006	114
544	668	254	519	1005	114
575	668	254	625	1000	113
606	668	254	743	991	113
637	668	254	873	979	110
668	668	254	971	956	99
800	668	254	1023	789	100
924	668	254	1023	558	74
0	800	254	0	1022	269
62	800	254	0	1022	264
123	800	254	0	1022	243
185	800	254	0	1023	271
254	800	254	0	1023	181
308	800	254	0	1023	143
386	800	254	0	1023	90
451	800	254	116	1023	81
482	800	254	178	1023	81
513	800	254	241	1023	82
544	800	254	310	1023	82
575	800	254	392	1023	82
606	800	254	481	1023	81
637	800	254	585	1023	82
668	800	254	700	1023	81
800	800	254	1023	1023	79
924	800	254	1023	917	72
0	924	254	0	1023	292
62	924	254	0	1023	287
123	924	254	0	1023	276
185	924	254	0	1023	253
254	924	254	0	1023	214
308	924	254	0	1023	185
386	924	254	0	1023	127
451	924	254	0	1023	71
482	924	254	58	1023	66
513	924	254	122	1023	67
544	924	254	187	1023	67
575	924	254	254	1023	67
606	924	254	328	1023	67
637	924	254	414	1023	68
668	924	254	514	1023	68
800	924	254	964	1023	70
924	924	254	1023	1023	69
0	0	308	0	23	415
62	0	308	0	0	437
123	0	308	98	0	411
185	0	308	185	0	335
254	0	308	274	0	304
308	0	308	353	0	276
386	0	308	481	0	257
451	0	308	599	0	239
482	0	308	670	0	241
513	0	308	742	0	235
544	0	308	829	0	230
575	0	308	916	0	225
606	0	308	1000	0	222
637	0	308	1023	0	217
668	0	308	1023	0	214
800	0	308	1023	0	181
924	0	308	1023	0	150
0	62	308	0	49	389
62	62	308	0	34	433
123	62	308	88	20	413
185	62	308	181	0	378
254	62	308	278	0	314
308	62	308	360	0	282
386	62	308	491	0	259
451	62	308	612	0	240
482	62	308	681	0	241
513	62	308	755	0	234
544	62	308	842	0	229
575	62	308	932	0	224
606	62	308	1004	0	221
637	62	308	1023	0	215
668	62	308	1023	0	212
800	62	308	1023	0	179
924	62	308	1023	0	148
0	123	308	0	106	331
62	123	308	0	100	360
123	123	308	62	88	387
185	123	308	164	74	363
254	123	308	268	52	326
308	123	308	359	33	302
386	123	308	509	3	274
451	123	308	650	0	247
482	123	308	721	0	238
513	123	308	802	0	230
544	123	308	886	0	223
575	123	308	982	0	220
606	123	308	1021	0	216
637	123	308	1023	0	210
668	123	308	1023	0	207
800	123	308	1023	0	173
924	123	308	1023	0	142
0	185	308	0	161	281
62	185	308	0	159	297
123	185	308	5	154	307
185	185	308	135	146	337
254	185	308	245	130	316
308	185	308	343	116	299
386	185	308	497	92	270
451	185	308	643	69	246
482	185	308	722	59	235
513	185	308	818	49	228
544	185	308	916	38	220
575	185	308	1003	26	213
606	185	308	1023	12	206
637	185	308	1023	2	200
668	185	308	1023	0	195
800	185	308	1023	0	160
924	185	308	1023	0	131
0	254	308	0	225	267
62	254	308	0	225	272
123	254	308	0	226	295
185	254	308	92	222	285
254	254	308	208	211	298
308	254	308	309	200	286
386	254	308	470	176	264
451	254	308	620	152	242
482	254	308	704	143	235
513	254	308	798	131	227
544	254	308	896	122	218
575	254	308	998	111	213
606	254	308	1023	101	206
637	254	308	1023	91	200
668	254	308	1023	80	194
800	254	308	1023	16	148
924	254	308	1023	14	125
0	308	308	0	288	269
62	308	308	0	288	271
123	308	308	0	289	275
185	308	308	45	291	283
254	308	308	175	283	278
308	308	308	274	274	274
386	308	308	439	248	269
451	308	308	595	224	242
482	308	308	680	212	232
513	308	308	774	201	225
544	308	308	874	189	217
575	308	308	991	178	211
606	308	308	1023	168	204
637	308	308	1023	158	199
668	308	308	1023	147	193
800	308	308	1023	85	149
924	308	308	1023	67	124
0	386	308	0	385	259
62	386	308	0	386	257
123	386	308	0	389	249
185	386	308	0	394	233
254	386	308	114	392	247
308	386	308	212	385	244
386	386	308	375	369	232
451	386	308	539	346	245
482	386	308	627	335	232
513	386	308	726	324	225
544	386	308	827	310	220
575	386	308	947	297	212
606	386	308	1019	284	209
637	386	308	1023	270	198
668	386	308	1023	257	196
800	386	308	1023	177	148
924	386	308	1023	130	122
0	451	308	0	483	279
62	451	308	0	485	275
123	451	308	0	487	267
185	451	308	0	494	245
254	451	308	58	502	226
308	451	308	161	497	225
386	451	308	320	484	223
451	451	308	482	467	217
482	451	308	572	456	226
513	451	308	664	444	222
544	451	308	774	430	212
575	451	308	896	420	209
606	451	308	998	405	205
637	451	308	1023	388	195
668	451	308	1023	370	194
800	451	308	1023	271	157
924	451	308	1023	192	119
0	482	308	0	540	288
62	482	308	0	542	280
123	482	308	0	545	270
185	482	308	0	551	248
254	482	308	20	562	217
308	482	308	136	557	217
386	482	308	292	547	216
451	482	308	448	529	212
482	482	308	537	520	208
513	482	308	637	510	212
544	482	308	743	500	209
575	482	308	863	486	203
606	482	308	979	469	200
637	482	308	1023	452	190
668	482	308	1023	433	187
800	482	308	1023	322	138
924	482	308	1023	224	117
0	513	308	0	593	297
62	513	308	0	595	287
123	513	308	0	600	276
185	513	308	0	609	253
254	513	308	0	625	211
308	513	308	109	622	208
386	513	308	265	613	206
451	513	308	419	598	206
482	513	308	506	592	205
513	513	308	606	584	202
544	513	308	711	573	201
575	513	308	829	558	202
606	513	308	955	542	197
637	513	308	1023	523	189
668	513	308	1023	504	187
800	513	308	1023	382	144
924	513	308	1023	263	114
0	544	308	0	664	301
62	544	308	0	664	298
123	544	308	0	668	281
185	544	308	0	678	258
254	544	308	0	695	213
308	544	308	80	697	202
386	544	308	238	688	200
451	544	308	392	676	201
482	544	308	473	670	200
513	544	308	570	661	197
544	544	308	676	650	195
575	544	308	791	636	193
606	544	308	922	621	195
637	544	308	1023	601	188
668	544	308	1023	580	186
800	544	308	1023	449	148
924	544	308	1023	303	111
0	575	308	0	736	308
62	575	308	0	736	305
123	575	308	0	741	288
185	575	308	0	751	264
254	575	308	0	769	219
308	575	308	49	779	195
386	575	308	206	768	194
451	575	308	359	757	193
482	575	308	440	749	192
513	575	308	532	743	192
544	575	308	634	733	189
575	575	308	751	719	187
606	575	308	876	703	185
637	575	308	1013	684	188
668	575	308	1019	658	183
800	575	308	1023	524	150
924	575	308	1023	356	112
0	606	308	0	810	304
62	606	308	0	810	310
123	606	308	0	815	299
185	606	308	0	826	269
254	606	308	0	846	226
308	606	308	3	862	187
386	606	308	180	853	188
451	606	308	324	845	186
482	606	308	405	837	186
513	606	308	493	831	185
544	606	308	593	819	184
575	606	308	704	805	182
606	606	308	831	792	180
637	606	308	974	779	180
668	606	308	1012	753	180
800	606	308	1023	606	150
924	606	308	1023	414	112
0	637	308	0	891	311
62	637	308	0	891	308
123	637	308	0	897	295
185	637	308	0	909	274
254	637	308	0	929	234
308	637	308	0	953	189
386	637	308	152	953	179
451	637	308	291	941	179
482	637	308	370	934	180
513	637	308	454	929	179
544	637	308	555	920	178
575	637	308	664	909	178
606	637	308	789	900	177
637	637	308	935	886	177
668	637	308	1004	858	159
800	637	308	1023	693	150
924	637	308	1023	480	112
0	668	308	0	991	320
62	668	308	0	991	317
123	668	308	0	998	305
185	668	308	0	1008	277
254	668	308	0	1009	221
308	668	308	0	1010	161
386	668	308	123	1010	168
451	668	308	260	1010	167
482	668	308	337	1008	167
513	668	308	420	1006	167
544	668	308	514	1005	166
575	668	308	623	999	167
606	668	308	738	991	166
637	668	308	869	977	162
668	668	308	970	957	147
800	668	308	1023	790	148
924	668	308	1023	558	112
0	800	308	0	1022	369
62	800	308	0	1022	363
123	800	308	0	1022	343
185	800	308	0	1023	305
254	800	308	0	1023	222
308	800	308	0	1023	199
386	800	308	0	1023	139
451	800	308	113	1023	127
482	800	308	176	1023	127
513	800	308	237	1023	127
544	800	308	307	1023	127
575	800	308	390	1023	127
606	800	308	479	1023	127
637	800	308	580	1023	127
668	800	308	697	1023	126
800	800	308	1023	1023	123
924	800	308	1023	917	112
0	924	308	0	1023	343
62	924	308	0	1023	341
123	924	308	0	1023	326
185	924	308	0	1023	298
254	924	308	0	1023	279
308	924	308	0	1023	233
386	924	308	0	1023	174
451	924	308	0	1023	115
482	924	308	55	1023	108
513	924	308	120	1023	108
544	924	308	184	1023	108
575	924	308	252	1023	110
606	924	308	325	1023	110
637	924	308	413	1023	110
668	924	308	510	1023	111
800	924	308	964	1023	113
924	924	308	1023	1023	112
0	0	386	0	11	501
62	0	386	0	0	523
123	0	386	70	0	519
185	0	386	161	0	466
254	0	386	256	0	436
308	0	386	340	0	404
386	0	386	473	0	374
451	0	386	593	0	361
482	0	386	663	0	341
513	0	386	740	0	334
544	0	386	821	0	325
575	0	386	913	0	318
606	0	386	998	0	314
637	0	386	1023	0	314
668	0	386	1023	0	308
800	0	386	1023	0	262
924	0	386	1023	0	210
0	62	386	0	29	485
62	62	386	0	16	517
123	62	386	47	5	539
185	62	386	151	0	520
254	62	386	256	0	456
308	62	386	345	0	416
386	62	386	481	0	381
451	62	386	604	0	355
482	62	386	674	0	344
513	62	386	750	0	335
544	62	386	834	0	326
575	62	386	925	0	320
606	62	386	1002	0	314
637	62	386	1023	0	313
668	62	386	1023	0	307
800	62	386	1023	0	260
924	62	386	1023	0	208
0	123	386	0	94	445
62	123	386	0	90	469
123	123	386	17	73	526
185	123	386	139	62	509
254	123	386	248	45	478
308	123	386	345	28	452
386	123	386	499	2	412
451	123	386	639	0	373
482	123	386	713	0	357
513	123	386	792	0	346
544	123	386	878	0	334
575	123	386	975	0	324
606	123	386	1019	0	318
637	123	386	1023	0	311
668	123	386	1023	0	305
800	123	386	1023	0	254
924	123	386	1023	0	203
0	185	386	0	154	396
62	185	386	0	152	414
123	185	386	0	143	491
185	185	386	116	135	485
254	185	386	229	125	466
308	185	386	328	112	448
386	185	386	487	89	408
451	185	386	633	68	374
482	185	386	715	57	359
513	185	386	807	47	348
544	185	386	906	36	334
575	185	386	1001	24	324
606	185	386	1023	9	315
637	185	386	1023	1	307
668	185	386	1023	0	297
800	185	386	1023	0	239
924	185	386	1023	0	192
0	254	386	0	222	366
62	254	386	0	222	377
123	254	386	0	221	422
185	254	386	76	216	430
254	254	386	196	206	447
308	254	386	297	195	432
386	254	386	461	172	401
451	254	386	611	151	370
482	254	386	695	140	356
513	254	386	790	131	346
544	254	386	886	119	334
575	254	386	995	110	325
606	254	386	1023	100	315
637	254	386	1023	89	305
668	254	386	1023	79	295
800	254	386	1023	14	226
924	254	386	1023	10	185
0	308	386	0	284	355
62	308	386	0	285	360
123	308	386	0	286	385
185	308	386	22	286	382
254	308	386	164	279	381
308	308	386	262	269	414
386	308	386	428	245	388
451	308	386	586	223	364
482	308	386	670	210	354
513	308	386	765	199	345
544	308	386	867	188	332
575	308	386	986	177	324
606	308	386	1023	167	314
637	308	386	1023	157	304
668	308	386	1023	146	294
800	308	386	1023	85	228
924	308	386	1023	65	185
0	386	386	0	382	356
62	386	386	0	383	358
123	386	386	0	385	364
185	386	386	0	391	374
254	386	386	104	390	379
308	386	386	204	382	373
386	386	386	367	367	367
451	386	386	530	345	372
482	386	386	619	334	362
513	386	386	717	321	344
544	386	386	819	308	328
575	386	386	940	297	321
606	386	386	1015	284	312
637	386	386	1023	269	303
668	386	386	1023	256	294
800	386	386	1023	177	229
924	386	386	1023	128	183
0	451	386	0	481	364
62	451	386	0	481	364
123	451	386	0	485	351
185	451	386	0	492	346
254	451	386	45	500	347
308	451	386	153	494	347
386	451	386	312	482	344
451	451	386	475	468	334
482	451	386	561	456	348
513	451	386	656	441	341
544	451	386	764	431	327
575	451	386	887	419	321
606	451	386	994	404	314
637	451	386	1023	387	301
668	451	386	1023	371	300
800	451	386	1023	270	231
924	451	386	1023	190	180
0	482	386	0	537	372
62	482	386	0	539	369
123	482	386	0	543	354
185	482	386	0	548	344
254	482	386	2	561	335
308	482	386	128	557	337
386	482	386	285	544	332
451	482	386	443	530	327
482	482	386	530	520	321
513	482	386	628	509	328
544	482	386	737	500	322
575	482	386	854	484	314
606	482	386	975	468	309
637	482	386	1023	452	293
668	482	386	1023	434	290
800	482	386	1023	323	214
924	482	386	1023	224	178
0	513	386	0	591	377
62	513	386	0	592	377
123	513	386	0	597	361
185	513	386	0	606	349
254	513	386	0	620	327
308	513	386	100	620	322
386	513	386	258	611	320
451	513	386	411	598	319
482	513	386	498	590	317
513	513	386	598	582	313
544	513	386	704	570	318
575	513	386	820	557	316
606	513	386	948	541	304
637	513	386	1023	524	292
668	513	386	1023	503	289
800	513	386	1023	382	221
924	513	386	1023	260	176
0	544	386	0	661	384
62	544	386	0	661	384
123	544	386	0	666	373
185	544	386	0	676	354
254	544	386	0	690	321
308	544	386	72	696	314
386	544	386	230	689	313
451	544	386	384	677	311
482	544	386	468	668	309
513	544	386	563	657	306
544	544	386	668	647	304
575	544	386	786	633	309
606	544	386	912	620	304
637	544	386	1023	600	290
668	544	386	1023	577	287
800	544	386	1023	448	227
924	544	386	1023	303	174
0	575	386	0	732	395
62	575	386	0	732	393
123	575	386	0	737	385
185	575	386	0	747	357
254	575	386	0	763	323
308	575	386	38	774	304
386	575	386	200	766	304
451	575	386	352	757	301
482	575	386	432	750	299
513	575	386	526	740	299
544	575	386	626	731	298
575	575	386	742	719	293
606	575	386	867	703	289
637	575	386	1006	682	295
668	575	386	1019	658	285
800	575	386	1023	523	232
924	575	386	1023	354	175
0	606	386	0	807	401
62	606	386	0	807	399
123	606	386	0	812	390
185	606	386	0	822	361
254	606	386	0	839	328
308	606	386	0	861	293
386	606	386	173	853	293
451	606	386	318	840	291
482	606	386	398	837	291
513	606	386	487	828	290
544	606	386	586	820	289
575	606	386	695	806	287
606	606	386	824	792	282
637	606	386	966	779	281
668	606	386	1012	755	281
800	606	386	1023	604	234
924	606	386	1023	414	175
0	637	386	0	888	406
62	637	386	0	888	404
123	637	386	0	894	395
185	637	386	0	905	366
254	637	386	0	926	333
308	637	386	0	950	289
386	637	386	146	950	282
451	637	386	286	941	282
482	637	386	365	934	281
513	637	386	448	924	281
544	637	386	548	920	280
575	637	386	658	909	280
606	637	386	783	900	278
637	637	386	927	887	276
668	637	386	1004	860	246
800	637	386	1023	695	235
924	637	386	1023	482	176
0	668	386	0	987	406
62	668	386	0	987	403
123	668	386	0	994	400
185	668	386	0	1008	377
254	668	386	0	1009	310
308	668	386	0	1009	247
386	668	386	116	1010	271
451	668	386	255	1010	271
482	668	386	331	1008	270
513	668	386	413	1006	270
544	668	386	508	1005	270
575	668	386	614	1000	267
606	668	386	732	991	266
637	668	386	863	977	261
668	668	386	971	958	235
800	668	386	1023	791	234
924	668	386	1023	558	177
0	800	386	0	1022	417
62	800	386	0	1022	412
123	800	386	0	1022	381
185	800	386	0	1022	428
254	800	386	0	1023	304
308	800	386	0	1023	284
386	800	386	0	1023	222
451	800	386	108	1023	208
482	800	386	171	1023	208
513	800	386	232	1023	208
544	800	386	303	1023	209
575	800	386	385	1023	208
606	800	386	473	1023	207
637	800	386	576	1023	207
668	800	386	691	1023	206
800	800	386	1023	1023	199
924	800	386	1023	922	181
0	924	386	0	1023	428
62	924	386	0	1023	426
123	924	386	0	1023	409
185	924	386	0	1023	408
254	924	386	0	1023	363
308	924	386	0	1023	320
386	924	386	0	1023	257
451	924	386	0	1023	191
482	924	386	49	1023	183
513	924	386	116	1023	183
544	924	386	181	1023	183
575	924	386	248	1023	184
606	924	386	321	1023	184
637	924	386	407	1023	185
668	924	386	505	1023	185
800	924	386	960	1023	188
924	924	386	1023	1023	185
0	0	451	0	5	587
62	0	451	0	0	611
123	0	451	50	0	623
185	0	451	143	0	592
254	0	451	242	0	565
308	0	451	327	0	532
386	0	451	464	0	495
451	0	451	588	0	477
482	0	451	656	0	464
513	0	451	732	0	442
544	0	451	818	0	431
575	0	451	904	0	423
606	0	451	997	0	416
637	0	451	1023	0	376
668	0	451	1023	0	378
800	0	451	1023	0	346
924	0	451	1023	0	276
0	62	451	0	20	576
62	62	451	0	9	599
123	62	451	4	0	662
185	62	451	126	0	652
254	62	451	238	0	593
308	62	451	329	0	552
386	62	451	470	0	507
451	62	451	596	0	473
482	62	451	665	0	458
513	62	451	742	0	448
544	62	451	828	0	434
575	62	451	920	0	425
606	62	451	1001	0	419
637	62	451	1023	0	377
668	62	451	1023	0	379
800	62	451	1023	0	344
924	62	451	1023	0	274
0	123	451	0	87	542
62	123	451	0	81	569
123	123	451	0	61	655
185	123	451	117	53	646
254	123	451	227	38	626
308	123	451	327	22	600
386	123	451	485	2	558
451	123	451	626	0	505
482	123	451	700	0	477
513	123	451	784	0	463
544	123	451	868	0	447
575	123	451	965	0	436
606	123	451	1016	0	427
637	123	451	1023	0	381
668	123	451	1023	0	382
800	123	451	1023	0	337
924	123	451	1023	0	268
0	185	451	0	148	497
62	185	451	0	145	518
123	185	451	0	135	611
185	185	451	96	127	633
254	185	451	210	117	620
308	185	451	312	106	595
386	185	451	472	85	551
451	185	451	621	65	508
482	185	451	705	55	490
513	185	451	797	45	479
544	185	451	897	33	459
575	185	451	998	21	446
606	185	451	1023	6	429
637	185	451	1023	1	419
668	185	451	1023	0	406
800	185	451	1023	0	323
924	185	451	1023	0	256
0	254	451	0	218	462
62	254	451	0	218	478
123	254	451	0	214	539
185	254	451	55	209	578
254	254	451	182	200	595
308	254	451	281	192	581
386	254	451	445	169	545
451	254	451	599	150	507
482	254	451	684	139	489
513	254	451	779	129	476
544	254	451	875	119	458
575	254	451	992	108	445
606	254	451	1023	99	429
637	254	451	1023	88	417
668	254	451	1023	78	413
800	254	451	1023	13	311
924	254	451	1023	6	246
0	308	451	0	283	433
62	308	451	0	282	445
123	308	451	0	283	489
185	308	451	2	281	523
254	308	451	151	273	521
308	308	451	249	263	560
386	308	451	416	242	529
451	308	451	576	220	498
482	308	451	660	209	485
513	308	451	757	198	470
544	308	451	856	187	457
575	308	451	974	177	446
606	308	451	1023	166	431
637	308	451	1023	155	419
668	308	451	1023	145	406
800	308	451	1023	84	320
924	308	451	1023	63	246
0	386	451	0	380	432
62	386	451	0	380	437
123	386	451	0	383	455
185	386	451	0	387	491
254	386	451	93	384	481
308	386	451	193	379	480
386	386	451	357	362	503
451	386	451	519	343	483
482	386	451	610	332	475
513	386	451	707	319	463
544	386	451	808	307	449
575	386	451	928	296	443
606	386	451	1012	283	432
637	386	451	1023	269	419
668	386	451	1023	255	407
800	386	451	1023	177	319
924	386	451	1023	127	244
0	451	451	0	478	473
62	451	451	0	479	450
123	451	451	0	483	453
185	451	451	0	489	464
254	451	451	31	496	479
308	451	451	144	492	477
386	451	451	303	480	472
451	451	451	465	465	465
482	451	451	553	454	477
513	451	451	647	441	470
544	451	451	755	429	460
575	451	451	877	417	440
606	451	451	986	404	433
637	451	451	1023	386	415
668	451	451	1023	370	403
800	451	451	1023	270	320
924	451	451	1023	188	242
0	482	451	0	537	464
62	482	451	0	537	464
123	482	451	0	541	452
185	482	451	0	546	456
254	482	451	0	558	463
308	482	451	119	554	463
386	482	451	278	543	456
451	482	451	434	526	449
482	482	451	521	516	442
513	482	451	620	507	450
544	482	451	729	497	444
575	482	451	844	483	440
606	482	451	968	468	425
637	482	451	1023	451	403
668	482	451	1023	433	399
800	482	451	1023	322	321
924	482	451	1023	221	240
0	513	451	0	590	451
62	513	451	0	590	451
123	513	451	0	593	452
185	513	451	0	602	440
254	513	451	0	617	446
308	513	451	90	619	444
386	513	451	249	609	440
451	513	451	406	595	439
482	513	451	492	590	438
513	513	451	591	583	433
544	513	451	694	571	438
575	513	451	814	555	433
606	513	451	942	539	421
637	513	451	1023	523	402
668	513	451	1023	501	398
800	513	451	1023	383	306
924	513	451	1023	259	237
0	544	451	0	659	463
62	544	451	0	661	463
123	544	451	0	664	460
185	544	451	0	673	444
254	544	451	0	687	432
308	544	451	63	694	434
386	544	451	223	684	433
451	544	451	376	673	430
482	544	451	460	667	427
513	544	451	554	657	425
544	544	451	657	646	417
575	544	451	775	632	425
606	544	451	903	619	420
637	544	451	1023	599	401
668	544	451	1023	578	398
800	544	451	1023	450	315
924	544	451	1023	303	238
0	575	451	0	729	474
62	575	451	0	731	474
123	575	451	0	736	469
185	575	451	0	743	449
254	575	451	0	758	429
308	575	451	26	774	421
386	575	451	193	766	421
451	575	451	345	754	418
482	575	451	426	749	416
513	575	451	519	740	414
544	575	451	619	728	411
575	575	451	735	715	406
606	575	451	858	701	413
637	575	451	995	683	408
668	575	451	1019	657	394
800	575	451	1023	524	322
924	575	451	1023	356	238
0	606	451	0	804	483
62	606	451	0	807	483
123	606	451	0	812	478
185	606	451	0	820	452
254	606	451	0	836	428
308	606	451	0	855	408
386	606	451	167	852	406
451	606	451	311	840	405
482	606	451	391	832	405
513	606	451	480	826	402
544	606	451	579	816	400
575	606	451	691	803	398
606	606	451	814	789	391
637	606	451	959	776	397
668	606	451	1012	753	389
800	606	451	1023	605	325
924	606	451	1023	414	240
0	637	451	0	885	481
62	637	451	0	888	478
123	637	451	0	893	469
185	637	451	0	902	457
254	637	451	0	923	433
308	637	451	0	946	399
386	637	451	139	950	392
451	637	451	279	941	391
482	637	451	359	931	390
513	637	451	442	924	391
544	637	451	541	916	389
575	637	451	651	906	388
606	637	451	773	900	388
637	637	451	915	888	384
668	637	451	999	861	340
800	637	451	1023	695	325
924	637	451	1023	482	242
0	668	451	0	984	494
62	668	451	0	987	491
123	668	451	0	994	483
185	668	451	0	1005	468
254	668	451	0	1009	419
308	668	451	0	1009	344
386	668	451	109	1010	377
451	668	451	249	1009	377
482	668	451	324	1008	376
513	668	451	408	1005	378
544	668	451	502	1005	378
575	668	451	607	1000	375
606	668	451	722	992	372
637	668	451	853	977	368
668	668	451	967	956	325
800	668	451	1023	790	323
924	668	451	1023	560	244
0	800	451	0	1022	553
62	800	451	0	1022	546
123	800	451	0	1022	522
185	800	451	0	1022	473
254	800	451	0	1023	403
308	800	451	0	1023	358
386	800	451	0	1023	292
451	800	451	102	1023	293
482	800	451	166	1023	293
513	800	451	227	1023	293
544	800	451	298	1023	292
575	800	451	379	1023	292
606	800	451	466	1023	291
637	800	451	568	1023	290
668	800	451	683	1023	290
800	800	451	1023	1023	279
924	800	451	1023	922	252
0	924	451	0	1023	532
62	924	451	0	1023	526
123	924	451	0	1023	513
185	924	451	0	1023	487
254	924	451	0	1023	471
308	924	451	0	1023	409
386	924	451	0	1023	337
451	924	451	0	1023	270
482	924	451	41	1023	257
513	924	451	111	1023	257
544	924	451	176	1023	258
575	924	451	243	1023	259
606	924	451	317	1023	260
637	924	451	402	1023	260
668	924	451	499	1023	262
800	924	451	955	1023	267
924	924	451	1023	1023	262
0	0	482	0	3	636
62	0	482	0	0	658
123	0	482	42	0	680
185	0	482	136	0	665
254	0	482	234	0	635
308	0	482	322	0	609
386	0	482	459	0	570
451	0	482	583	0	537
482	0	482	652	0	525
513	0	482	728	0	510
544	0	482	814	0	493
575	0	482	904	0	482
606	0	482	996	0	474
637	0	482	1023	0	438
668	0	482	1023	0	435
800	0	482	1023	0	401
924	0	482	1023	0	311
0	62	482	0	18	629
62	62	482	0	6	651
123	62	482	2	0	736
185	62	482	117	0	721
254	62	482	228	0	667
308	62	482	321	0	628
386	62	482	464	0	579
451	62	482	590	0	539
482	62	482	661	0	524
513	62	482	741	0	509
544	62	482	824	0	497
575	62	482	917	0	485
606	62	482	1000	0	476
637	62	482	1023	0	438
668	62	482	1023	0	436
800	62	482	1023	0	399
924	62	482	1023	0	308
0	123	482	0	83	608
62	123	482	0	78	631
123	123	482	0	57	723
185	123	482	105	49	722
254	123	482	216	35	706
308	123	482	317	19	681
386	123	482	476	2	634
451	123	482	617	0	580
482	123	482	693	0	548
513	123	482	776	0	533
544	123	482	864	0	512
575	123	482	962	0	500
606	123	482	1015	0	488
637	123	482	1023	0	439
668	123	482	1023	0	438
800	123	482	1023	0	389
924	123	482	1023	0	301
0	185	482	0	145	567
62	185	482	0	141	591
123	185	482	0	132	673
185	185	482	85	122	710
254	185	482	200	114	697
308	185	482	302	104	675
386	185	482	462	84	628
451	185	482	614	63	586
482	185	482	699	53	566
513	185	482	794	43	552
544	185	482	890	32	529
575	185	482	997	20	515
606	185	482	1023	4	495
637	185	482	1023	0	481
668	185	482	1023	0	468
800	185	482	1023	0	372
924	185	482	1023	0	289
0	254	482	0	217	531
62	254	482	0	215	547
123	254	482	0	211	584
185	254	482	43	203	683
254	254	482	174	196	679
308	254	482	273	189	668
386	254	482	437	167	620
451	254	482	594	147	582
482	254	482	677	138	564
513	254	482	774	128	547
544	254	482	872	118	527
575	254	482	989	107	514
606	254	482	1023	98	495
637	254	482	1023	87	481
668	254	482	1023	77	475
800	254	482	1023	11	358
924	254	482	1023	4	280
0	308	482	0	281	504
62	308	482	0	281	516
123	308	482	0	281	568
185	308	482	0	275	600
254	308	482	145	269	595
308	308	482	242	260	635
386	308	482	406	240	605
451	308	482	569	218	579
482	308	482	653	209	561
513	308	482	750	198	545
544	308	482	851	185	527
575	308	482	971	176	514
606	308	482	1023	166	495
637	308	482	1023	155	481
668	308	482	1023	144	467
800	308	482	1023	84	369
924	308	482	1023	62	279
0	386	482	0	379	488
62	386	482	0	379	493
123	386	482	0	382	482
185	386	482	0	383	543
254	386	482	86	383	554
308	386	482	188	376	553
386	386	482	351	361	576
451	386	482	517	341	560
482	386	482	604	332	550
513	386	482	699	319	538
544	386	482	802	306	522
575	386	482	923	294	510
606	386	482	1010	283	496
637	386	482	1023	269	481
668	386	482	1023	255	468
800	386	482	1023	176	368
924	386	482	1023	126	278
0	451	482	0	477	496
62	451	482	0	479	493
123	451	482	0	480	495
185	451	482	0	487	517
254	451	482	21	494	550
308	451	482	140	489	550
386	451	482	300	478	544
451	451	482	459	463	536
482	451	482	548	452	531
513	451	482	643	439	520
544	451	482	749	429	512
575	451	482	870	417	504
606	451	482	984	402	490
637	451	482	1023	385	477
668	451	482	1023	369	464
800	451	482	1023	271	372
924	451	482	1023	188	276
0	482	482	0	536	501
62	482	482	0	536	503
123	482	482	0	539	496
185	482	482	0	544	510
254	482	482	0	554	533
308	482	482	114	552	535
386	482	482	273	539	528
451	482	482	429	525	520
482	482	482	514	514	514
513	482	482	615	507	520
544	482	482	723	497	513
575	482	482	841	481	507
606	482	482	965	468	488
637	482	482	1023	450	463
668	482	482	1023	432	462
800	482	482	1023	323	371
924	482	482	1023	220	274
0	513	482	0	589	510
62	513	482	0	589	510
123	513	482	0	593	498
185	513	482	0	600	503
254	513	482	0	617	511
308	513	482	86	616	513
386	513	482	245	606	510
451	513	482	400	595	508
482	513	482	488	588	506
513	513	482	586	580	498
544	513	482	691	567	505
575	513	482	806	555	502
606	513	482	936	540	492
637	513	482	1023	521	464
668	513	482	1023	501	460
800	513	482	1023	382	373
924	513	482	1023	258	272
0	544	482	0	659	513
62	544	482	0	659	516
123	544	482	0	664	516
185	544	482	0	673	505
254	544	482	0	687	505
308	544	482	58	692	500
386	544	482	218	684	498
451	544	482	373	672	496
482	544	482	456	663	494
513	544	482	550	657	491
544	544	482	655	646	483
575	544	482	768	632	490
606	544	482	899	617	484
637	544	482	1023	599	471
668	544	482	1023	576	458
800	544	482	1023	451	365
924	544	482	1023	303	274
0	575	482	0	729	514
62	575	482	0	731	514
123	575	482	0	733	514
185	575	482	0	743	494
254	575	482	0	758	485
308	575	482	18	771	486
386	575	482	190	765	484
451	575	482	340	754	481
482	575	482	421	745	479
513	575	482	514	738	477
544	575	482	614	728	474
575	575	482	728	716	467
606	575	482	855	702	474
637	575	482	992	683	469
668	575	482	1019	657	454
800	575	482	1023	523	369
924	575	482	1023	354	275
0	606	482	0	804	524
62	606	482	0	807	524
123	606	482	0	809	521
185	606	482	0	820	497
254	606	482	0	836	481
308	606	482	0	855	472
386	606	482	163	848	469
451	606	482	306	840	466
482	606	482	388	832	466
513	606	482	475	826	462
544	606	482	577	816	460
575	606	482	685	804	457
606	606	482	811	790	453
637	606	482	952	777	460
668	606	482	1012	754	449
800	606	482	1023	606	375
924	606	482	1023	416	276
0	637	482	0	883	534
62	637	482	0	885	534
123	637	482	0	891	528
185	637	482	0	899	509
254	637	482	0	921	486
308	637	482	0	946	458
386	637	482	135	948	452
451	637	482	277	937	451
482	637	482	355	931	450
513	637	482	439	921	449
544	637	482	536	916	447
575	637	482	645	906	449
606	637	482	770	896	448
637	637	482	912	885	443
668	637	482	999	859	447
800	637	482	1023	695	377
924	637	482	1023	482	278
0	668	482	0	983	536
62	668	482	0	987	534
123	668	482	0	990	528
185	668	482	0	1004	524
254	668	482	0	1009	455
308	668	482	0	1009	392
386	668	482	106	1010	428
451	668	482	246	1009	428
482	668	482	321	1008	428
513	668	482	404	1005	428
544	668	482	498	1005	433
575	668	482	604	999	429
606	668	482	719	988	425
637	668	482	850	978	421
668	668	482	965	958	375
800	668	482	1023	790	374
924	668	482	1023	562	280
0	800	482	0	1022	555
62	800	482	0	1022	549
123	800	482	0	1022	522
185	800	482	0	1022	484
254	800	482	0	1023	449
308	800	482	0	1023	399
386	800	482	0	1023	339
451	800	482	99	1023	337
482	800	482	163	1023	337
513	800	482	225	1023	337
544	800	482	295	1023	337
575	800	482	375	1023	336
606	800	482	462	1023	335
637	800	482	566	1023	336
668	800	482	680	1023	335
800	800	482	1023	1023	323
924	800	482	1023	924	290
0	924	482	0	1023	567
62	924	482	0	1023	563
123	924	482	0	1023	549
185	924	482	0	1023	525
254	924	482	0	1023	513
308	924	482	0	1023	458
386	924	482	0	1023	386
451	924	482	0	1023	313
482	924	482	37	1023	297
513	924	482	108	1023	299
544	924	482	174	1023	299
575	924	482	241	1023	300
606	924	482	314	1023	300
637	924	482	400	1023	303
668	924	482	497	1023	304
800	924	482	953	1023	307
924	924	482	1023	1023	304
0	0	513	0	3	688
62	0	513	0	1	713
123	0	513	35	0	747
185	0	513	128	0	730
254	0	513	225	0	706
308	0	513	312	0	684
386	0	513	452	0	642
451	0	513	577	0	606
482	0	513	647	0	590
513	0	513	725	0	577
544	0	513	810	0	559
575	0	513	899	0	546
606	0	513	995	0	537
637	0	513	1023	0	503
668	0	513	1023	0	498
800	0	513	1023	0	388
924	0	513	1023	0	351
0	62	513	0	17	681
62	62	513	0	8	709
123	62	513	0	0	810
185	62	513	109	0	792
254	62	513	218	0	742
308	62	513	311	0	705
386	62	513	455	0	653
451	62	513	584	0	618
482	62	513	656	0	594
513	62	513	735	0	578
544	62	513	820	0	563
575	62	513	912	0	551
606	62	513	998	0	540
637	62	513	1023	0	503
668	62	513	1023	0	498
800	62	513	1023	0	388
924	62	513	1023	0	347
0	123	513	0	79	656
62	123	513	0	75	685
123	123	513	0	56	788
185	123	513	93	44	806
254	123	513	204	31	791
308	123	513	304	15	767
386	123	513	464	1	717
451	123	513	611	0	649
482	123	513	685	0	623
513	123	513	769	0	604
544	123	513	857	0	582
575	123	513	956	0	569
606	123	513	1013	0	556
637	123	513	1023	0	505
668	123	513	1023	0	502
800	123	513	1023	0	386
924	123	513	1023	0	339
0	185	513	0	141	611
62	185	513	0	139	640
123	185	513	0	128	738
185	185	513	74	117	793
254	185	513	191	109	783
308	185	513	291	100	766
386	185	513	452	81	715
451	185	513	606	62	669
482	185	513	690	52	647
513	185	513	785	42	631
544	185	513	884	30	608
575	185	513	994	18	591
606	185	513	1023	2	575
637	185	513	1023	0	553
668	185	513	1023	0	537
800	185	513	1023	0	429
924	185	513	1023	0	327
0	254	513	0	214	574
62	254	513	0	213	594
123	254	513	0	208	677
185	254	513	29	198	773
254	254	513	165	191	766
308	254	513	263	183	748
386	254	513	428	164	704
451	254	513	586	146	664
482	254	513	672	136	644
513	254	513	766	127	628
544	254	513	864	116	607
575	254	513	985	107	593
606	254	513	1023	96	569
637	254	513	1023	86	553
668	254	513	1023	76	547
800	254	513	1023	10	415
924	254	513	1023	4	316
0	308	513	0	279	527
62	308	513	0	279	544
123	308	513	0	276	621
185	308	513	0	270	729
254	308	513	136	262	727
308	308	513	234	254	722
386	308	513	399	237	692
451	308	513	560	217	659
482	308	513	645	207	640
513	308	513	742	196	624
544	308	513	843	185	604
575	308	513	962	175	591
606	308	513	1023	165	575
637	308	513	1023	153	554
668	308	513	1023	143	540
800	308	513	1023	84	426
924	308	513	1023	61	316
0	386	513	0	377	525
62	386	513	0	377	535
123	386	513	0	377	568
185	386	513	0	380	609
254	386	513	80	378	637
308	386	513	181	373	636
386	386	513	346	358	662
451	386	513	508	339	640
482	386	513	598	329	630
513	386	513	694	317	614
544	386	513	795	305	597
575	386	513	919	293	584
606	386	513	1007	281	572
637	386	513	1023	267	555
668	386	513	1023	254	541
800	386	513	1023	176	425
924	386	513	1023	125	316
0	451	513	0	476	576
62	451	513	0	477	543
123	451	513	0	479	545
185	451	513	0	484	574
254	451	513	9	492	615
308	451	513	134	487	614
386	451	513	295	476	607
451	451	513	454	460	617
482	451	513	541	450	607
513	451	513	637	438	595
544	451	513	747	427	587
575	451	513	866	417	578
606	451	513	982	402	564
637	451	513	1023	385	550
668	451	513	1023	368	537
800	451	513	1023	271	429
924	451	513	1023	187	313
0	482	513	0	532	545
62	482	513	0	534	548
123	482	513	0	537	541
185	482	513	0	542	565
254	482	513	0	551	606
308	482	513	108	550	611
386	482	513	269	538	603
451	482	513	425	524	595
482	482	513	510	514	591
513	482	513	607	507	588
544	482	513	718	495	583
575	482	513	835	481	573
606	482	513	961	465	560
637	482	513	1023	448	547
668	482	513	1023	430	532
800	482	513	1023	322	429
924	482	513	1023	219	311
0	513	513	0	589	553
62	513	513	0	589	553
123	513	513	0	592	552
185	513	513	0	599	558
254	513	513	0	612	580
308	513	513	80	614	588
386	513	513	241	606	589
451	513	513	396	594	584
482	513	513	483	586	581
513	513	513	578	578	578
544	513	513	685	567	583
575	513	513	802	555	577
606	513	513	929	538	567
637	513	513	1023	522	534
668	513	513	1023	501	529
800	513	513	1023	383	430
924	513	513	1023	259	311
0	544	513	0	657	561
62	544	513	0	657	561
123	544	513	0	662	566
185	544	513	0	668	560
254	544	513	0	683	572
308	544	513	51	692	578
386	544	513	213	684	574
451	544	513	369	672	571
482	544	513	452	664	567
513	544	513	546	653	564
544	544	513	649	644	555
575	544	513	765	630	564
606	544	513	892	616	561
637	544	513	1020	599	550
668	544	513	1023	576	528
800	544	513	1023	450	416
924	544	513	1023	303	313
0	575	513	0	728	572
62	575	513	0	728	575
123	575	513	0	733	575
185	575	513	0	743	561
254	575	513	0	758	561
308	575	513	8	771	558
386	575	513	186	761	558
451	575	513	336	752	554
482	575	513	415	745	557
513	575	513	509	735	552
544	575	513	611	728	548
575	575	513	725	716	539
606	575	513	850	701	549
637	575	513	989	681	541
668	575	513	1019	658	523
800	575	513	1023	524	427
924	575	513	1023	356	313
0	606	513	0	804	567
62	606	513	0	807	567
123	606	513	0	809	567
185	606	513	0	820	547
254	606	513	0	835	541
308	606	513	0	851	545
386	606	513	159	848	542
451	606	513	303	836	540
482	606	513	384	832	540
513	606	513	471	823	536
544	606	513	571	815	532
575	606	513	682	803	527
606	606	513	804	790	521
637	606	513	948	777	529
668	606	513	1011	755	517
800	606	513	1023	607	433
924	606	513	1023	416	316
0	637	513	0	882	577
62	637	513	0	885	577
123	637	513	0	888	574
185	637	513	0	898	561
254	637	513	0	919	544
308	637	513	0	941	526
386	637	513	132	948	523
451	637	513	273	935	522
482	637	513	350	930	521
513	637	513	435	921	518
544	637	513	531	916	518
575	637	513	642	905	516
606	637	513	764	894	515
637	637	513	908	885	511
668	637	513	999	860	516
800	637	513	1023	696	434
924	637	513	1023	484	318
0	668	513	0	983	588
62	668	513	0	987	588
123	668	513	0	990	585
185	668	513	0	1004	577
254	668	513	0	1008	491
308	668	513	0	1009	438
386	668	513	101	1010	500
451	668	513	243	1009	498
482	668	513	317	1008	497
513	668	513	400	1005	497
544	668	513	493	1005	497
575	668	513	599	1000	498
606	668	513	714	988	494
637	668	513	844	978	489
668	668	513	966	958	435
800	668	513	1023	791	430
924	668	513	1023	560	321
0	800	513	0	1022	546
62	800	513	0	1022	546
123	800	513	0	1022	667
185	800	513	0	1022	631
254	800	513	0	1023	500
308	800	513	0	1023	444
386	800	513	0	1023	394
451	800	513	96	1023	390
482	800	513	159	1023	390
513	800	513	221	1023	390
544	800	513	293	1023	390
575	800	513	372	1023	389
606	800	513	461	1023	392
637	800	513	561	1023	390
668	800	513	675	1023	389
800	800	513	1023	1023	374
924	800	513	1023	924	333
0	924	513	0	1023	602
62	924	513	0	1023	598
123	924	513	0	1023	587
185	924	513	0	1023	598
254	924	513	0	1023	556
308	924	513	0	1023	510
386	924	513	0	1023	437
451	924	513	0	1023	364
482	924	513	31	1023	344
513	924	513	104	1023	346
544	924	513	171	1023	346
575	924	513	238	1023	347
606	924	513	311	1023	347
637	924	513	398	1023	349
668	924	513	495	1023	351
800	924	513	951	1023	357
924	924	513	1023	1023	351
0	0	544	0	3	749
62	0	544	0	2	774
123	0	544	27	0	816
185	0	544	121	0	803
254	0	544	217	0	768
308	0	544	304	0	732
386	0	544	443	0	718
451	0	544	572	0	680
482	0	544	642	0	665
513	0	544	720	0	648
544	0	544	808	0	630
575	0	544	893	0	615
606	0	544	993	0	606
637	0	544	1023	0	574
668	0	544	1023	0	567
800	0	544	1023	0	448
924	0	544	1023	0	391
0	62	544	0	18	739
62	62	544	0	10	769
123	62	544	0	0	877
185	62	544	100	0	867
254	62	544	208	0	826
308	62	544	301	0	784
386	62	544	445	0	731
451	62	544	579	0	695
482	62	544	650	0	669
513	62	544	730	0	653
544	62	544	815	0	637
575	62	544	906	0	621
606	62	544	997	0	609
637	62	544	1023	0	574
668	62	544	1023	0	567
800	62	544	1023	0	447
924	62	544	1023	0	391
0	123	544	0	77	717
62	123	544	0	73	747
123	123	544	0	55	853
185	123	544	82	40	896
254	123	544	193	28	885
308	123	544	293	12	858
386	123	544	453	0	806
451	123	544	602	0	733
482	123	544	676	0	710
513	123	544	762	0	688
544	123	544	850	0	660
575	123	544	948	0	646
606	123	544	1012	0	627
637	123	544	1023	0	576
668	123	544	1023	0	572
800	123	544	1023	0	443
924	123	544	1023	0	384
0	185	544	0	138	705
62	185	544	0	135	706
123	185	544	0	124	805
185	185	544	62	113	889
254	185	544	181	106	879
308	185	544	277	97	856
386	185	544	439	78	805
451	185	544	597	60	759
482	185	544	681	51	737
513	185	544	778	40	720
544	185	544	875	29	694
575	185	544	991	16	675
606	185	544	1023	2	656
637	185	544	1023	0	632
668	185	544	1023	0	614
800	185	544	1023	0	491
924	185	544	1023	0	369
0	254	544	0	211	663
62	254	544	0	210	658
123	254	544	0	204	743
185	254	544	10	193	862
254	254	544	156	187	852
308	254	544	252	179	835
386	254	544	416	162	794
451	254	544	576	144	758
482	254	544	662	134	737
513	254	544	756	126	718
544	254	544	858	115	693
575	254	544	980	105	676
606	254	544	1023	96	650
637	254	544	1023	85	632
668	254	544	1023	75	623
800	254	544	1023	10	474
924	254	544	1023	4	357
0	308	544	0	275	634
62	308	544	0	274	600
123	308	544	0	273	680
185	308	544	0	264	795
254	308	544	126	256	822
308	308	544	226	249	811
386	308	544	388	233	782
451	308	544	553	215	749
482	308	544	637	205	732
513	308	544	736	195	712
544	308	544	836	184	691
575	308	544	958	173	675
606	308	544	1021	164	660
637	308	544	1023	154	635
668	308	544	1023	143	617
800	308	544	1023	83	487
924	308	544	1023	60	357
0	386	544	0	374	570
62	386	544	0	374	581
123	386	544	0	374	624
185	386	544	0	376	676
254	386	544	73	375	726
308	386	544	174	368	723
386	386	544	339	355	752
451	386	544	500	336	729
482	386	544	591	328	719
513	386	544	686	316	700
544	386	544	790	303	682
575	386	544	911	292	672
606	386	544	1004	281	656
637	386	544	1023	267	636
668	386	544	1023	254	619
800	386	544	1023	176	486
924	386	544	1023	124	357
0	451	544	0	474	620
62	451	544	0	476	599
123	451	544	0	477	614
185	451	544	0	482	639
254	451	544	2	488	701
308	451	544	129	483	701
386	451	544	289	474	694
451	451	544	448	458	702
482	451	544	535	449	691
513	451	544	630	436	680
544	451	544	738	427	675
575	451	544	856	416	664
606	451	544	976	399	648
637	451	544	1023	384	631
668	451	544	1023	368	614
800	451	544	1023	270	491
924	451	544	1023	186	356
0	482	544	0	531	611
62	482	544	0	532	614
123	482	544	0	534	612
185	482	544	0	539	625
254	482	544	0	549	687
308	482	544	103	547	678
386	482	544	261	535	676
451	482	544	419	520	671
482	482	544	506	512	678
513	482	544	601	504	673
544	482	544	712	494	665
575	482	544	829	479	654
606	482	544	955	465	640
637	482	544	1023	449	626
668	482	544	1023	430	609
800	482	544	1023	323	492
924	482	544	1023	217	354
0	513	544	0	587	594
62	513	544	0	587	598
123	513	544	0	591	607
185	513	544	0	598	620
254	513	544	0	610	656
308	513	544	75	614	674
386	513	544	235	604	672
451	513	544	392	591	666
482	513	544	477	586	666
513	513	544	573	578	660
544	513	544	678	567	657
575	513	544	797	552	648
606	513	544	925	538	635
637	513	544	1023	520	621
668	513	544	1023	499	604
800	513	544	1023	383	492
924	513	544	1023	258	354
0	544	544	0	656	611
62	544	544	0	656	611
123	544	544	0	661	620
185	544	544	0	668	618
254	544	544	0	682	644
308	544	544	44	689	660
386	544	544	208	679	659
451	544	544	363	669	655
482	544	544	444	663	650
513	544	544	540	653	647
544	544	544	641	641	641
575	544	544	757	629	648
606	544	544	889	616	640
637	544	544	1014	596	628
668	544	544	1023	575	603
800	544	544	1023	450	494
924	544	544	1023	303	356
0	575	544	0	727	621
62	575	544	0	727	621
123	575	544	0	731	627
185	575	544	0	738	616
254	575	544	0	754	632
308	575	544	1	769	641
386	575	544	183	760	641
451	575	544	331	750	636
482	575	544	412	745	636
513	575	544	504	735	630
544	575	544	605	724	625
575	575	544	720	713	615
606	575	544	844	697	626
637	575	544	982	681	620
668	575	544	1019	658	599
800	575	544	1023	525	489
924	575	544	1023	356	359
0	606	544	0	804	632
62	606	544	0	804	632
123	606	544	0	809	632
185	606	544	0	817	620
254	606	544	0	833	625
308	606	544	0	851	622
386	606	544	155	846	619
451	606	544	298	837	619
482	606	544	380	832	617
513	606	544	466	823	617
544	606	544	566	811	610
575	606	544	674	802	605
606	606	544	798	787	598
637	606	544	944	777	607
668	606	544	1011	752	592
800	606	544	1023	605	495
924	606	544	1023	414	361
0	637	544	0	882	621
62	637	544	0	882	621
123	637	544	0	887	621
185	637	544	0	895	621
254	637	544	0	916	606
308	637	544	0	941	607
386	637	544	128	944	600
451	637	544	268	934	600
482	637	544	347	925	598
513	637	544	431	920	597
544	637	544	526	913	595
575	637	544	636	904	592
606	637	544	761	894	591
637	637	544	901	885	585
668	637	544	999	858	589
800	637	544	1023	694	496
924	637	544	1023	482	364
0	668	544	0	983	637
62	668	544	0	987	637
123	668	544	0	990	637
185	668	544	0	1001	631
254	668	544	0	1008	522
308	668	544	0	1009	490
386	668	544	97	1010	578
451	668	544	238	1008	577
482	668	544	313	1006	576
513	668	544	394	1005	576
544	668	544	490	1005	576
575	668	544	594	997	570
606	668	544	711	988	565
637	668	544	838	978	560
668	668	544	966	959	501
800	668	544	1023	790	494
924	668	544	1023	560	368
0	800	544	0	1021	694
62	800	544	0	1022	694
123	800	544	0	1022	671
185	800	544	0	1022	640
254	800	544	0	1023	582
308	800	544	0	1023	526
386	800	544	0	1023	450
451	800	544	93	1023	451
482	800	544	156	1023	450
513	800	544	218	1023	450
544	800	544	290	1023	450
575	800	544	368	1023	449
606	800	544	457	1023	451
637	800	544	559	1023	449
668	800	544	672	1023	448
800	800	544	1023	1023	430
924	800	544	1023	926	384
0	924	544	0	1023	681
62	924	544	0	1023	677
123	924	544	0	1023	665
185	924	544	0	1023	645
254	924	544	0	1023	602
308	924	544	0	1023	567
386	924	544	0	1023	495
451	924	544	0	1023	418
482	924	544	25	1023	398
513	924	544	101	1023	398
544	924	544	168	1023	400
575	924	544	235	1023	400
606	924	544	308	1023	402
637	924	544	395	1023	404
668	924	544	491	1023	406
800	924	544	951	1023	413
924	924	544	1023	1023	407
0	0	575	0	3	812
62	0	575	0	2	840
123	0	575	20	0	893
185	0	575	114	0	881
254	0	575	209	0	854
308	0	575	295	0	811
386	0	575	432	0	768
451	0	575	566	0	756
482	0	575	635	0	744
513	0	575	715	0	727
544	0	575	799	0	715
575	0	575	890	0	692
606	0	575	991	0	682
637	0	575	1023	0	653
668	0	575	1023	0	643
800	0	575	1023	0	517
924	0	575	1023	0	439
0	62	575	0	19	803
62	62	575	0	12	833
123	62	575	0	0	950
185	62	575	93	0	955
254	62	575	199	0	911
308	62	575	292	0	870
386	62	575	436	0	816
451	62	575	570	0	779
482	62	575	643	0	757
513	62	575	724	0	737
544	62	575	809	0	718
575	62	575	900	0	701
606	62	575	996	0	688
637	62	575	1023	0	653
668	62	575	1023	0	644
800	62	575	1023	0	515
924	62	575	1023	0	437
0	123	575	0	75	797
62	123	575	0	71	814
123	123	575	0	54	924
185	123	575	69	36	986
254	123	575	180	24	974
308	123	575	277	8	947
386	123	575	439	0	907
451	123	575	589	0	826
482	123	575	666	0	800
513	123	575	752	0	774
544	123	575	840	0	748
575	123	575	943	0	731
606	123	575	1009	0	711
637	123	575	1023	0	655
668	123	575	1023	0	648
800	123	575	1023	0	509
924	123	575	1023	0	429
0	185	575	0	133	768
62	185	575	0	131	773
123	185	575	0	122	882
185	185	575	47	107	977
254	185	575	168	100	966
308	185	575	262	92	946
386	185	575	427	75	903
451	185	575	586	57	859
482	185	575	671	48	835
513	185	575	767	38	815
544	185	575	868	26	793
575	185	575	988	14	773
606	185	575	1023	2	751
637	185	575	1023	0	721
668	185	575	1023	0	700
800	185	575	1023	0	505
924	185	575	1023	0	416
0	254	575	0	207	728
62	254	575	0	206	754
123	254	575	0	200	811
185	254	575	2	185	954
254	254	575	144	179	948
308	254	575	239	173	936
386	254	575	403	158	900
451	254	575	563	141	859
482	254	575	653	132	837
513	254	575	747	124	814
544	254	575	850	114	789
575	254	575	969	105	771
606	254	575	1023	95	741
637	254	575	1023	84	721
668	254	575	1023	74	711
800	254	575	1023	9	568
924	254	575	1023	3	404
0	308	575	0	272	689
62	308	575	0	272	715
123	308	575	0	268	741
185	308	575	0	258	866
254	308	575	115	250	918
308	308	575	214	244	910
386	308	575	378	231	883
451	308	575	541	212	850
482	308	575	627	203	835
513	308	575	727	194	814
544	308	575	828	182	789
575	308	575	947	174	771
606	308	575	1019	162	751
637	308	575	1023	152	723
668	308	575	1023	141	702
800	308	575	1023	83	562
924	308	575	1023	58	404
0	386	575	0	372	663
62	386	575	0	372	634
123	386	575	0	372	684
185	386	575	0	374	744
254	386	575	63	369	823
308	386	575	167	363	823
386	386	575	331	349	849
451	386	575	493	335	832
482	386	575	582	325	819
513	386	575	678	314	800
544	386	575	780	301	779
575	386	575	900	292	766
606	386	575	1000	280	748
637	386	575	1023	266	724
668	386	575	1023	252	705
800	386	575	1023	176	559
924	386	575	1023	123	404
0	451	575	0	473	667
62	451	575	0	473	676
123	451	575	0	476	676
185	451	575	0	480	708
254	451	575	0	485	795
308	451	575	122	481	794
386	451	575	284	470	792
451	451	575	441	454	802
482	451	575	526	444	789
513	451	575	624	433	778
544	451	575	732	425	769
575	451	575	850	414	755
606	451	575	973	399	739
637	451	575	1023	384	719
668	451	575	1023	368	700
800	451	575	1023	270	566
924	451	575	1023	185	404
0	482	575	0	529	666
62	482	575	0	531	669
123	482	575	0	533	675
185	482	575	0	537	689
254	482	575	0	543	772
308	482	575	95	543	772
386	482	575	256	531	770
451	482	575	412	518	765
482	482	575	499	510	773
513	482	575	594	503	765
544	482	575	704	493	759
575	482	575	821	478	751
606	482	575	951	463	735
637	482	575	1023	449	717
668	482	575	1023	430	698
800	482	575	1023	322	573
924	482	575	1023	216	402
0	513	575	0	587	669
62	513	575	0	587	673
123	513	575	0	591	669
185	513	575	0	597	683
254	513	575	0	607	741
308	513	575	69	609	757
386	513	575	230	601	756
451	513	575	387	591	750
482	513	575	471	584	746
513	513	575	567	574	757
544	513	575	670	564	749
575	513	575	788	552	737
606	513	575	918	535	725
637	513	575	1023	519	709
668	513	575	1023	499	690
800	513	575	1023	382	565
924	513	575	1023	258	402
0	544	575	0	656	674
62	544	575	0	656	666
123	544	575	0	660	676
185	544	575	0	667	680
254	544	575	0	678	723
308	544	575	36	687	754
386	544	575	203	679	753
451	544	575	356	668	745
482	544	575	440	659	741
513	544	575	533	653	738
544	544	575	636	641	732
575	544	575	750	629	728
606	544	575	879	612	717
637	544	575	1010	596	702
668	544	575	1023	573	682
800	544	575	1023	451	564
924	544	575	1023	303	406
0	575	575	0	726	673
62	575	575	0	726	673
123	575	575	0	730	683
185	575	575	0	738	679
254	575	575	0	753	706
308	575	575	0	768	731
386	575	575	177	759	729
451	575	575	326	749	727
482	575	575	407	740	727
513	575	575	498	733	720
544	575	575	600	723	717
575	575	575	714	714	714
606	575	575	837	697	719
637	575	575	977	681	707
668	575	575	1019	656	682
800	575	575	1023	523	565
924	575	575	1023	357	409
0	606	575	0	802	682
62	606	575	0	802	682
123	606	575	0	807	689
185	606	575	0	814	686
254	606	575	0	830	693
308	606	575	0	846	707
386	606	575	149	846	710
451	606	575	293	835	708
482	606	575	374	827	705
513	606	575	459	821	702
544	606	575	561	811	697
575	606	575	669	799	691
606	606	575	791	784	682
637	606	575	935	774	693
668	606	575	1011	753	679
800	606	575	1023	606	564
924	606	575	1023	416	413
0	637	575	0	882	693
62	637	575	0	882	693
123	637	575	0	887	696
185	637	575	0	895	700
254	637	575	0	916	685
308	637	575	0	937	685
386	637	575	123	944	685
451	637	575	264	933	683
482	637	575	341	925	682
513	637	575	425	920	680
544	637	575	522	912	682
575	637	575	630	901	679
606	637	575	755	894	679
637	637	575	897	885	671
668	637	575	995	858	676
800	637	575	1023	694	565
924	637	575	1023	484	416
0	668	575	0	983	689
62	668	575	0	983	692
123	668	575	0	990	692
185	668	575	0	1001	692
254	668	575	0	1008	553
308	668	575	0	1009	682
386	668	575	92	1010	660
451	668	575	234	1007	666
482	668	575	308	1006	665
513	668	575	390	1005	665
544	668	575	485	1003	663
575	668	575	588	996	657
606	668	575	705	989	652
637	668	575	835	975	647
668	668	575	965	960	573
800	668	575	1023	790	566
924	668	575	1023	562	418
0	800	575	0	1021	694
62	800	575	0	1021	694
123	800	575	0	1022	677
185	800	575	0	1022	652
254	800	575	0	1023	766
308	800	575	0	1023	581
386	800	575	0	1023	515
451	800	575	89	1023	519
482	800	575	152	1023	517
513	800	575	215	1023	517
544	800	575	286	1023	517
575	800	575	365	1023	517
606	800	575	453	1023	519
637	800	575	554	1023	517
668	800	575	665	1023	515
800	800	575	1023	1023	495
924	800	575	1023	928	439
0	924	575	0	1023	724
62	924	575	0	1023	720
123	924	575	0	1023	711
185	924	575	0	1023	689
254	924	575	0	1023	693
308	924	575	0	1023	653
386	924	575	0	1023	558
451	924	575	0	1023	480
482	924	575	18	1023	455
513	924	575	99	1023	458
544	924	575	165	1023	458
575	924	575	231	1023	460
606	924	575	306	1023	462
637	924	575	391	1023	464
668	924	575	488	1023	466
800	924	575	949	1023	474
924	924	575	1023	1023	468
0	0	606	0	2	885
62	0	606	0	2	914
123	0	606	12	0	981
185	0	606	108	0	967
254	0	606	201	0	935
308	0	606	284	0	899
386	0	606	423	0	861
451	0	606	558	0	842
482	0	606	628	0	825
513	0	606	707	0	814
544	0	606	791	0	794
575	0	606	883	0	777
606	0	606	991	0	766
637	0	606	1023	0	742
668	0	606	1023	0	727
800	0	606	1023	0	595
924	0	606	1023	0	493
0	62	606	0	19	879
62	62	606	0	12	907
123	62	606	0	1	1000
185	62	606	84	0	1007
254	62	606	189	0	988
308	62	606	279	0	956
386	62	606	425	0	909
451	62	606	562	0	864
482	62	606	633	0	846
513	62	606	716	0	827
544	62	606	802	0	803
575	62	606	893	0	785
606	62	606	994	0	775
637	62	606	1023	0	742
668	62	606	1023	0	728
800	62	606	1023	0	591
924	62	606	1023	0	491
0	123	606	0	73	869
62	123	606	0	69	889
123	123	606	0	53	990
185	123	606	54	32	1023
254	123	606	168	19	1023
308	123	606	261	4	1022
386	123	606	424	0	1003
451	123	606	577	0	932
482	123	606	657	0	903
513	123	606	742	0	872
544	123	606	830	0	844
575	123	606	933	0	825
606	123	606	1007	0	802
637	123	606	1023	0	744
668	123	606	1023	0	735
800	123	606	1023	0	583
924	123	606	1023	0	482
0	185	606	0	132	839
62	185	606	0	129	868
123	185	606	0	119	960
185	185	606	31	101	1023
254	185	606	156	94	1023
308	185	606	248	88	1023
386	185	606	412	72	1002
451	185	606	572	55	966
482	185	606	659	46	951
513	185	606	756	36	927
544	185	606	858	24	901
575	185	606	983	11	881
606	185	606	1023	1	851
637	185	606	1023	0	820
668	185	606	1023	0	796
800	185	606	1023	0	576
924	185	606	1023	0	468
0	254	606	0	204	799
62	254	606	0	202	823
123	254	606	0	195	880
185	254	606	0	178	1023
254	254	606	132	173	1023
308	254	606	228	167	1021
386	254	606	390	154	999
451	254	606	553	138	964
482	254	606	640	131	945
513	254	606	736	122	924
544	254	606	840	112	896
575	254	606	961	104	877
606	254	606	1023	94	856
637	254	606	1023	83	821
668	254	606	1023	73	814
800	254	606	1023	9	649
924	254	606	1023	3	453
0	308	606	0	268	751
62	308	606	0	267	773
123	308	606	0	263	809
185	308	606	0	253	950
254	308	606	106	244	1014
308	308	606	205	238	1008
386	308	606	365	224	989
451	308	606	530	208	959
482	308	606	619	201	943
513	308	606	716	191	920
544	308	606	819	180	896
575	308	606	937	172	877
606	308	606	1016	162	855
637	308	606	1023	151	824
668	308	606	1023	141	801
800	308	606	1023	83	641
924	308	606	1023	57	455
0	386	606	0	370	723
62	386	606	0	370	740
123	386	606	0	370	749
185	386	606	0	369	823
254	386	606	54	363	937
308	386	606	160	356	934
386	386	606	320	345	959
451	386	606	483	331	941
482	386	606	573	321	926
513	386	606	667	311	905
544	386	606	773	301	888
575	386	606	893	291	873
606	386	606	997	279	851
637	386	606	1023	265	825
668	386	606	1023	252	804
800	386	606	1023	175	639
924	386	606	1023	121	455
0	451	606	0	471	722
62	451	606	0	473	726
123	451	606	0	474	741
185	451	606	0	477	805
254	451	606	0	480	919
308	451	606	115	478	903
386	451	606	275	466	897
451	451	606	431	451	907
482	451	606	520	442	897
513	451	606	615	433	883
544	451	606	724	423	874
575	451	606	844	411	861
606	451	606	966	397	840
637	451	606	1023	382	822
668	451	606	1023	366	801
800	451	606	1023	270	645
924	451	606	1023	184	455
0	482	606	0	527	723
62	482	606	0	529	730
123	482	606	0	530	742
185	482	606	0	533	783
254	482	606	0	538	866
308	482	606	88	537	877
386	482	606	249	527	880
451	482	606	406	513	886
482	482	606	491	507	882
513	482	606	589	499	877
544	482	606	697	490	866
575	482	606	812	478	852
606	482	606	943	462	837
637	482	606	1023	446	815
668	482	606	1023	428	793
800	482	606	1023	322	660
924	482	606	1023	215	453
0	513	606	0	586	723
62	513	606	0	586	731
123	513	606	0	589	735
185	513	606	0	593	768
254	513	606	0	602	830
308	513	606	62	606	861
386	513	606	224	599	858
451	513	606	380	589	852
482	513	606	465	582	847
513	513	606	560	572	860
544	513	606	664	562	851
575	513	606	781	550	840
606	513	606	908	534	829
637	513	606	1023	517	809
668	513	606	1023	498	788
800	513	606	1023	383	645
924	513	606	1023	258	458
0	544	606	0	654	734
62	544	606	0	654	737
123	544	606	0	658	751
185	544	606	0	665	747
254	544	606	0	676	806
308	544	606	27	684	858
386	544	606	198	677	838
451	544	606	350	665	834
482	544	606	432	656	832
513	544	606	526	648	826
544	544	606	629	636	835
575	544	606	743	625	827
606	544	606	871	612	816
637	544	606	1003	596	798
668	544	606	1023	573	776
800	544	606	1023	449	647
924	544	606	1023	303	460
0	575	606	0	725	749
62	575	606	0	725	752
123	575	606	0	730	743
185	575	606	0	737	745
254	575	606	0	749	784
308	575	606	0	763	830
386	575	606	172	758	834
451	575	606	318	747	828
482	575	606	402	739	828
513	575	606	491	730	820
544	575	606	593	723	817
575	575	606	705	711	810
606	575	606	827	696	802
637	575	606	968	677	789
668	575	606	1016	655	769
800	575	606	1023	524	645
924	575	606	1023	356	466
0	606	606	0	800	737
62	606	606	0	803	737
123	606	606	0	805	749
185	606	606	0	813	756
254	606	606	0	829	769
308	606	606	0	842	801
386	606	606	144	842	807
451	606	606	289	834	810
482	606	606	369	825	805
513	606	606	455	818	804
544	606	606	554	808	794
575	606	606	663	796	788
606	606	606	784	784	784
637	606	606	927	774	790
668	606	606	1011	754	771
800	606	606	1023	606	645
924	606	606	1023	416	468
0	637	606	0	880	746
62	637	606	0	880	750
123	637	606	0	885	753
185	637	606	0	893	765
254	637	606	0	913	760
308	637	606	0	930	774
386	637	606	118	940	782
451	637	606	261	928	781
482	637	606	336	924	779
513	637	606	421	917	778
544	637	606	517	909	778
575	637	606	625	901	775
606	637	606	749	891	774
637	637	606	891	883	763
668	637	606	995	854	769
800	637	606	1023	694	648
924	637	606	1023	484	472
0	668	606	0	980	760
62	668	606	0	980	760
123	668	606	0	987	763
185	668	606	0	998	767
254	668	606	0	1005	742
308	668	606	0	1006	758
386	668	606	86	1006	758
451	668	606	231	1006	758
482	668	606	303	1006	757
513	668	606	386	1005	757
544	668	606	480	1003	756
575	668	606	583	996	760
606	668	606	698	986	748
637	668	606	828	975	742
668	668	606	961	957	656
800	668	606	1023	790	645
924	668	606	1023	565	478
0	800	606	0	1021	874
62	800	606	0	1021	874
123	800	606	0	1022	865
185	800	606	0	1022	837
254	800	606	0	1023	800
308	800	606	0	1023	637
386	800	606	0	1023	583
451	800	606	85	1023	594
482	800	606	148	1023	593
513	800	606	212	1023	593
544	800	606	282	1023	593
575	800	606	360	1023	593
606	800	606	450	1023	591
637	800	606	550	1023	589
668	800	606	662	1023	590
800	800	606	1023	1023	567
924	800	606	1023	928	503
0	924	606	0	1023	754
62	924	606	0	1023	754
123	924	606	0	1023	749
185	924	606	0	1023	782
254	924	606	0	1023	750
308	924	606	0	1023	711
386	924	606	0	1023	627
451	924	606	0	1023	549
482	924	606	11	1023	523
513	924	606	95	1023	523
544	924	606	161	1023	526
575	924	606	227	1023	528
606	924	606	303	1023	530
637	924	606	386	1023	532
668	924	606	484	1023	535
800	924	606	945	1023	544
924	924	606	1023	1023	537
0	0	637	0	3	966
62	0	637	0	2	990
123	0	637	3	0	1016
185	0	637	100	0	1013
254	0	637	191	0	1002
308	0	637	274	0	985
386	0	637	414	0	956
451	0	637	548	0	937
482	0	637	621	0	920
513	0	637	701	0	907
544	0	637	784	0	888
575	0	637	876	0	869
606	0	637	986	0	837
637	0	637	1023	0	838
668	0	637	1023	0	821
800	0	637	1023	0	682
924	0	637	1023	0	549
0	62	637	0	20	961
62	62	637	0	13	984
123	62	637	0	1	1023
185	62	637	76	0	1023
254	62	637	178	0	1023
308	62	637	267	0	1022
386	62	637	412	0	983
451	62	637	550	0	961
482	62	637	626	0	944
513	62	637	708	0	924
544	62	637	791	0	904
575	62	637	886	0	881
606	62	637	989	0	868
637	62	637	1023	0	839
668	62	637	1023	0	824
800	62	637	1023	0	677
924	62	637	1023	0	549
0	123	637	0	71	944
62	123	637	0	68	976
123	123	637	0	52	1022
185	123	637	40	28	1023
254	123	637	155	16	1023
308	123	637	246	3	1023
386	123	637	409	0	1023
451	123	637	563	0	1008
482	123	637	645	0	996
513	123	637	731	0	975
544	123	637	819	0	951
575	123	637	926	0	927
606	123	637	1004	0	905
637	123	637	1023	0	844
668	123	637	1023	0	832
800	123	637	1023	0	665
924	123	637	1023	0	539
0	185	637	0	128	916
62	185	637	0	126	947
123	185	637	0	114	1008
185	185	637	12	95	1023
254	185	637	143	90	1023
308	185	637	235	82	1023
386	185	637	398	69	1023
451	185	637	560	53	1023
482	185	637	649	44	1023
513	185	637	742	34	1020
544	185	637	848	22	1005
575	185	637	972	9	988
606	185	637	1023	1	958
637	185	637	1023	0	928
668	185	637	1023	0	902
800	185	637	1023	0	654
924	185	637	1023	0	526
0	254	637	0	199	868
62	254	637	0	197	892
123	254	637	0	189	959
185	254	637	0	174	1023
254	254	637	121	167	1023
308	254	637	216	162	1023
386	254	637	377	150	1023
451	254	637	539	136	1023
482	254	637	628	128	1023
513	254	637	723	120	1019
544	254	637	828	110	1003
575	254	637	950	102	987
606	254	637	1022	92	965
637	254	637	1023	82	928
668	254	637	1023	71	921
800	254	637	1023	9	737
924	254	637	1023	3	510
0	308	637	0	263	819
62	308	637	0	262	843
123	308	637	0	258	884
185	308	637	0	246	1003
254	308	637	95	236	1023
308	308	637	194	231	1023
386	308	637	354	219	1023
451	308	637	517	206	1023
482	308	637	608	198	1023
513	308	637	700	189	1021
544	308	637	807	179	1002
575	308	637	930	170	986
606	308	637	1012	160	965
637	308	637	1023	149	931
668	308	637	1023	139	908
800	308	637	1023	82	731
924	308	637	1023	55	512
0	386	637	0	367	790
62	386	637	0	368	803
123	386	637	0	368	823
185	386	637	0	364	953
254	386	637	41	356	1023
308	386	637	152	352	1023
386	386	637	312	340	1023
451	386	637	472	328	1023
482	386	637	561	318	1022
513	386	637	655	307	1012
544	386	637	764	299	997
575	386	637	886	289	985
606	386	637	992	277	965
637	386	637	1023	263	938
668	386	637	1023	250	915
800	386	637	1023	175	728
924	386	637	1023	119	514
0	451	637	0	470	826
62	451	637	0	471	801
123	451	637	0	472	811
185	451	637	0	473	888
254	451	637	0	474	1012
308	451	637	106	471	1013
386	451	637	267	459	1007
451	451	637	422	447	1016
482	451	637	509	437	1008
513	451	637	605	431	998
544	451	637	715	422	989
575	451	637	835	409	974
606	451	637	958	396	955
637	451	637	1023	381	933
668	451	637	1023	365	909
800	451	637	1023	270	734
924	451	637	1023	183	514
0	482	637	0	524	805
62	482	637	0	525	813
123	482	637	0	526	818
185	482	637	0	530	862
254	482	637	0	535	967
308	482	637	81	533	994
386	482	637	242	524	993
451	482	637	398	511	998
482	482	637	482	505	996
513	482	637	581	497	991
544	482	637	688	488	980
575	482	637	804	474	966
606	482	637	933	461	948
637	482	637	1023	446	927
668	482	637	1023	427	903
800	482	637	1023	321	750
924	482	637	1023	215	516
0	513	637	0	584	788
62	513	637	0	583	793
123	513	637	0	585	821
185	513	637	0	590	849
254	513	637	0	600	925
308	513	637	54	604	974
386	513	637	217	597	976
451	513	637	373	584	969
482	513	637	457	577	983
513	513	637	551	570	977
544	513	637	656	558	968
575	513	637	773	546	955
606	513	637	898	533	940
637	513	637	1020	516	922
668	513	637	1023	496	895
800	513	637	1023	381	735
924	513	637	1023	258	516
0	544	637	0	652	800
62	544	637	0	652	804
123	544	637	0	656	823
185	544	637	0	663	842
254	544	637	0	671	896
308	544	637	15	679	951
386	544	637	192	672	948
451	544	637	344	660	946
482	544	637	426	654	943
513	544	637	519	645	938
544	544	637	621	634	949
575	544	637	736	623	938
606	544	637	862	610	927
637	544	637	996	592	914
668	544	637	1023	572	888
800	544	637	1023	450	736
924	544	637	1023	304	523
0	575	637	0	724	810
62	575	637	0	723	814
123	575	637	0	728	830
185	575	637	0	735	834
254	575	637	0	746	873
308	575	637	0	758	939
386	575	637	167	752	926
451	575	637	312	741	923
482	575	637	395	737	919
513	575	637	485	727	913
544	575	637	586	718	908
575	575	637	698	706	925
606	575	637	821	691	911
637	575	637	959	677	899
668	575	637	1016	655	878
800	575	637	1023	524	736
924	575	637	1023	357	528
0	606	637	0	800	819
62	606	637	0	803	822
123	606	637	0	805	834
185	606	637	0	813	831
254	606	637	0	825	853
308	606	637	0	840	901
386	606	637	139	840	924
451	606	637	282	829	920
482	606	637	363	825	915
513	606	637	448	816	910
544	606	637	547	805	902
575	606	637	656	796	898
606	606	637	775	781	891
637	606	637	919	774	891
668	606	637	1011	751	875
800	606	637	1023	603	733
924	606	637	1023	416	532
0	637	637	0	878	805
62	637	637	0	881	809
123	637	637	0	883	818
185	637	637	0	891	835
254	637	637	0	908	845
308	637	637	0	929	871
386	637	637	113	937	890
451	637	637	254	927	887
482	637	637	331	924	891
513	637	637	415	916	891
544	637	637	510	909	888
575	637	637	618	900	887
606	637	637	740	891	884
637	637	637	880	880	880
668	637	637	992	856	878
800	637	637	1023	694	737
924	637	637	1023	484	537
0	668	637	0	979	821
62	668	637	0	983	825
123	668	637	0	986	829
185	668	637	0	997	841
254	668	637	0	1004	791
308	668	637	0	1005	837
386	668	637	80	1006	874
451	668	637	226	1006	874
482	668	637	299	1005	871
513	668	637	382	1005	871
544	668	637	473	999	867
575	668	637	576	993	863
606	668	637	693	987	850
637	668	637	821	975	843
668	668	637	961	958	750
800	668	637	1023	791	735
924	668	637	1023	562	542
0	800	637	0	1021	879
62	800	637	0	1021	879
123	800	637	0	1022	869
185	800	637	0	1022	859
254	800	637	0	1023	839
308	800	637	0	1023	702
386	800	637	0	1023	659
451	800	637	81	1023	681
482	800	637	144	1023	681
513	800	637	209	1023	679
544	800	637	280	1023	678
575	800	637	356	1023	678
606	800	637	444	1023	676
637	800	637	544	1023	673
668	800	637	657	1023	671
800	800	637	1023	1023	647
924	800	637	1023	930	574
0	924	637	0	1023	802
62	924	637	0	1023	802
123	924	637	0	1023	797
185	924	637	0	1023	790
254	924	637	0	1023	776
308	924	637	0	1023	759
386	924	637	0	1023	701
451	924	637	0	1023	624
482	924	637	4	1023	596
513	924	637	91	1023	596
544	924	637	158	1023	599
575	924	637	224	1023	604
606	924	637	299	1023	604
637	924	637	383	1023	607
668	924	637	480	1023	609
800	924	637	943	1023	619
924	924	637	1023	1023	617
0	0	668	0	3	1008
62	0	668	0	2	1018
123	0	668	2	0	1023
185	0	668	93	0	1023
254	0	668	181	0	1023
308	0	668	263	0	1021
386	0	668	401	0	1011
451	0	668	538	0	1001
482	0	668	612	0	996
513	0	668	693	0	995
544	0	668	775	0	987
575	0	668	870	0	972
606	0	668	982	0	944
637	0	668	1023	0	854
668	0	668	1023	0	853
800	0	668	1023	0	780
924	0	668	1023	0	614
0	62	668	0	21	1007
62	62	668	0	15	1017
123	62	668	0	2	1023
185	62	668	69	0	1023
254	62	668	170	0	1023
308	62	668	255	0	1023
386	62	668	400	0	1019
451	62	668	541	0	1015
482	62	668	617	0	1013
513	62	668	699	0	1013
544	62	668	782	0	1005
575	62	668	879	0	973
606	62	668	986	0	956
637	62	668	1023	0	951
668	62	668	1023	0	927
800	62	668	1023	0	775
924	62	668	1023	0	612
0	123	668	0	69	999
62	123	668	0	65	1013
123	123	668	0	51	1023
185	123	668	24	24	1023
254	123	668	144	12	1023
308	123	668	234	2	1023
386	123	668	393	0	1023
451	123	668	548	0	1023
482	123	668	630	0	1023
513	123	668	718	0	1021
544	123	668	807	0	1012
575	123	668	915	0	1002
606	123	668	999	0	988
637	123	668	1023	0	944
668	123	668	1023	0	931
800	123	668	1023	0	758
924	123	668	1023	0	601
0	185	668	0	124	980
62	185	668	0	121	1001
123	185	668	0	110	1023
185	185	668	2	90	1023
254	185	668	131	84	1023
308	185	668	223	78	1023
386	185	668	381	65	1023
451	185	668	543	51	1023
482	185	668	632	42	1023
513	185	668	727	31	1023
544	185	668	836	20	1023
575	185	668	957	5	1023
606	185	668	1023	1	1021
637	185	668	1023	0	1008
668	185	668	1023	0	996
800	185	668	1023	0	744
924	185	668	1023	0	589
0	254	668	0	194	943
62	254	668	0	192	970
123	254	668	0	184	1019
185	254	668	0	170	1023
254	254	668	108	161	1023
308	254	668	204	157	1023
386	254	668	362	146	1023
451	254	668	527	133	1023
482	254	668	613	126	1023
513	254	668	709	116	1023
544	254	668	816	108	1023
575	254	668	936	99	1023
606	254	668	1018	90	1023
637	254	668	1023	80	1010
668	254	668	1023	70	995
800	254	668	1023	8	813
924	254	668	1023	3	574
0	308	668	0	259	894
62	308	668	0	257	920
123	308	668	0	253	1016
185	308	668	0	242	1023
254	308	668	85	231	1023
308	308	668	182	224	1023
386	308	668	339	214	1023
451	308	668	504	202	1023
482	308	668	592	195	1023
513	308	668	687	185	1023
544	308	668	792	177	1023
575	308	668	917	169	1023
606	308	668	1007	159	1023
637	308	668	1023	147	1010
668	308	668	1023	137	996
800	308	668	1023	82	814
924	308	668	1023	53	576
0	386	668	0	364	863
62	386	668	0	364	883
123	386	668	0	363	948
185	386	668	0	358	1008
254	386	668	29	349	1023
308	386	668	142	344	1023
386	386	668	301	335	1023
451	386	668	461	322	1023
482	386	668	549	313	1023
513	386	668	644	304	1023
544	386	668	754	296	1023
575	386	668	873	287	1023
606	386	668	985	274	1023
637	386	668	1023	261	1014
668	386	668	1023	248	998
800	386	668	1023	175	821
924	386	668	1023	119	579
0	451	668	0	469	874
62	451	668	0	469	881
123	451	668	0	469	915
185	451	668	0	470	974
254	451	668	0	468	1023
308	451	668	97	464	1023
386	451	668	258	453	1023
451	451	668	413	441	1023
482	451	668	500	435	1023
513	451	668	597	427	1023
544	451	668	706	418	1023
575	451	668	822	406	1023
606	451	668	950	393	1023
637	451	668	1023	379	1018
668	451	668	1023	363	999
800	451	668	1023	269	832
924	451	668	1023	181	579
0	482	668	0	522	879
62	482	668	0	522	893
123	482	668	0	523	898
185	482	668	0	527	954
254	482	668	0	529	1015
308	482	668	73	527	1023
386	482	668	234	518	1023
451	482	668	391	509	1023
482	482	668	476	502	1023
513	482	668	571	493	1023
544	482	668	678	483	1023
575	482	668	793	472	1023
606	482	668	922	457	1023
637	482	668	1023	442	1021
668	482	668	1023	424	999
800	482	668	1023	322	840
924	482	668	1023	215	581
0	513	668	0	581	878
62	513	668	0	581	886
123	513	668	0	585	891
185	513	668	0	588	938
254	513	668	0	596	998
308	513	668	44	599	1023
386	513	668	210	592	1023
451	513	668	366	581	1023
482	513	668	449	574	1023
513	513	668	544	565	1023
544	513	668	648	555	1023
575	513	668	763	544	1023
606	513	668	890	530	1023
637	513	668	1014	514	1023
668	513	668	1023	493	999
800	513	668	1023	381	834
924	513	668	1023	258	584
0	544	668	0	651	870
62	544	668	0	651	875
123	544	668	0	655	900
185	544	668	0	658	927
254	544	668	0	668	977
308	544	668	2	676	1023
386	544	668	185	667	1023
451	544	668	336	656	1023
482	544	668	419	649	1023
513	544	668	510	640	1023
544	544	668	612	632	1023
575	544	668	727	620	1023
606	544	668	854	607	1023
637	544	668	990	590	1021
668	544	668	1021	568	998
800	544	668	1023	448	835
924	544	668	1023	303	589
0	575	668	0	721	879
62	575	668	0	721	883
123	575	668	0	726	901
185	575	668	0	732	917
254	575	668	0	741	958
308	575	668	0	752	1016
386	575	668	160	749	1023
451	575	668	305	738	1023
482	575	668	389	731	1023
513	575	668	476	725	1023
544	575	668	578	715	1023
575	575	668	689	704	1023
606	575	668	809	691	1023
637	575	668	949	676	1016
668	575	668	1016	652	994
800	575	668	1023	522	834
924	575	668	1023	356	596
0	606	668	0	798	886
62	606	668	0	801	891
123	606	668	0	803	908
185	606	668	0	810	917
254	606	668	0	823	941
308	606	668	0	835	998
386	606	668	133	837	1023
451	606	668	278	826	1013
482	606	668	357	819	1012
513	606	668	442	813	1012
544	606	668	540	803	1012
575	606	668	646	791	1008
606	606	668	769	779	1013
637	606	668	915	769	1008
668	606	668	1010	749	994
800	606	668	1023	604	831
924	606	668	1023	416	601
0	637	668	0	878	897
62	637	668	0	881	901
123	637	668	0	883	915
185	637	668	0	891	908
254	637	668	0	907	935
308	637	668	0	924	977
386	637	668	107	935	1016
451	637	668	249	927	1013
482	637	668	325	920	1012
513	637	668	408	915	1012
544	637	668	504	904	1012
575	637	668	609	896	1008
606	637	668	734	890	1004
637	637	668	873	880	1000
668	637	668	991	853	981
800	637	668	1023	692	826
924	637	668	1023	484	607
0	668	668	0	979	892
62	668	668	0	983	897
123	668	668	0	986	905
185	668	668	0	997	922
254	668	668	0	1004	839
308	668	668	0	1005	910
386	668	668	73	1006	993
451	668	668	221	1006	993
482	668	668	292	1005	990
513	668	668	376	1002	1000
544	668	668	467	995	991
575	668	668	568	990	988
606	668	668	684	982	976
637	668	668	812	972	968
668	668	668	956	956	956
800	668	668	1023	787	831
924	668	668	1023	565	617
0	800	668	0	1021	817
62	800	668	0	1021	817
123	800	668	0	1022	817
185	800	668	0	1022	817
254	800	668	0	1023	814
308	800	668	0	1023	756
386	800	668	0	1023	791
451	800	668	77	1023	777
482	800	668	140	1023	775
513	800	668	205	1023	775
544	800	668	274	1023	775
575	800	668	351	1023	775
606	800	668	439	1023	771
637	800	668	539	1023	768
668	800	668	652	1023	766
800	800	668	1023	1023	735
924	800	668	1023	930	652
0	924	668	0	1023	847
62	924	668	0	1023	847
123	924	668	0	1023	843
185	924	668	0	1023	838
254	924	668	0	1023	829
308	924	668	0	1023	816
386	924	668	0	1023	769
451	924	668	0	1023	712
482	924	668	3	1023	678
513	924	668	87	1023	681
544	924	668	155	1023	681
575	924	668	220	1023	684
606	924	668	294	1023	689
637	924	668	381	1023	692
668	924	668	474	1023	695
800	924	668	938	1023	707
924	924	668	1023	1023	704
0	0	800	0	7	1023
62	0	800	0	3	1023
123	0	800	0	0	1023
185	0	800	67	0	1023
254	0	800	151	0	1023
308	0	800	223	0	1023
386	0	800	356	0	1023
451	0	800	490	0	1023
482	0	800	565	0	1023
513	0	800	644	0	1023
544	0	800	729	0	1023
575	0	800	830	0	1023
606	0	800	938	0	1023
637	0	800	1021	0	1023
668	0	800	1023	0	1009
800	0	800	1023	0	951
924	0	800	1023	0	877
0	62	800	0	24	1023
62	62	800	0	19	1023
123	62	800	0	2	1023
185	62	800	40	0	1023
254	62	800	137	0	1023
308	62	800	214	0	1023
386	62	800	351	0	1023
451	62	800	489	0	1023
482	62	800	565	0	1023
513	62	800	646	0	1023
544	62	800	733	0	1023
575	62	800	834	0	1023
606	62	800	943	0	1023
637	62	800	1023	0	1011
668	62	800	1023	0	1010
800	62	800	1023	0	955
924	62	800	1023	0	875
0	123	800	0	62	1023
62	123	800	0	59	1023
123	123	800	0	48	1023
185	123	800	0	19	1023
254	123	800	90	1	1023
308	123	800	176	0	1023
386	123	800	330	0	1023
451	123	800	484	0	1023
482	123	800	566	0	1023
513	123	800	652	0	1023
544	123	800	749	0	1023
575	123	800	853	0	1023
606	123	800	962	0	1023
637	123	800	1023	0	1014
668	123	800	1023	0	1013
800	123	800	1023	0	967
924	123	800	1023	0	873
0	185	800	0	109	1023
62	185	800	0	108	1023
123	185	800	0	98	1023
185	185	800	0	81	1023
254	185	800	79	64	1023
308	185	800	166	59	1023
386	185	800	311	48	1023
451	185	800	468	35	1023
482	185	800	553	28	1023
513	185	800	647	18	1023
544	185	800	754	5	1023
575	185	800	872	1	1023
606	185	800	991	0	1023
637	185	800	1023	0	1023
668	185	800	1023	0	1021
800	185	800	1023	0	997
924	185	800	1023	0	869
0	254	800	0	176	1023
62	254	800	0	175	1023
123	254	800	0	168	1023
185	254	800	0	154	1023
254	254	800	58	136	1023
308	254	800	150	131	1023
386	254	800	297	124	1023
451	254	800	450	115	1023
482	254	800	536	110	1023
513	254	800	629	102	1023
544	254	800	736	96	1023
575	254	800	855	89	1023
606	254	800	974	80	1023
637	254	800	1012	71	1023
668	254	800	1016	61	1023
800	254	800	1023	6	1023
924	254	800	1023	1	860
0	308	800	0	239	1023
62	308	800	0	236	1023
123	308	800	0	231	1023
185	308	800	0	219	1023
254	308	800	30	199	1023
308	308	800	133	195	1023
386	308	800	282	188	1023
451	308	800	432	180	1023
482	308	800	517	175	1023
513	308	800	612	169	1023
544	308	800	717	161	1023
575	308	800	834	154	1023
606	308	800	955	146	1023
637	308	800	1012	137	1023
668	308	800	1015	127	1023
800	308	800	1023	77	1023
924	308	800	1023	42	862
0	386	800	0	345	1023
62	386	800	0	344	1023
123	386	800	0	341	1023
185	386	800	0	335	1023
254	386	800	0	319	1023
308	386	800	97	310	1023
386	386	800	249	302	1023
451	386	800	400	294	1023
482	386	800	480	288	1023
513	386	800	575	282	1023
544	386	800	678	275	1023
575	386	800	793	267	1023
606	386	800	922	258	1023
637	386	800	1013	247	1023
668	386	800	1016	236	1023
800	386	800	1023	171	1023
924	386	800	1023	111	869
0	451	800	0	451	1023
62	451	800	0	451	1023
123	451	800	0	450	1023
185	451	800	0	448	1023
254	451	800	0	439	1023
308	451	800	55	428	1023
386	451	800	213	421	1023
451	451	800	364	413	1023
482	451	800	443	406	1023
513	451	800	537	400	1023
544	451	800	636	393	1023
575	451	800	751	384	1023
606	451	800	873	372	1023
637	451	800	1010	362	1023
668	451	800	1014	345	1023
800	451	800	1023	264	1023
924	451	800	1023	179	875
0	482	800	0	508	1023
62	482	800	0	508	1023
123	482	800	0	508	1023
185	482	800	0	506	1023
254	482	800	0	503	1023
308	482	800	26	492	1023
386	482	800	192	484	1023
451	482	800	342	474	1023
482	482	800	422	469	1023
513	482	800	512	462	1023
544	482	800	614	455	1023
575	482	800	729	446	1023
606	482	800	850	435	1023
637	482	800	988	423	1023
668	482	800	1013	406	1023
800	482	800	1023	315	1023
924	482	800	1023	214	879
0	513	800	0	572	1023
62	513	800	0	572	1023
123	513	800	0	572	1023
185	513	800	0	573	1023
254	513	800	0	571	1023
308	513	800	0	564	1023
386	513	800	173	556	1023
451	513	800	317	546	1023
482	513	800	400	541	1023
513	513	800	489	534	1023
544	513	800	588	527	1023
575	513	800	698	518	1023
606	513	800	822	504	1023
637	513	800	960	491	1023
668	513	800	1009	476	1023
800	513	800	1023	375	1023
924	513	800	1023	258	886
0	544	800	0	639	1023
62	544	800	0	639	1023
123	544	800	0	640	1023
185	544	800	0	641	1023
254	544	800	0	643	1023
308	544	800	0	643	1023
386	544	800	150	633	1023
451	544	800	294	623	1023
482	544	800	377	616	1023
513	544	800	461	609	1023
544	544	800	560	603	1023
575	544	800	668	591	1023
606	544	800	788	580	1023
637	544	800	928	571	1023
668	544	800	1005	552	1023
800	544	800	1023	441	1023
924	544	800	1023	304	890
0	575	800	0	710	1023
62	575	800	0	710	1023
123	575	800	0	711	1023
185	575	800	0	713	1023
254	575	800	0	719	1023
308	575	800	0	721	1023
386	575	800	128	714	1023
451	575	800	270	704	1023
482	575	800	349	699	1023
513	575	800	431	692	1023
544	575	800	529	684	1023
575	575	800	636	675	1023
606	575	800	756	667	1023
637	575	800	898	659	1023
668	575	800	1002	641	1023
800	575	800	1023	513	1023
924	575	800	1023	357	896
0	606	800	0	787	1023
62	606	800	0	787	1023
123	606	800	0	788	1023
185	606	800	0	794	1023
254	606	800	0	799	1022
308	606	800	0	808	1023
386	606	800	103	807	1023
451	606	800	246	798	1023
482	606	800	321	794	1023
513	606	800	405	786	1023
544	606	800	498	777	1023
575	606	800	604	773	1023
606	606	800	728	765	1023
637	606	800	862	753	1023
668	606	800	984	732	1023
800	606	800	1023	595	1023
924	606	800	1023	420	905
0	637	800	0	873	1021
62	637	800	0	873	1021
123	637	800	0	876	1021
185	637	800	0	884	1022
254	637	800	0	896	1019
308	637	800	0	908	1021
386	637	800	72	914	1023
451	637	800	220	904	1023
482	637	800	293	901	1023
513	637	800	378	895	1023
544	637	800	470	890	1023
575	637	800	573	876	1023
606	637	800	688	864	1023
637	637	800	815	848	1023
668	637	800	959	830	1023
800	637	800	1023	684	1023
924	637	800	1023	488	909
0	668	800	0	972	1016
62	668	800	0	972	1016
123	668	800	0	975	1017
185	668	800	0	984	1018
254	668	800	0	988	995
308	668	800	0	986	1012
386	668	800	34	982	1023
451	668	800	188	978	1023
482	668	800	260	976	1023
513	668	800	340	972	1023
544	668	800	427	971	1023
575	668	800	527	964	1023
606	668	800	637	958	1023
637	668	800	761	945	1023
668	668	800	894	920	1023
800	668	800	1023	779	1023
924	668	800	1023	569	917
0	800	800	0	1020	1001
62	800	800	0	1020	1001
123	800	800	0	1021	1003
185	800	800	0	1021	1007
254	800	800	0	1022	1011
308	800	800	0	1023	989
386	800	800	0	1023	1009
451	800	800	50	1023	1021
482	800	800	118	1023	1021
513	800	800	184	1023	1021
544	800	800	252	1023	1021
575	800	800	326	1023	1021
606	800	800	413	1023	1021
637	800	800	511	1023	1021
668	800	800	620	1023	1023
800	800	800	1023	1023	1023
924	800	800	1023	938	955
0	924	800	0	1023	1018
62	924	800	0	1023	1018
123	924	800	0	1023	1019
185	924	800	0	1023	1019
254	924	800	0	1023	1021
308	924	800	0	1023	1023
386	924	800	0	1023	1010
451	924	800	0	1023	989
482	924	800	0	1023	979
513	924	800	68	1023	979
544	924	800	135	1023	981
575	924	800	203	1023	983
606	924	800	276	1023	985
637	924	800	359	1023	987
668	924	800	453	1023	989
800	924	800	926	1023	1000
924	924	800	1023	1023	1006
0	0	924	0	13	1023
62	0	924	0	8	1023
123	0	924	0	1	1023
185	0	924	31	0	1023
254	0	924	111	0	1023
308	0	924	173	0	1023
386	0	924	281	0	1023
451	0	924	397	0	1023
482	0	924	460	0	1023
513	0	924	529	0	1023
544	0	924	605	0	1023
575	0	924	691	0	1023
606	0	924	783	0	1023
637	0	924	877	0	1023
668	0	924	917	0	1023
800	0	924	1023	0	1023
924	0	924	1023	0	1023
0	62	924	0	25	1023
62	62	924	0	21	1023
123	62	924	0	5	1023
185	62	924	7	0	1023
254	62	924	93	0	1023
308	62	924	157	0	1023
386	62	924	267	0	1023
451	62	924	385	0	1023
482	62	924	448	0	1023
513	62	924	519	0	1023
544	62	924	597	0	1023
575	62	924	680	0	1023
606	62	924	778	0	1023
637	62	924	870	0	1023
668	62	924	912	0	1023
800	62	924	1023	0	1023
924	62	924	1023	0	1023
0	123	924	0	56	1023
62	123	924	0	52	1023
123	123	924	0	37	1023
185	123	924	0	11	1023
254	123	924	13	0	1023
308	123	924	100	0	1023
386	123	924	218	0	1023
451	123	924	338	0	1023
482	123	924	405	0	1023
513	123	924	478	0	1023
544	123	924	560	0	1023
575	123	924	650	0	1023
606	123	924	749	0	1023
637	123	924	845	0	1023
668	123	924	892	0	1023
800	123	924	1023	0	1023
924	123	924	1023	0	1023
0	185	924	0	99	1023
62	185	924	0	96	1023
123	185	924	0	84	1023
185	185	924	0	59	1023
254	185	924	3	20	1023
308	185	924	83	14	1023
386	185	924	185	4	1023
451	185	924	288	3	1023
482	185	924	346	2	1023
513	185	924	414	1	1023
544	185	924	493	0	1023
575	185	924	581	0	1023
606	185	924	689	0	1023
637	185	924	788	0	1023
668	185	924	865	0	1023
800	185	924	1023	0	1023
924	185	924	1023	0	1023
0	254	924	0	162	1023
62	254	924	0	158	1023
123	254	924	0	145	1023
185	254	924	0	120	1023
254	254	924	1	80	1023
308	254	924	71	77	1023
386	254	924	174	72	1023
451	254	924	278	66	1023
482	254	924	334	63	1023
513	254	924	404	59	1023
544	254	924	480	55	1023
575	254	924	565	51	1023
606	254	924	664	44	1023
637	254	924	765	37	1023
668	254	924	848	29	1023
800	254	924	1023	2	1023
924	254	924	1023	0	1023
0	308	924	0	220	1023
62	308	924	0	216	1023
123	308	924	0	203	1023
185	308	924	0	178	1023
254	308	924	0	132	1023
308	308	924	58	123	1023
386	308	924	164	118	1023
451	308	924	267	112	1023
482	308	924	324	110	1023
513	308	924	393	106	1023
544	308	924	466	103	1023
575	308	924	551	99	1023
606	308	924	647	95	1023
637	308	924	755	91	1023
668	308	924	837	87	1023
800	308	924	1023	65	1023
924	308	924	1023	23	1023
0	386	924	0	325	1023
62	386	924	0	324	1023
123	386	924	0	310	1023
185	386	924	0	283	1023
254	386	924	0	231	1023
308	386	924	21	203	1023
386	386	924	143	198	1023
451	386	924	246	193	1023
482	386	924	303	191	1023
513	386	924	369	188	1023
544	386	924	441	185	1023
575	386	924	526	182	1023
606	386	924	624	178	1023
637	386	924	733	174	1023
668	386	924	816	171	1023
800	386	924	1023	150	1023
924	386	924	1023	105	1023
0	451	924	0	433	1023
62	451	924	0	432	1023
123	451	924	0	417	1023
185	451	924	0	391	1023
254	451	924	0	341	1023
308	451	924	0	286	1023
386	451	924	120	283	1023
451	451	924	224	278	1023
482	451	924	281	274	1023
513	451	924	344	270	1023
544	451	924	418	268	1023
575	451	924	499	264	1023
606	451	924	594	260	1023
637	451	924	704	257	1023
668	451	924	797	252	1023
800	451	924	1023	231	1023
924	451	924	1023	178	1023
0	482	924	0	491	1023
62	482	924	0	489	1023
123	482	924	0	475	1023
185	482	924	0	449	1023
254	482	924	0	401	1023
308	482	924	0	342	1023
386	482	924	108	327	1023
451	482	924	210	323	1023
482	482	924	270	320	1023
513	482	924	331	316	1023
544	482	924	406	313	1023
575	482	924	486	310	1023
606	482	924	581	306	1023
637	482	924	687	303	1023
668	482	924	786	297	1023
800	482	924	1023	278	1023
924	482	924	1023	214	1023
0	513	924	0	554	1023
62	513	924	0	550	1023
123	513	924	0	538	1023
185	513	924	0	513	1023
254	513	924	0	467	1023
308	513	924	0	411	1023
386	513	924	93	383	1023
451	513	924	199	376	1023
482	513	924	257	373	1023
513	513	924	317	369	1023
544	513	924	390	366	1023
575	513	924	472	363	1023
606	513	924	565	359	1023
637	513	924	669	354	1023
668	513	924	774	349	1023
800	513	924	1023	327	1023
924	513	924	1023	258	1023
0	544	924	0	617	1023
62	544	924	0	614	1023
123	544	924	0	601	1023
185	544	924	0	578	1023
254	544	924	0	535	1023
308	544	924	0	482	1023
386	544	924	80	441	1023
451	544	924	187	436	1023
482	544	924	243	432	1023
513	544	924	304	429	1023
544	544	924	374	425	1023
575	544	924	455	421	1023
606	544	924	549	418	1023
637	544	924	652	413	1023
668	544	924	761	409	1023
800	544	924	1023	386	1023
924	544	924	1023	306	1023
0	575	924	0	684	1023
62	575	924	0	681	1023
123	575	924	0	669	1023
185	575	924	0	651	1023
254	575	924	0	610	1023
308	575	924	0	564	1023
386	575	924	63	512	1023
451	575	924	174	505	1023
482	575	924	227	501	1023
513	575	924	289	499	1023
544	575	924	359	495	1023
575	575	924	439	491	1023
606	575	924	528	486	1023
637	575	924	632	480	1023
668	575	924	746	474	1023
800	575	924	1023	449	1023
924	575	924	1023	361	1023
0	606	924	0	755	1023
62	606	924	0	752	1023
123	606	924	0	743	1023
185	606	924	0	723	1023
254	606	924	0	691	1023
308	606	924	0	648	1023
386	606	924	39	586	1023
451	606	924	158	579	1023
482	606	924	210	576	1023
513	606	924	274	571	1023
544	606	924	342	567	1023
575	606	924	421	565	1023
606	606	924	512	560	1023
637	606	924	612	553	1023
668	606	924	727	549	1023
800	606	924	1023	523	1023
924	606	924	1023	421	1023
0	637	924	0	843	1023
62	637	924	0	840	1023
123	637	924	0	830	1023
185	637	924	0	814	1023
254	637	924	0	781	1023
308	637	924	0	744	1023
386	637	924	4	675	1023
451	637	924	140	664	1023
482	637	924	195	661	1023
513	637	924	257	655	1023
544	637	924	324	652	1023
575	637	924	402	647	1023
606	637	924	491	642	1023
637	637	924	589	637	1023
668	637	924	704	632	1023
800	637	924	1023	607	1023
924	637	924	1023	493	1023
0	668	924	0	925	1023
62	668	924	0	923	1023
123	668	924	0	915	1023
185	668	924	0	900	1023
254	668	924	0	870	1023
308	668	924	0	833	1023
386	668	924	0	763	1023
451	668	924	121	757	1023
482	668	924	179	755	1023
513	668	924	240	750	1023
544	668	924	306	748	1023
575	668	924	383	744	1023
606	668	924	470	741	1023
637	668	924	569	735	1023
668	668	924	681	730	1023
800	668	924	1023	698	1023
924	668	924	1023	574	1023
0	800	924	0	1013	1023
62	800	924	0	1014	1023
123	800	924	0	1014	1023
185	800	924	0	1016	1023
254	800	924	0	1020	1023
308	800	924	0	1023	1023
386	800	924	0	1023	1023
451	800	924	4	1023	1023
482	800	924	89	1023	1023
513	800	924	154	1023	1023
544	800	924	219	1023	1023
575	800	924	290	1023	1023
606	800	924	371	1023	1023
637	800	924	462	1023	1023
668	800	924	567	1023	1023
800	800	924	1002	1017	1023
924	800	924	1023	947	1023
0	924	924	0	1023	1023
62	924	924	0	1023	1023
123	924	924	0	1023	1023
185	924	924	0	1023	1023
254	924	924	0	1023	1023
308	924	924	0	1023	1023
386	924	924	0	1023	1023
451	924	924	0	1023	1023
482	924	924	0	1023	1023
513	924	924	38	1023	1023
544	924	924	114	1023	1023
575	924	924	184	1023	1023
606	924	924	258	1023	1023
637	924	924	336	1023	1023
668	924	924	430	1023	1023
800	924	924	909	1023	1023
924	924	924	1023	1023	1023