0	0	0	0	0	0
256	0	0	42	8	12
512	0	0	98	8	20
768	0	0	145	8	29
1024	0	0	189	8	37
1280	0	0	232	8	44
1536	0	0	274	8	50
1792	0	0	314	8	56
2048	0	0	357	8	60
2304	0	0	408	8	65
2560	0	0	468	8	69
2816	0	0	543	8	72
3072	0	0	631	8	76
3328	0	0	844	8	85
3584	0	0	995	8	88
3840	0	0	1023	13	86
4095	0	0	1023	26	83
0	256	0	8	39	19
256	256	0	36	35	8
512	256	0	97	31	8
768	256	0	149	22	8
1024	256	0	194	8	21
1280	256	0	237	8	32
1536	256	0	278	8	41
1792	256	0	318	8	49
2048	256	0	361	8	55
2304	256	0	412	8	61
2560	256	0	472	8	65
2816	256	0	547	8	70
3072	256	0	636	8	74
3328	256	0	742	8	77
3584	256	0	1002	8	86
3840	256	0	1022	8	84
4095	256	0	1023	43	83
0	512	0	8	90	34
256	512	0	15	89	8
512	512	0	89	87	8
768	512	0	144	83	8
1024	512	0	193	75	8
1280	512	0	240	64	8
1536	512	0	286	46	9
1792	512	0	329	17	13
2048	512	0	373	8	29
2304	512	0	426	8	41
2560	512	0	488	8	50
2816	512	0	565	8	58
3072	512	0	656	8	64
3328	512	0	765	8	69
3584	512	0	896	8	74
3840	512	0	1020	8	77
4095	512	0	1023	85	83
0	768	0	8	139	64
256	768	0	8	138	49
512	768	0	70	135	8
768	768	0	136	133	8
1024	768	0	187	129	8
1280	768	0	235	125	8
1536	768	0	282	118	8
1792	768	0	326	108	8
2048	768	0	377	96	9
2304	768	0	438	78	14
2560	768	0	513	48	17
2816	768	0	602	8	25
3072	768	0	696	8	38
3328	768	0	810	8	50
3584	768	0	945	8	58
3840	768	0	1020	8	62
4095	768	0	1023	126	83
0	1024	0	8	200	94
256	1024	0	8	199	83
512	1024	0	28	179	8
768	1024	0	122	177	8
1024	1024	0	179	175	8
1280	1024	0	229	172	8
1536	1024	0	277	168	8
1792	1024	0	322	164	8
2048	1024	0	371	157	8
2304	1024	0	433	149	8
2560	1024	0	508	138	8
2816	1024	0	600	125	14
3072	1024	0	711	107	18
3328	1024	0	847	83	22
3584	1024	0	1011	34	25
3840	1024	0	1023	8	29
4095	1024	0	1023	164	83
0	1280	0	8	240	104
256	1280	0	8	240	95
512	1280	0	8	220	49
768	1280	0	100	219	8
1024	1280	0	167	217	8
1280	1280	0	220	215	8
1536	1280	0	270	213	8
1792	1280	0	316	209	8
2048	1280	0	365	205	8
2304	1280	0	425	200	8
2560	1280	0	498	194	8
2816	1280	0	591	186	8
3072	1280	0	702	176	8
3328	1280	0	838	165	13
3584	1280	0	1002	152	18
3840	1280	0	1023	136	22
4095	1280	0	1023	202	84
0	1536	0	8	280	114
256	1536	0	8	280	107
512	1536	0	8	280	77
768	1536	0	60	261	8
1024	1536	0	152	260	8
1280	1536	0	210	258	8
1536	1536	0	263	256	8
1792	1536	0	310	254	8
2048	1536	0	358	251	8
2304	1536	0	417	247	8
2560	1536	0	487	243	8
2816	1536	0	578	237	8
3072	1536	0	687	231	8
3328	1536	0	821	223	8
3584	1536	0	986	213	8
3840	1536	0	1022	195	8
4095	1536	0	1023	241	87
0	1792	0	8	317	125
256	1792	0	8	317	119
512	1792	0	8	318	96
768	1792	0	8	300	31
1024	1792	0	132	300	8
1280	1792	0	198	298	8
1536	1792	0	253	297	8
1792	1792	0	303	295	8
2048	1792	0	351	293	8
2304	1792	0	409	291	8
2560	1792	0	477	287	8
2816	1792	0	564	284	8
3072	1792	0	670	279	8
3328	1792	0	801	274	8
3584	1792	0	962	268	8
3840	1792	0	1023	289	83
4095	1792	0	1023	279	90
0	2048	0	8	357	137
256	2048	0	8	357	132
512	2048	0	8	358	113
768	2048	0	8	338	63
1024	2048	0	101	339	8
1280	2048	0	184	337	8
1536	2048	0	243	336	8
1792	2048	0	295	334	8
2048	2048	0	343	333	8
2304	2048	0	400	330	8
2560	2048	0	467	328	8
2816	2048	0	552	326	8
3072	2048	0	654	322	8
3328	2048	0	781	319	8
3584	2048	0	937	315	8
3840	2048	0	1023	326	83
4095	2048	0	1023	315	95
0	2304	0	8	405	150
256	2304	0	8	405	146
512	2304	0	8	406	131
768	2304	0	8	409	96
1024	2304	0	32	385	8
1280	2304	0	164	383	8
1536	2304	0	230	382	8
1792	2304	0	285	380	8
2048	2304	0	334	378	8
2304	2304	0	391	376	8
2560	2304	0	458	373	8
2816	2304	0	540	371	8
3072	2304	0	640	368	8
3328	2304	0	762	365	8
3584	2304	0	913	361	8
3840	2304	0	1023	368	84
4095	2304	0	1023	352	100
0	2560	0	8	460	164
256	2560	0	8	461	161
512	2560	0	8	462	147
768	2560	0	8	466	120
1024	2560	0	8	437	58
1280	2560	0	134	438	8
1536	2560	0	212	437	8
1792	2560	0	273	435	8
2048	2560	0	324	433	8
2304	2560	0	380	431	8
2560	2560	0	447	428	8
2816	2560	0	528	425	8
3072	2560	0	627	423	8
3328	2560	0	746	419	8
3584	2560	0	893	416	8
3840	2560	0	1023	419	82
4095	2560	0	1023	397	105
0	2816	0	8	527	178
256	2816	0	8	528	175
512	2816	0	8	530	164
768	2816	0	8	534	141
1024	2816	0	8	540	99
1280	2816	0	77	503	8
1536	2816	0	190	501	8
1792	2816	0	258	499	8
2048	2816	0	314	497	8
2304	2816	0	368	494	8
2560	2816	0	435	492	8
2816	2816	0	515	489	8
3072	2816	0	613	485	8
3328	2816	0	730	482	8
3584	2816	0	873	478	8
3840	2816	0	1023	478	71
4095	2816	0	1023	448	111
0	3072	0	8	607	192
256	3072	0	8	607	190
512	3072	0	8	610	180
768	3072	0	8	614	160
1024	3072	0	8	622	127
1280	3072	0	8	580	51
1536	3072	0	159	581	8
1792	3072	0	239	579	8
2048	3072	0	300	576	8
2304	3072	0	356	574	8
2560	3072	0	421	571	8
2816	3072	0	499	568	8
3072	3072	0	597	564	8
3328	3072	0	713	560	8
3584	3072	0	854	556	8
3840	3072	0	1023	552	17
4095	3072	0	1023	509	112
0	3328	0	8	700	206
256	3328	0	8	700	204
512	3328	0	8	704	195
768	3328	0	8	709	178
1024	3328	0	8	718	150
1280	3328	0	8	729	100
1536	3328	0	110	674	8
1792	3328	0	215	672	8
2048	3328	0	284	669	8
2304	3328	0	342	666	8
2560	3328	0	407	663	8
2816	3328	0	482	660	8
3072	3328	0	579	656	8
3328	3328	0	694	652	8
3584	3328	0	833	647	8
3840	3328	0	1001	643	8
4095	3328	0	1023	581	97
0	3584	0	8	810	220
256	3584	0	8	812	218
512	3584	0	8	815	210
768	3584	0	8	821	195
1024	3584	0	8	831	171
1280	3584	0	8	845	131
1536	3584	0	8	784	37
1792	3584	0	184	783	8
2048	3584	0	265	781	8
2304	3584	0	326	777	8
2560	3584	0	391	774	8
2816	3584	0	467	770	8
3072	3584	0	559	766	8
3328	3584	0	673	761	8
3584	3584	0	811	756	8
3840	3584	0	977	751	8
4095	3584	0	1022	669	8
0	3840	0	8	941	234
256	3840	0	8	943	232
512	3840	0	8	947	225
768	3840	0	8	954	211
1024	3840	0	8	965	189
1280	3840	0	8	981	156
1536	3840	0	8	999	98
1792	3840	0	139	917	8
2048	3840	0	240	914	8
2304	3840	0	309	910	8
2560	3840	0	372	906	8
2816	3840	0	449	902	8
3072	3840	0	540	897	8
3328	3840	0	649	893	8
3584	3840	0	785	887	8
3840	3840	0	950	881	8
4095	3840	0	1020	793	8
0	4095	0	8	1021	242
256	4095	0	8	1022	241
512	4095	0	8	1023	234
768	4095	0	8	1022	220
1024	4095	0	8	1022	200
1280	4095	0	8	1022	172
1536	4095	0	8	1023	127
1792	4095	0	14	1023	11
2048	4095	0	205	1022	8
2304	4095	0	285	1023	8
2560	4095	0	349	1023	8
2816	4095	0	421	1022	8
3072	4095	0	509	1021	8
3328	4095	0	617	1022	8
3584	4095	0	746	1021	8
3840	4095	0	931	1023	97
4095	4095	0	1022	951	8
0	0	256	8	12	35
256	0	256	41	8	36
512	0	256	97	8	40
768	0	256	145	8	47
1024	0	256	189	8	54
1280	0	256	231	8	59
1536	0	256	274	8	63
1792	0	256	314	8	68
2048	0	256	357	8	72
2304	0	256	408	8	75
2560	0	256	468	8	79
2816	0	256	542	8	82
3072	0	256	631	8	85
3328	0	256	844	8	94
3584	0	256	994	8	97
3840	0	256	1023	12	94
4095	0	256	1023	26	92
0	256	256	8	39	37
256	256	256	34	34	34
512	256	256	96	30	34
768	256	256	149	21	35
1024	256	256	194	8	41
1280	256	256	236	8	50
1536	256	256	278	8	57
1792	256	256	317	8	63
2048	256	256	360	8	68
2304	256	256	412	8	72
2560	256	256	472	8	76
2816	256	256	547	8	80
3072	256	256	636	8	83
3328	256	256	742	8	87
3584	256	256	1002	8	95
3840	256	256	1022	8	92
4095	256	256	1023	43	92
0	512	256	8	90	51
256	512	256	8	89	34
512	512	256	88	86	33
768	512	256	144	82	33
1024	512	256	193	75	34
1280	512	256	240	63	35
1536	512	256	286	46	36
1792	512	256	329	17	37
2048	512	256	373	8	48
2304	512	256	426	8	58
2560	512	256	488	8	64
2816	512	256	565	8	70
3072	512	256	656	8	75
3328	512	256	765	8	80
3584	512	256	896	8	84
3840	512	256	1023	17	87
4095	512	256	1023	85	92
0	768	256	8	138	73
256	768	256	8	137	62
512	768	256	67	135	31
768	768	256	135	132	31
1024	768	256	187	129	32
1280	768	256	236	124	32
1536	768	256	283	117	33
1792	768	256	327	108	34
2048	768	256	377	96	36
2304	768	256	438	78	37
2560	768	256	513	48	39
2816	768	256	601	8	45
3072	768	256	696	8	56
3328	768	256	810	8	64
3584	768	256	945	8	71
3840	768	256	1020	8	73
4095	768	256	1023	126	92
0	1024	256	8	199	101
256	1024	256	8	181	82
512	1024	256	15	178	27
768	1024	256	119	177	28
1024	1024	256	178	175	28
1280	1024	256	229	172	29
1536	1024	256	278	167	30
1792	1024	256	323	162	31
2048	1024	256	372	156	32
2304	1024	256	434	148	33
2560	1024	256	508	138	35
2816	1024	256	600	125	37
3072	1024	256	711	107	40
3328	1024	256	847	83	43
3584	1024	256	1011	34	45
3840	1024	256	1022	8	47
4095	1024	256	1023	164	93
0	1280	256	8	240	112
256	1280	256	8	240	104
512	1280	256	8	220	62
768	1280	256	92	219	22
1024	1280	256	164	217	22
1280	1280	256	219	215	23
1536	1280	256	271	212	24
1792	1280	256	317	208	26
2048	1280	256	367	204	27
2304	1280	256	427	199	29
2560	1280	256	501	192	31
2816	1280	256	593	185	32
3072	1280	256	704	176	34
3328	1280	256	838	165	37
3584	1280	256	1002	152	40
3840	1280	256	1023	136	42
4095	1280	256	1023	201	93
0	1536	256	8	279	123
256	1536	256	8	279	116
512	1536	256	8	260	82
768	1536	256	24	261	8
1024	1536	256	144	260	10
1280	1536	256	207	258	12
1536	1536	256	261	256	14
1792	1536	256	310	253	17
2048	1536	256	360	250	19
2304	1536	256	420	245	21
2560	1536	256	492	240	24
2816	1536	256	584	235	26
3072	1536	256	694	228	28
3328	1536	256	828	221	31
3584	1536	256	990	212	33
3840	1536	256	1023	248	93
4095	1536	256	1023	240	96
0	1792	256	8	317	135
256	1792	256	8	317	129
512	1792	256	8	318	107
768	1792	256	8	300	50
1024	1792	256	118	300	8
1280	1792	256	192	299	8
1536	1792	256	250	297	8
1792	1792	256	301	295	8
2048	1792	256	351	293	8
2304	1792	256	411	289	8
2560	1792	256	482	285	8
2816	1792	256	572	281	14
3072	1792	256	681	276	19
3328	1792	256	814	271	22
3584	1792	256	975	264	26
3840	1792	256	1023	288	94
4095	1792	256	1023	278	100
0	2048	256	8	357	146
256	2048	256	8	357	142
512	2048	256	8	358	125
768	2048	256	8	337	80
1024	2048	256	74	340	8
1280	2048	256	174	338	8
1536	2048	256	237	337	8
1792	2048	256	292	335	8
2048	2048	256	341	333	8
2304	2048	256	400	330	8
2560	2048	256	470	327	8
2816	2048	256	557	324	8
3072	2048	256	664	320	8
3328	2048	256	796	316	8
3584	2048	256	958	310	9
3840	2048	256	1023	326	96
4095	2048	256	1023	314	104
0	2304	256	8	404	160
256	2304	256	8	405	156
512	2304	256	8	406	141
768	2304	256	8	409	110
1024	2304	256	8	385	35
1280	2304	256	150	385	8
1536	2304	256	222	383	8
1792	2304	256	280	381	8
2048	2304	256	331	379	8
2304	2304	256	389	376	8
2560	2304	256	458	373	8
2816	2304	256	542	370	8
3072	2304	256	645	367	8
3328	2304	256	772	363	8
3584	2304	256	929	358	8
3840	2304	256	1023	368	96
4095	2304	256	1023	352	110
0	2560	256	8	460	173
256	2560	256	8	460	170
512	2560	256	8	462	157
768	2560	256	8	466	132
1024	2560	256	8	437	78
1280	2560	256	112	440	8
1536	2560	256	203	438	8
1792	2560	256	267	436	8
2048	2560	256	321	434	8
2304	2560	256	376	431	8
2560	2560	256	445	429	8
2816	2560	256	528	425	8
3072	2560	256	629	422	8
3328	2560	256	750	418	8
3584	2560	256	903	414	8
3840	2560	256	1023	418	94
4095	2560	256	1023	397	116
0	2816	256	8	526	186
256	2816	256	8	527	183
512	2816	256	8	530	173
768	2816	256	8	534	151
1024	2816	256	8	540	113
1280	2816	256	8	505	11
1536	2816	256	178	503	8
1792	2816	256	251	501	8
2048	2816	256	309	499	8
2304	2816	256	365	496	8
2560	2816	256	431	493	8
2816	2816	256	513	489	8
3072	2816	256	612	485	8
3328	2816	256	732	482	8
3584	2816	256	878	477	8
3840	2816	256	1023	478	84
4095	2816	256	1023	448	121
0	3072	256	8	606	199
256	3072	256	8	607	197
512	3072	256	8	610	187
768	3072	256	8	614	169
1024	3072	256	8	621	137
1280	3072	256	8	580	72
1536	3072	256	143	583	8
1792	3072	256	230	581	8
2048	3072	256	295	578	8
2304	3072	256	352	576	8
2560	3072	256	417	572	8
2816	3072	256	496	569	8
3072	3072	256	595	565	8
3328	3072	256	713	560	8
3584	3072	256	856	556	8
3840	3072	256	1023	552	42
4095	3072	256	1023	507	115
0	3328	256	8	699	213
256	3328	256	8	700	210
512	3328	256	8	703	202
768	3328	256	8	709	186
1024	3328	256	8	717	159
1280	3328	256	8	729	113
1536	3328	256	77	677	8
1792	3328	256	205	674	8
2048	3328	256	278	672	8
2304	3328	256	337	669	8
2560	3328	256	402	665	8
2816	3328	256	479	661	8
3072	3328	256	576	657	8
3328	3328	256	692	652	8
3584	3328	256	833	647	8
3840	3328	256	1003	642	8
4095	3328	256	1023	579	94
0	3584	256	8	810	226
256	3584	256	8	811	224
512	3584	256	8	814	216
768	3584	256	8	821	201
1024	3584	256	8	831	178
1280	3584	256	8	844	141
1536	3584	256	8	783	62
1792	3584	256	171	786	8
2048	3584	256	257	783	8
2304	3584	256	321	780	8
2560	3584	256	386	776	8
2816	3584	256	462	772	8
3072	3584	256	555	768	8
3328	3584	256	670	763	8
3584	3584	256	808	757	8
3840	3584	256	976	751	8
4095	3584	256	1021	668	8
0	3840	256	8	941	240
256	3840	256	8	942	238
512	3840	256	8	946	231
768	3840	256	8	953	217
1024	3840	256	8	964	196
1280	3840	256	8	980	164
1536	3840	256	8	999	110
1792	3840	256	117	920	8
2048	3840	256	231	917	8
2304	3840	256	304	913	8
2560	3840	256	368	909	8
2816	3840	256	444	905	8
3072	3840	256	535	900	8
3328	3840	256	645	894	8
3584	3840	256	782	889	8
3840	3840	256	948	882	8
4095	3840	256	1020	794	8
0	4095	256	8	1021	247
256	4095	256	8	1022	246
512	4095	256	8	1022	239
768	4095	256	8	1021	226
1024	4095	256	8	1021	206
1280	4095	256	8	1022	178
1536	4095	256	8	1022	135
1792	4095	256	8	1023	42
2048	4095	256	194	1022	8
2304	4095	256	279	1022	8
2560	4095	256	344	1023	8
2816	4095	256	416	1022	8
3072	4095	256	502	1021	8
3328	4095	256	611	1022	8
3584	4095	256	741	1022	8
3840	4095	256	930	1023	108
4095	4095	256	1023	955	8
0	0	512	8	18	85
256	0	512	38	8	86
512	0	512	96	8	87
768	0	512	144	8	89
1024	0	512	188	8	92
1280	0	512	231	8	95
1536	0	512	273	8	98
1792	0	512	313	8	101
2048	0	512	356	8	104
2304	0	512	407	8	107
2560	0	512	467	8	110
2816	0	512	541	8	113
3072	0	512	629	8	117
3328	0	512	735	8	120
3584	0	512	993	8	130
3840	0	512	1022	8	126
4095	0	512	1023	22	121
0	256	512	8	42	84
256	256	512	30	33	87
512	256	512	95	29	87
768	256	512	148	20	87
1024	256	512	193	8	88
1280	256	512	236	8	92
1536	256	512	277	8	95
1792	256	512	317	8	98
2048	256	512	360	8	102
2304	256	512	411	8	105
2560	256	512	471	8	108
2816	256	512	546	8	112
3072	256	512	635	8	115
3328	256	512	741	8	118
3584	256	512	868	8	121
3840	256	512	1020	8	124
4095	256	512	1023	39	121
0	512	512	8	89	87
256	512	512	8	88	86
512	512	512	86	86	86
768	512	512	143	82	86
1024	512	512	192	74	86
1280	512	512	240	63	87
1536	512	512	286	45	87
1792	512	512	329	15	88
2048	512	512	373	8	92
2304	512	512	426	8	97
2560	512	512	487	8	101
2816	512	512	564	8	105
3072	512	512	654	8	109
3328	512	512	764	8	113
3584	512	512	894	8	116
3840	512	512	1023	8	118
4095	512	512	1023	83	122
0	768	512	8	138	101
256	768	512	8	137	96
512	768	512	64	134	85
768	768	512	134	132	85
1024	768	512	186	129	85
1280	768	512	235	124	86
1536	768	512	282	117	86
1792	768	512	326	108	87
2048	768	512	376	95	87
2304	768	512	438	77	88
2560	768	512	513	48	89
2816	768	512	601	8	91
3072	768	512	695	8	97
3328	768	512	809	8	102
3584	768	512	944	8	106
3840	768	512	1023	13	107
4095	768	512	1023	125	123
0	1024	512	8	198	129
256	1024	512	8	179	110
512	1024	512	8	178	83
768	1024	512	118	177	83
1024	1024	512	177	175	83
1280	1024	512	229	171	84
1536	1024	512	277	167	84
1792	1024	512	322	162	85
2048	1024	512	372	155	85
2304	1024	512	433	147	86
2560	1024	512	507	137	87
2816	1024	512	600	124	88
3072	1024	512	711	107	89
3328	1024	512	846	82	90
3584	1024	512	1010	33	91
3840	1024	512	1023	166	125
4095	1024	512	1023	164	124
0	1280	512	8	239	140
256	1280	512	8	239	135
512	1280	512	8	219	102
768	1280	512	90	219	80
1024	1280	512	164	217	80
1280	1280	512	219	215	81
1536	1280	512	270	212	81
1792	1280	512	317	208	82
2048	1280	512	367	204	83
2304	1280	512	427	198	83
2560	1280	512	500	192	84
2816	1280	512	593	185	86
3072	1280	512	703	176	87
3328	1280	512	838	165	88
3584	1280	512	1001	151	89
3840	1280	512	1023	206	126
4095	1280	512	1023	201	126
0	1536	512	8	278	151
256	1536	512	8	278	147
512	1536	512	8	260	118
768	1536	512	18	261	76
1024	1536	512	143	260	76
1280	1536	512	206	258	77
1536	1536	512	261	256	77
1792	1536	512	310	253	78
2048	1536	512	359	250	79
2304	1536	512	420	245	80
2560	1536	512	491	240	81
2816	1536	512	583	235	82
3072	1536	512	693	228	83
3328	1536	512	827	220	85
3584	1536	512	990	212	86
3840	1536	512	1023	247	127
4095	1536	512	1023	239	127
0	1792	512	8	316	163
256	1792	512	8	316	158
512	1792	512	8	317	143
768	1792	512	8	300	100
1024	1792	512	110	301	72
1280	1792	512	189	299	72
1536	1792	512	248	297	73
1792	1792	512	301	295	73
2048	1792	512	351	292	74
2304	1792	512	411	289	75
2560	1792	512	481	285	76
2816	1792	512	572	281	77
3072	1792	512	681	276	79
3328	1792	512	814	271	80
3584	1792	512	975	264	82
3840	1792	512	1023	287	128
4095	1792	512	1023	277	131
0	2048	512	8	356	174
256	2048	512	8	356	170
512	2048	512	8	357	157
768	2048	512	8	337	120
1024	2048	512	29	340	65
1280	2048	512	165	339	66
1536	2048	512	232	337	66
1792	2048	512	289	335	67
2048	2048	512	340	333	68
2304	2048	512	400	330	69
2560	2048	512	470	327	70
2816	2048	512	558	323	72
3072	2048	512	666	319	73
3328	2048	512	798	315	75
3584	2048	512	958	310	76
3840	2048	512	1023	325	129
4095	2048	512	1023	313	134
0	2304	512	8	403	185
256	2304	512	8	404	182
512	2304	512	8	405	170
768	2304	512	8	409	146
1024	2304	512	8	385	94
1280	2304	512	128	386	58
1536	2304	512	211	384	59
1792	2304	512	274	382	60
2048	2304	512	328	379	61
2304	2304	512	387	376	62
2560	2304	512	457	373	63
2816	2304	512	544	369	64
3072	2304	512	648	366	66
3328	2304	512	779	361	68
3584	2304	512	937	356	70
3840	2304	512	1023	367	129
4095	2304	512	1023	351	138
0	2560	512	8	459	196
256	2560	512	8	459	194
512	2560	512	8	461	183
768	2560	512	8	465	162
1024	2560	512	8	436	119
1280	2560	512	42	443	47
1536	2560	512	184	441	48
1792	2560	512	256	439	49
2048	2560	512	314	436	51
2304	2560	512	372	433	52
2560	2560	512	442	429	54
2816	2560	512	528	425	55
3072	2560	512	631	421	57
3328	2560	512	757	416	59
3584	2560	512	914	411	61
3840	2560	512	1023	418	127
4095	2560	512	1023	396	142
0	2816	512	8	526	208
256	2816	512	8	526	205
512	2816	512	8	528	196
768	2816	512	8	533	178
1024	2816	512	8	540	147
1280	2816	512	8	505	85
1536	2816	512	144	508	34
1792	2816	512	233	505	35
2048	2816	512	298	502	37
2304	2816	512	356	499	38
2560	2816	512	425	495	40
2816	2816	512	509	490	42
3072	2816	512	612	485	45
3328	2816	512	735	481	47
3584	2816	512	887	475	49
3840	2816	512	1023	477	119
4095	2816	512	1023	447	144
0	3072	512	8	605	220
256	3072	512	8	606	218
512	3072	512	8	608	209
768	3072	512	8	613	193
1024	3072	512	8	621	166
1280	3072	512	8	579	115
1536	3072	512	56	590	15
1792	3072	512	202	588	18
2048	3072	512	278	584	20
2304	3072	512	339	580	22
2560	3072	512	407	576	24
2816	3072	512	487	572	27
3072	3072	512	590	566	29
3328	3072	512	712	560	31
3584	3072	512	860	555	33
3840	3072	512	1023	551	91
4095	3072	512	1023	508	141
0	3328	512	8	698	232
256	3328	512	8	699	230
512	3328	512	8	702	222
768	3328	512	8	708	207
1024	3328	512	8	716	183
1280	3328	512	8	728	146
1536	3328	512	8	679	69
1792	3328	512	167	683	8
2048	3328	512	256	679	8
2304	3328	512	322	676	8
2560	3328	512	388	671	8
2816	3328	512	467	666	8
3072	3328	512	565	661	8
3328	3328	512	685	654	8
3584	3328	512	831	648	10
3840	3328	512	1009	641	17
4095	3328	512	1023	579	124
0	3584	512	8	809	245
256	3584	512	8	810	243
512	3584	512	8	814	235
768	3584	512	8	820	222
1024	3584	512	8	830	200
1280	3584	512	8	843	168
1536	3584	512	8	783	109
1792	3584	512	113	796	8
2048	3584	512	231	793	8
2304	3584	512	305	789	8
2560	3584	512	370	784	8
2816	3584	512	448	779	8
3072	3584	512	543	773	8
3328	3584	512	658	767	8
3584	3584	512	801	760	8
3840	3584	512	975	752	8
4095	3584	512	1023	666	17
0	3840	512	8	939	257
256	3840	512	8	940	255
512	3840	512	8	945	249
768	3840	512	8	952	236
1024	3840	512	8	963	216
1280	3840	512	8	979	187
1536	3840	512	8	998	143
1792	3840	512	8	928	43
2048	3840	512	199	928	8
2304	3840	512	284	924	8
2560	3840	512	352	919	8
2816	3840	512	427	913	8
3072	3840	512	520	908	8
3328	3840	512	632	901	8
3584	3840	512	769	893	8
3840	3840	512	940	885	8
4095	3840	512	1020	797	8
0	4095	512	8	1022	263
256	4095	512	8	1021	261
512	4095	512	8	1021	255
768	4095	512	8	1022	243
1024	4095	512	17	1023	225
1280	4095	512	8	1021	198
1536	4095	512	8	1022	160
1792	4095	512	8	1022	97
2048	4095	512	151	1022	8
2304	4095	512	255	1023	8
2560	4095	512	326	1022	8
2816	4095	512	398	1022	8
3072	4095	512	483	1023	8
3328	4095	512	593	1023	8
3584	4095	512	724	1022	8
3840	4095	512	928	1023	138
4095	4095	512	1023	965	8
0	0	768	8	23	126
256	0	768	32	8	131
512	0	768	94	8	130
768	0	768	143	8	130
1024	0	768	187	8	132
1280	0	768	230	8	135
1536	0	768	272	8	138
1792	0	768	312	8	141
2048	0	768	355	8	144
2304	0	768	406	8	147
2560	0	768	466	8	150
2816	0	768	539	8	153
3072	0	768	627	8	156
3328	0	768	732	8	159
3584	0	768	859	8	162
3840	0	768	1023	11	165
4095	0	768	1023	10	158
0	256	768	8	45	125
256	256	768	22	32	133
512	256	768	91	28	133
768	256	768	146	17	133
1024	256	768	192	8	133
1280	256	768	234	8	134
1536	256	768	276	8	137
1792	256	768	316	8	140
2048	256	768	358	8	142
2304	256	768	410	8	145
2560	256	768	470	8	148
2816	256	768	544	8	151
3072	256	768	633	8	154
3328	256	768	738	8	157
3584	256	768	865	8	160
3840	256	768	1017	8	163
4095	256	768	1023	33	158
0	512	768	8	90	123
256	512	768	8	88	129
512	512	768	82	85	132
768	512	768	141	81	133
1024	512	768	191	73	133
1280	512	768	239	62	133
1536	512	768	285	44	133
1792	512	768	328	12	133
2048	512	768	372	8	136
2304	512	768	424	8	140
2560	512	768	486	8	143
2816	512	768	562	8	146
3072	512	768	652	8	150
3328	512	768	761	8	153
3584	512	768	892	8	156
3840	512	768	1023	63	163
4095	512	768	1023	80	159
0	768	768	8	136	132
256	768	768	8	136	132
512	768	768	58	134	132
768	768	768	132	132	132
1024	768	768	185	128	132
1280	768	768	234	123	132
1536	768	768	282	116	132
1792	768	768	326	107	133
2048	768	768	376	95	133
2304	768	768	437	77	134
2560	768	768	512	46	134
2816	768	768	600	8	136
3072	768	768	694	8	140
3328	768	768	807	8	144
3584	768	768	941	8	148
3840	768	768	1023	119	163
4095	768	768	1023	123	159
0	1024	768	8	178	144
256	1024	768	8	178	142
512	1024	768	8	178	132
768	1024	768	115	176	131
1024	1024	768	176	174	131
1280	1024	768	227	171	131
1536	1024	768	277	167	131
1792	1024	768	322	162	132
2048	1024	768	371	155	132
2304	1024	768	433	147	133
2560	1024	768	507	137	133
2816	1024	768	599	124	134
3072	1024	768	710	106	134
3328	1024	768	845	82	135
3584	1024	768	1009	32	136
3840	1024	768	1023	164	164
4095	1024	768	1023	163	160
0	1280	768	8	237	171
256	1280	768	8	237	168
512	1280	768	8	218	142
768	1280	768	86	219	129
1024	1280	768	162	217	129
1280	1280	768	218	215	130
1536	1280	768	269	212	130
1792	1280	768	316	208	130
2048	1280	768	366	204	131
2304	1280	768	426	198	131
2560	1280	768	500	192	132
2816	1280	768	592	184	132
3072	1280	768	702	175	133
3328	1280	768	837	164	133
3584	1280	768	1000	151	134
3840	1280	768	1023	205	164
4095	1280	768	1023	201	161
0	1536	768	8	277	182
256	1536	768	8	277	179
512	1536	768	8	259	155
768	1536	768	8	261	128
1024	1536	768	142	260	128
1280	1536	768	205	258	128
1536	1536	768	260	256	128
1792	1536	768	309	253	128
2048	1536	768	359	249	129
2304	1536	768	419	245	129
2560	1536	768	491	240	130
2816	1536	768	582	234	130
3072	1536	768	692	228	131
3328	1536	768	826	220	132
3584	1536	768	989	212	132
3840	1536	768	1023	246	164
4095	1536	768	1023	238	163
0	1792	768	8	315	193
256	1792	768	8	315	190
512	1792	768	8	316	179
768	1792	768	8	299	144
1024	1792	768	107	300	125
1280	1792	768	188	299	126
1536	1792	768	247	297	126
1792	1792	768	300	295	126
2048	1792	768	350	292	126
2304	1792	768	410	289	127
2560	1792	768	481	285	128
2816	1792	768	571	281	128
3072	1792	768	680	276	129
3328	1792	768	813	270	129
3584	1792	768	974	264	130
3840	1792	768	1023	286	165
4095	1792	768	1023	275	164
0	2048	768	8	355	203
256	2048	768	8	355	201
512	2048	768	8	357	191
768	2048	768	8	336	160
1024	2048	768	20	340	122
1280	2048	768	163	339	122
1536	2048	768	231	337	123
1792	2048	768	288	335	123
2048	2048	768	339	333	124
2304	2048	768	399	330	124
2560	2048	768	470	327	125
2816	2048	768	557	323	125
3072	2048	768	665	319	126
3328	2048	768	797	315	127
3584	2048	768	957	310	128
3840	2048	768	1023	324	165
4095	2048	768	1023	311	166
0	2304	768	8	402	214
256	2304	768	8	403	212
512	2304	768	8	404	202
768	2304	768	8	408	184
1024	2304	768	8	384	142
1280	2304	768	126	386	119
1536	2304	768	210	384	119
1792	2304	768	274	382	120
2048	2304	768	327	379	120
2304	2304	768	386	376	121
2560	2304	768	457	373	121
2816	2304	768	543	369	122
3072	2304	768	648	366	123
3328	2304	768	778	361	123
3584	2304	768	937	356	124
3840	2304	768	1023	366	165
4095	2304	768	1023	349	169
0	2560	768	8	458	225
256	2560	768	8	458	223
512	2560	768	8	460	214
768	2560	768	8	464	197
1024	2560	768	8	436	160
1280	2560	768	33	443	115
1536	2560	768	183	441	115
1792	2560	768	255	438	116
2048	2560	768	314	436	116
2304	2560	768	371	433	117
2560	2560	768	441	429	117
2816	2560	768	527	425	118
3072	2560	768	631	421	119
3328	2560	768	756	416	119
3584	2560	768	913	411	120
3840	2560	768	1023	417	162
4095	2560	768	1023	394	172
0	2816	768	8	524	236
256	2816	768	8	525	234
512	2816	768	8	527	226
768	2816	768	8	532	210
1024	2816	768	8	539	185
1280	2816	768	8	504	137
1536	2816	768	142	508	110
1792	2816	768	231	505	111
2048	2816	768	297	502	111
2304	2816	768	356	499	112
2560	2816	768	424	494	112
2816	2816	768	508	490	113
3072	2816	768	611	485	114
3328	2816	768	735	480	115
3584	2816	768	886	475	116
3840	2816	768	1023	476	155
4095	2816	768	1023	445	172
0	3072	768	8	603	248
256	3072	768	8	604	246
512	3072	768	8	607	238
768	3072	768	8	612	224
1024	3072	768	8	620	201
1280	3072	768	8	578	158
1536	3072	768	49	590	105
1792	3072	768	201	587	105
2048	3072	768	277	584	106
2304	3072	768	338	580	106
2560	3072	768	406	576	107
2816	3072	768	486	572	108
3072	3072	768	589	566	108
3328	3072	768	711	560	109
3584	3072	768	860	555	110
3840	3072	768	1023	550	136
4095	3072	768	1023	507	170
0	3328	768	8	696	259
256	3328	768	8	697	257
512	3328	768	8	700	250
768	3328	768	8	706	237
1024	3328	768	8	715	216
1280	3328	768	8	727	184
1536	3328	768	8	678	130
1792	3328	768	157	684	98
2048	3328	768	252	680	99
2304	3328	768	319	676	99
2560	3328	768	386	672	100
2816	3328	768	466	667	101
3072	3328	768	563	661	102
3328	3328	768	684	654	103
3584	3328	768	830	648	104
3840	3328	768	1008	641	105
4095	3328	768	1023	580	159
0	3584	768	8	807	270
256	3584	768	8	808	268
512	3584	768	8	812	262
768	3584	768	8	818	250
1024	3584	768	8	829	230
1280	3584	768	8	842	202
1536	3584	768	8	782	154
1792	3584	768	64	800	90
2048	3584	768	218	796	91
2304	3584	768	297	792	92
2560	3584	768	364	787	92
2816	3584	768	443	782	93
3072	3584	768	538	775	94
3328	3584	768	654	768	95
3584	3584	768	798	760	96
3840	3584	768	974	752	98
4095	3584	768	1023	663	74
0	3840	768	8	937	281
256	3840	768	8	939	279
512	3840	768	8	943	274
768	3840	768	8	951	263
1024	3840	768	8	962	245
1280	3840	768	8	977	219
1536	3840	768	8	997	182
1792	3840	768	8	927	119
2048	3840	768	172	935	81
2304	3840	768	270	930	82
2560	3840	768	341	925	83
2816	3840	768	418	918	84
3072	3840	768	510	912	85
3328	3840	768	625	904	86
3584	3840	768	763	896	87
3840	3840	768	935	887	89
4095	3840	768	985	773	28
0	4095	768	8	1021	286
256	4095	768	8	1022	284
512	4095	768	8	1022	278
768	4095	768	8	1021	267
1024	4095	768	8	1022	251
1280	4095	768	8	1021	226
1536	4095	768	8	1020	193
1792	4095	768	8	1021	146
2048	4095	768	8	1022	43
2304	4095	768	206	998	9
2560	4095	768	294	992	9
2816	4095	768	363	985	10
3072	4095	768	444	976	10
3328	4095	768	542	970	16
3584	4095	768	768	1023	178
3840	4095	768	924	1023	174
4095	4095	768	971	930	11
0	0	1024	8	26	163
256	0	1024	26	8	170
512	0	1024	92	8	168
768	0	1024	142	8	168
1024	0	1024	186	8	170
1280	0	1024	229	8	172
1536	0	1024	271	8	174
1792	0	1024	311	8	177
2048	0	1024	354	8	180
2304	0	1024	404	8	183
2560	0	1024	464	8	186
2816	0	1024	538	8	189
3072	0	1024	626	8	192
3328	0	1024	730	8	195
3584	0	1024	856	8	197
3840	0	1024	1007	8	200
4095	0	1024	1021	8	193
0	256	1024	8	47	161
256	256	1024	8	33	173
512	256	1024	86	26	175
768	256	1024	143	13	175
1024	256	1024	190	8	173
1280	256	1024	233	8	174
1536	256	1024	275	8	175
1792	256	1024	315	8	177
2048	256	1024	357	8	180
2304	256	1024	408	8	182
2560	256	1024	468	8	185
2816	256	1024	543	8	188
3072	256	1024	631	8	191
3328	256	1024	736	8	194
3584	256	1024	863	8	197
3840	256	1024	1014	8	199
4095	256	1024	1023	27	192
0	512	1024	8	91	158
256	512	1024	8	89	166
512	512	1024	75	84	175
768	512	1024	138	80	175
1024	512	1024	189	72	175
1280	512	1024	237	60	175
1536	512	1024	284	42	175
1792	512	1024	327	8	176
2048	512	1024	371	8	177
2304	512	1024	423	8	179
2560	512	1024	484	8	182
2816	512	1024	560	8	185
3072	512	1024	650	8	188
3328	512	1024	758	8	191
3584	512	1024	888	8	194
3840	512	1024	1023	58	199
4095	512	1024	1023	76	193
0	768	1024	8	135	161
256	768	1024	8	135	164
512	768	1024	48	134	174
768	768	1024	129	131	175
1024	768	1024	183	128	175
1280	768	1024	233	122	175
1536	768	1024	281	115	175
1792	768	1024	325	106	175
2048	768	1024	374	94	175
2304	768	1024	436	75	176
2560	768	1024	511	44	176
2816	768	1024	598	8	177
3072	768	1024	691	8	181
3328	768	1024	804	8	184
3584	768	1024	939	8	187
3840	768	1024	1023	117	199
4095	768	1024	1023	121	193
0	1024	1024	8	177	171
256	1024	1024	8	177	172
512	1024	1024	8	177	173
768	1024	1024	111	176	174
1024	1024	1024	174	174	174
1280	1024	1024	226	171	174
1536	1024	1024	275	167	174
1792	1024	1024	321	161	174
2048	1024	1024	370	155	175
2304	1024	1024	432	147	175
2560	1024	1024	506	137	175
2816	1024	1024	598	123	176
3072	1024	1024	709	106	176
3328	1024	1024	844	80	176
3584	1024	1024	1008	31	177
3840	1024	1024	1023	163	199
4095	1024	1024	1023	162	194
0	1280	1024	8	236	199
256	1280	1024	8	217	182
512	1280	1024	8	218	178
768	1280	1024	80	218	173
1024	1280	1024	160	217	173
1280	1280	1024	216	214	173
1536	1280	1024	268	211	173
1792	1280	1024	315	208	174
2048	1280	1024	365	203	174
2304	1280	1024	425	198	174
2560	1280	1024	499	192	174
2816	1280	1024	591	184	175
3072	1280	1024	701	175	175
3328	1280	1024	835	164	176
3584	1280	1024	999	151	176
3840	1280	1024	1023	204	200
4095	1280	1024	1023	200	195
0	1536	1024	8	276	210
256	1536	1024	8	276	208
512	1536	1024	8	258	188
768	1536	1024	8	261	173
1024	1536	1024	139	260	172
1280	1536	1024	203	258	172
1536	1536	1024	259	256	172
1792	1536	1024	308	253	172
2048	1536	1024	358	249	173
2304	1536	1024	418	245	173
2560	1536	1024	490	240	173
2816	1536	1024	581	234	174
3072	1536	1024	691	228	174
3328	1536	1024	825	220	174
3584	1536	1024	987	211	175
3840	1536	1024	1023	246	201
4095	1536	1024	1023	238	196
0	1792	1024	8	314	221
256	1792	1024	8	314	219
512	1792	1024	8	315	212
768	1792	1024	8	299	184
1024	1792	1024	103	300	170
1280	1792	1024	186	299	170
1536	1792	1024	246	297	171
1792	1792	1024	299	295	171
2048	1792	1024	349	292	171
2304	1792	1024	409	289	171
2560	1792	1024	480	285	172
2816	1792	1024	570	281	172
3072	1792	1024	678	276	173
3328	1792	1024	812	270	173
3584	1792	1024	972	264	174
3840	1792	1024	1023	285	201
4095	1792	1024	1023	275	198
0	2048	1024	8	354	232
256	2048	1024	8	354	230
512	2048	1024	8	356	223
768	2048	1024	8	336	196
1024	2048	1024	8	340	169
1280	2048	1024	161	339	169
1536	2048	1024	230	337	169
1792	2048	1024	287	335	169
2048	2048	1024	338	332	169
2304	2048	1024	398	330	170
2560	2048	1024	469	327	170
2816	2048	1024	557	323	170
3072	2048	1024	664	319	171
3328	2048	1024	796	315	171
3584	2048	1024	955	310	172
3840	2048	1024	1023	323	201
4095	2048	1024	1023	310	199
0	2304	1024	8	401	244
256	2304	1024	8	402	242
512	2304	1024	8	403	234
768	2304	1024	8	407	220
1024	2304	1024	8	383	184
1280	2304	1024	122	386	166
1536	2304	1024	209	384	167
1792	2304	1024	273	382	167
2048	2304	1024	326	379	167
2304	2304	1024	385	376	167
2560	2304	1024	456	373	168
2816	2304	1024	542	369	168
3072	2304	1024	647	365	169
3328	2304	1024	777	361	169
3584	2304	1024	935	356	170
3840	2304	1024	1023	365	200
4095	2304	1024	1023	348	201
0	2560	1024	8	456	255
256	2560	1024	8	457	253
512	2560	1024	8	459	246
768	2560	1024	8	463	232
1024	2560	1024	8	435	199
1280	2560	1024	20	442	164
1536	2560	1024	181	441	164
1792	2560	1024	254	438	164
2048	2560	1024	313	436	165
2304	2560	1024	370	432	165
2560	2560	1024	441	429	165
2816	2560	1024	526	425	166
3072	2560	1024	629	421	166
3328	2560	1024	755	416	167
3584	2560	1024	912	411	167
3840	2560	1024	1023	416	198
4095	2560	1024	1023	392	202
0	2816	1024	8	523	265
256	2816	1024	8	523	264
512	2816	1024	8	526	257
768	2816	1024	8	530	245
1024	2816	1024	8	538	223
1280	2816	1024	8	503	182
1536	2816	1024	140	507	161
1792	2816	1024	230	505	162
2048	2816	1024	297	502	162
2304	2816	1024	355	498	162
2560	2816	1024	423	494	163
2816	2816	1024	507	490	163
3072	2816	1024	610	485	163
3328	2816	1024	733	480	164
3584	2816	1024	885	475	164
3840	2816	1024	1023	475	192
4095	2816	1024	1023	444	202
0	3072	1024	8	602	276
256	3072	1024	8	602	274
512	3072	1024	8	605	268
768	3072	1024	8	611	257
1024	3072	1024	8	618	237
1280	3072	1024	8	577	199
1536	3072	1024	37	590	158
1792	3072	1024	199	587	158
2048	3072	1024	276	584	159
2304	3072	1024	337	580	159
2560	3072	1024	405	576	159
2816	3072	1024	485	571	160
3072	3072	1024	588	566	160
3328	3072	1024	710	560	161
3584	3072	1024	858	554	161
3840	3072	1024	1023	550	177
4095	3072	1024	1023	506	201
0	3328	1024	8	694	287
256	3328	1024	8	696	285
512	3328	1024	8	699	279
768	3328	1024	8	704	268
1024	3328	1024	8	713	251
1280	3328	1024	8	726	224
1536	3328	1024	8	678	177
1792	3328	1024	155	684	155
2048	3328	1024	250	680	155
2304	3328	1024	318	676	155
2560	3328	1024	385	672	156
2816	3328	1024	465	667	156
3072	3328	1024	562	661	157
3328	3328	1024	683	654	157
3584	3328	1024	830	647	158
3840	3328	1024	1006	641	158
4095	3328	1024	1023	579	190
0	3584	1024	8	805	297
256	3584	1024	8	806	296
512	3584	1024	8	809	290
768	3584	1024	8	816	280
1024	3584	1024	8	827	264
1280	3584	1024	8	840	239
1536	3584	1024	8	781	196
1792	3584	1024	55	800	151
2048	3584	1024	216	796	151
2304	3584	1024	296	792	151
2560	3584	1024	363	787	152
2816	3584	1024	442	781	152
3072	3584	1024	537	775	153
3328	3584	1024	652	768	153
3584	3584	1024	797	760	154
3840	3584	1024	972	752	154
4095	3584	1024	1023	665	143
0	3840	1024	8	935	307
256	3840	1024	8	936	306
512	3840	1024	8	940	301
768	3840	1024	8	948	292
1024	3840	1024	8	960	277
1280	3840	1024	8	975	255
1536	3840	1024	8	995	222
1792	3840	1024	8	926	171
2048	3840	1024	170	935	146
2304	3840	1024	269	930	146
2560	3840	1024	340	924	147
2816	3840	1024	417	918	147
3072	3840	1024	509	912	148
3328	3840	1024	624	904	148
3584	3840	1024	761	896	149
3840	3840	1024	934	886	150
4095	3840	1024	987	774	118
0	4095	1024	8	1021	311
256	4095	1024	8	1022	310
512	4095	1024	8	1021	304
768	4095	1024	8	1022	295
1024	4095	1024	8	1020	280
1280	4095	1024	8	1022	259
1536	4095	1024	8	1023	229
1792	4095	1024	11	1023	189
2048	4095	1024	8	1022	130
2304	4095	1024	201	984	114
2560	4095	1024	290	981	114
2816	4095	1024	361	978	116
3072	4095	1024	538	1023	222
3328	4095	1024	637	1023	216
3584	4095	1024	763	1023	215
3840	4095	1024	919	1023	211
4095	4095	1024	932	894	105
0	0	1280	8	25	198
256	0	1280	20	8	206
512	0	1280	90	8	204
768	0	1280	141	8	204
1024	0	1280	185	8	205
1280	0	1280	228	8	207
1536	0	1280	271	8	209
1792	0	1280	311	8	212
2048	0	1280	353	8	215
2304	0	1280	403	8	218
2560	0	1280	463	8	221
2816	0	1280	536	8	224
3072	0	1280	624	8	227
3328	0	1280	728	8	230
3584	0	1280	854	8	233
3840	0	1280	1004	8	236
4095	0	1280	1023	8	226
0	256	1280	8	45	197
256	256	1280	8	35	207
512	256	1280	77	23	215
768	256	1280	139	8	215
1024	256	1280	188	8	211
1280	256	1280	232	8	211
1536	256	1280	274	8	211
1792	256	1280	314	8	213
2048	256	1280	356	8	215
2304	256	1280	407	8	218
2560	256	1280	467	8	221
2816	256	1280	541	8	223
3072	256	1280	629	8	226
3328	256	1280	734	8	229
3584	256	1280	860	8	232
3840	256	1280	1012	8	235
4095	256	1280	1023	18	226
0	512	1280	8	92	194
256	512	1280	8	89	202
512	512	1280	64	83	215
768	512	1280	134	78	215
1024	512	1280	187	70	215
1280	512	1280	235	58	216
1536	512	1280	283	39	216
1792	512	1280	326	8	216
2048	512	1280	369	8	216
2304	512	1280	422	8	217
2560	512	1280	482	8	219
2816	512	1280	559	8	222
3072	512	1280	648	8	224
3328	512	1280	756	8	227
3584	512	1280	885	8	230
3840	512	1280	1023	53	234
4095	512	1280	1023	72	226
0	768	1280	8	135	193
256	768	1280	8	135	198
512	768	1280	32	133	215
768	768	1280	124	131	215
1024	768	1280	181	127	215
1280	768	1280	231	122	215
1536	768	1280	279	115	215
1792	768	1280	324	105	215
2048	768	1280	373	93	216
2304	768	1280	435	74	216
2560	768	1280	509	42	216
2816	768	1280	595	8	217
3072	768	1280	689	8	220
3328	768	1280	801	8	222
3584	768	1280	936	8	225
3840	768	1280	1023	114	235
4095	768	1280	1023	119	227
0	1024	1280	8	176	199
256	1024	1280	8	176	201
512	1024	1280	8	177	210
768	1024	1280	105	176	214
1024	1024	1280	171	174	215
1280	1024	1280	224	170	215
1536	1024	1280	274	166	215
1792	1024	1280	320	161	215
2048	1024	1280	369	154	215
2304	1024	1280	430	146	215
2560	1024	1280	504	136	216
2816	1024	1280	596	122	216
3072	1024	1280	707	105	216
3328	1024	1280	842	79	217
3584	1024	1280	1006	28	217
3840	1024	1280	1023	161	235
4095	1024	1280	1023	161	228
0	1280	1280	8	216	209
256	1280	1280	8	216	209
512	1280	1280	8	217	211
768	1280	1280	70	218	214
1024	1280	1280	156	216	214
1280	1280	1280	214	214	214
1536	1280	1280	267	211	214
1792	1280	1280	314	207	214
2048	1280	1280	364	203	214
2304	1280	1280	424	197	215
2560	1280	1280	497	191	215
2816	1280	1280	589	184	215
3072	1280	1280	699	175	215
3328	1280	1280	834	164	216
3584	1280	1280	997	150	216
3840	1280	1280	1023	203	236
4095	1280	1280	1023	199	229
0	1536	1280	8	275	238
256	1536	1280	8	275	237
512	1536	1280	8	258	219
768	1536	1280	8	260	214
1024	1536	1280	135	259	213
1280	1536	1280	201	258	213
1536	1536	1280	257	255	213
1792	1536	1280	307	252	213
2048	1536	1280	357	249	214
2304	1536	1280	417	245	214
2560	1536	1280	488	240	214
2816	1536	1280	580	234	214
3072	1536	1280	689	227	215
3328	1536	1280	823	220	215
3584	1536	1280	985	211	215
3840	1536	1280	1023	245	237
4095	1536	1280	1023	237	230
0	1792	1280	8	313	249
256	1792	1280	8	313	248
512	1792	1280	8	315	244
768	1792	1280	8	298	221
1024	1792	1280	97	300	212
1280	1792	1280	183	299	212
1536	1792	1280	244	297	212
1792	1792	1280	298	295	212
2048	1792	1280	348	292	212
2304	1792	1280	408	289	213
2560	1792	1280	478	285	213
2816	1792	1280	568	280	213
3072	1792	1280	677	276	214
3328	1792	1280	810	270	214
3584	1792	1280	971	264	214
3840	1792	1280	1023	284	237
4095	1792	1280	1023	275	231
0	2048	1280	8	353	260
256	2048	1280	8	353	259
512	2048	1280	8	355	255
768	2048	1280	8	335	230
1024	2048	1280	8	339	212
1280	2048	1280	158	339	211
1536	2048	1280	228	337	211
1792	2048	1280	286	335	211
2048	2048	1280	337	332	211
2304	2048	1280	397	329	211
2560	2048	1280	467	326	212
2816	2048	1280	555	323	212
3072	2048	1280	662	319	212
3328	2048	1280	794	315	213
3584	2048	1280	954	310	213
3840	2048	1280	1023	322	237
4095	2048	1280	1023	310	233
0	2304	1280	8	400	271
256	2304	1280	8	401	270
512	2304	1280	8	402	265
768	2304	1280	8	406	255
1024	2304	1280	8	383	224
1280	2304	1280	117	386	209
1536	2304	1280	206	384	209
1792	2304	1280	271	382	209
2048	2304	1280	325	379	210
2304	2304	1280	384	376	210
2560	2304	1280	454	372	210
2816	2304	1280	541	369	210
3072	2304	1280	645	365	211
3328	2304	1280	775	361	211
3584	2304	1280	933	356	212
3840	2304	1280	1023	364	236
4095	2304	1280	1023	347	233
0	2560	1280	8	455	282
256	2560	1280	8	456	281
512	2560	1280	8	458	276
768	2560	1280	8	462	266
1024	2560	1280	8	434	236
1280	2560	1280	8	442	208
1536	2560	1280	178	440	208
1792	2560	1280	252	438	208
2048	2560	1280	311	435	208
2304	2560	1280	369	432	208
2560	2560	1280	439	429	208
2816	2560	1280	524	425	209
3072	2560	1280	628	421	209
3328	2560	1280	753	416	209
3584	2560	1280	910	411	210
3840	2560	1280	1023	415	234
4095	2560	1280	1023	391	235
0	2816	1280	8	521	293
256	2816	1280	8	522	292
512	2816	1280	8	524	287
768	2816	1280	8	529	277
1024	2816	1280	8	536	261
1280	2816	1280	8	502	223
1536	2816	1280	136	507	206
1792	2816	1280	228	505	206
2048	2816	1280	295	502	206
2304	2816	1280	354	498	206
2560	2816	1280	422	494	206
2816	2816	1280	505	490	207
3072	2816	1280	608	485	207
3328	2816	1280	732	480	207
3584	2816	1280	883	475	208
3840	2816	1280	1023	475	229
4095	2816	1280	1023	443	235
0	3072	1280	8	600	303
256	3072	1280	8	601	302
512	3072	1280	8	604	297
768	3072	1280	8	609	288
1024	3072	1280	8	617	273
1280	3072	1280	8	576	238
1536	3072	1280	20	590	203
1792	3072	1280	197	587	204
2048	3072	1280	274	583	204
2304	3072	1280	336	580	204
2560	3072	1280	404	576	204
2816	3072	1280	484	571	204
3072	3072	1280	586	565	205
3328	3072	1280	708	560	205
3584	3072	1280	856	554	206
3840	3072	1280	1023	549	216
4095	3072	1280	1023	504	232
0	3328	1280	8	693	313
256	3328	1280	8	694	312
512	3328	1280	8	697	308
768	3328	1280	8	703	299
1024	3328	1280	8	712	285
1280	3328	1280	8	724	263
1536	3328	1280	8	676	220
1792	3328	1280	152	683	201
2048	3328	1280	248	680	201
2304	3328	1280	317	676	201
2560	3328	1280	383	672	202
2816	3328	1280	463	666	202
3072	3328	1280	560	661	202
3328	3328	1280	681	654	203
3584	3328	1280	828	647	203
3840	3328	1280	1005	641	204
4095	3328	1280	1023	579	223
0	3584	1280	8	802	323
256	3584	1280	8	803	322
512	3584	1280	8	807	318
768	3584	1280	8	814	310
1024	3584	1280	8	825	296
1280	3584	1280	8	838	276
1536	3584	1280	8	780	237
1792	3584	1280	40	799	198
2048	3584	1280	214	796	198
2304	3584	1280	295	791	199
2560	3584	1280	362	786	199
2816	3584	1280	440	781	199
3072	3584	1280	536	775	199
3328	3584	1280	651	768	200
3584	3584	1280	795	760	200
3840	3584	1280	970	752	201
4095	3584	1280	1023	664	183
0	3840	1280	8	932	334
256	3840	1280	8	933	333
512	3840	1280	8	938	328
768	3840	1280	8	945	320
1024	3840	1280	8	958	308
1280	3840	1280	8	973	290
1536	3840	1280	8	993	263
1792	3840	1280	8	925	216
2048	3840	1280	166	934	195
2304	3840	1280	267	929	195
2560	3840	1280	339	924	196
2816	3840	1280	415	918	196
3072	3840	1280	508	911	196
3328	3840	1280	622	904	197
3584	3840	1280	759	896	197
3840	3840	1280	932	886	198
4095	3840	1280	990	776	171
0	4095	1280	8	1022	338
256	4095	1280	8	1021	336
512	4095	1280	8	1021	331
768	4095	1280	8	1022	323
1024	4095	1280	8	1021	310
1280	4095	1280	8	1023	292
1536	4095	1280	8	1021	266
1792	4095	1280	8	1022	231
2048	4095	1280	8	1021	183
2304	4095	1280	199	984	170
2560	4095	1280	289	980	171
2816	4095	1280	446	1023	258
3072	4095	1280	529	1023	254
3328	4095	1280	633	1023	254
3584	4095	1280	758	1023	252
3840	4095	1280	908	1023	242
4095	4095	1280	945	906	165
0	0	1536	8	23	233
256	0	1536	18	8	241
512	0	1536	88	8	240
768	0	1536	139	8	240
1024	0	1536	184	8	242
1280	0	1536	227	8	243
1536	0	1536	270	8	246
1792	0	1536	310	8	248
2048	0	1536	352	8	251
2304	0	1536	402	8	253
2560	0	1536	462	8	256
2816	0	1536	534	8	259
3072	0	1536	621	8	262
3328	0	1536	726	8	265
3584	0	1536	851	8	268
3840	0	1536	1001	8	271
4095	0	1536	1022	8	260
0	256	1536	8	43	233
256	256	1536	8	35	241
512	256	1536	64	18	257
768	256	1536	135	8	254
1024	256	1536	185	8	250
1280	256	1536	230	8	248
1536	256	1536	273	8	249
1792	256	1536	313	8	250
2048	256	1536	355	8	252
2304	256	1536	406	8	254
2560	256	1536	466	8	257
2816	256	1536	539	8	259
3072	256	1536	627	8	262
3328	256	1536	732	8	265
3584	256	1536	858	8	267
3840	256	1536	1008	8	270
4095	256	1536	1023	12	259
0	512	1536	8	92	229
256	512	1536	8	90	237
512	512	1536	49	81	257
768	512	1536	129	76	257
1024	512	1536	183	68	257
1280	512	1536	233	56	257
1536	512	1536	281	35	257
1792	512	1536	324	8	256
2048	512	1536	367	8	255
2304	512	1536	420	8	256
2560	512	1536	481	8	257
2816	512	1536	557	8	259
3072	512	1536	646	8	261
3328	512	1536	752	8	264
3584	512	1536	882	8	266
3840	512	1536	1023	45	270
4095	512	1536	1023	70	260
0	768	1536	8	136	227
256	768	1536	8	135	232
512	768	1536	8	132	255
768	768	1536	117	130	256
1024	768	1536	177	126	256
1280	768	1536	228	120	257
1536	768	1536	277	113	257
1792	768	1536	322	104	257
2048	768	1536	372	91	257
2304	768	1536	433	72	257
2560	768	1536	507	38	257
2816	768	1536	593	8	258
3072	768	1536	686	8	259
3328	768	1536	798	8	261
3584	768	1536	932	8	263
3840	768	1536	1023	112	270
4095	768	1536	1023	118	260
0	1024	1536	8	176	229
256	1024	1536	8	176	233
512	1024	1536	8	176	246
768	1024	1536	98	175	256
1024	1024	1536	167	173	256
1280	1024	1536	221	170	256
1536	1024	1536	272	165	256
1792	1024	1536	318	160	256
2048	1024	1536	368	153	257
2304	1024	1536	428	145	257
2560	1024	1536	502	135	257
2816	1024	1536	594	121	257
3072	1024	1536	705	103	257
3328	1024	1536	840	77	258
3584	1024	1536	1003	24	258
3840	1024	1536	1023	160	271
4095	1024	1536	1023	160	261
0	1280	1536	8	215	237
256	1280	1536	8	216	239
512	1280	1536	8	217	245
768	1280	1536	56	218	255
1024	1280	1536	152	216	255
1280	1280	1536	211	214	256
1536	1280	1536	265	211	256
1792	1280	1536	313	207	256
2048	1280	1536	362	202	256
2304	1280	1536	423	197	256
2560	1280	1536	495	191	256
2816	1280	1536	587	183	257
3072	1280	1536	697	174	257
3328	1280	1536	831	163	257
3584	1280	1536	994	149	257
3840	1280	1536	1023	202	271
4095	1280	1536	1023	198	262
0	1536	1536	8	256	247
256	1536	1536	8	256	248
512	1536	1536	8	257	250
768	1536	1536	8	259	254
1024	1536	1536	129	259	255
1280	1536	1536	198	257	255
1536	1536	1536	255	255	255
1792	1536	1536	305	252	255
2048	1536	1536	355	248	255
2304	1536	1536	415	244	255
2560	1536	1536	486	239	256
2816	1536	1536	578	234	256
3072	1536	1536	687	227	256
3328	1536	1536	820	219	256
3584	1536	1536	982	211	257
3840	1536	1536	1023	244	272
4095	1536	1536	1023	237	263
0	1792	1536	8	312	276
256	1792	1536	8	313	276
512	1792	1536	8	295	258
768	1792	1536	8	298	257
1024	1792	1536	88	300	254
1280	1792	1536	180	298	254
1536	1792	1536	242	297	254
1792	1792	1536	296	294	254
2048	1792	1536	346	292	254
2304	1792	1536	406	288	255
2560	1792	1536	477	285	255
2816	1792	1536	566	280	255
3072	1792	1536	675	275	255
3328	1792	1536	807	269	255
3584	1792	1536	968	263	256
3840	1792	1536	1023	284	273
4095	1792	1536	1023	274	265
0	2048	1536	8	352	287
256	2048	1536	8	353	286
512	2048	1536	8	354	284
768	2048	1536	8	334	264
1024	2048	1536	8	339	255
1280	2048	1536	153	338	253
1536	2048	1536	225	337	253
1792	2048	1536	284	334	253
2048	2048	1536	336	332	253
2304	2048	1536	395	329	254
2560	2048	1536	466	326	254
2816	2048	1536	553	323	254
3072	2048	1536	660	319	254
3328	2048	1536	791	314	255
3584	2048	1536	951	309	255
3840	2048	1536	1023	321	273
4095	2048	1536	1023	310	266
0	2304	1536	8	399	297
256	2304	1536	8	400	297
512	2304	1536	8	402	294
768	2304	1536	8	405	288
1024	2304	1536	8	382	262
1280	2304	1536	110	385	252
1536	2304	1536	203	384	252
1792	2304	1536	269	381	252
2048	2304	1536	323	379	252
2304	2304	1536	382	375	252
2560	2304	1536	453	372	252
2816	2304	1536	539	369	253
3072	2304	1536	643	365	253
3328	2304	1536	772	361	253
3584	2304	1536	931	356	254
3840	2304	1536	1023	363	272
4095	2304	1536	1023	347	267
0	2560	1536	8	454	308
256	2560	1536	8	455	307
512	2560	1536	8	457	304
768	2560	1536	8	461	297
1024	2560	1536	8	433	272
1280	2560	1536	8	441	252
1536	2560	1536	175	440	250
1792	2560	1536	250	438	251
2048	2560	1536	310	435	251
2304	2560	1536	368	432	251
2560	2560	1536	437	428	251
2816	2560	1536	522	424	251
3072	2560	1536	626	420	251
3328	2560	1536	751	416	252
3584	2560	1536	907	411	252
3840	2560	1536	1023	414	270
4095	2560	1536	1023	390	267
0	2816	1536	8	520	319
256	2816	1536	8	521	318
512	2816	1536	8	524	314
768	2816	1536	8	528	307
1024	2816	1536	8	535	296
1280	2816	1536	8	501	264
1536	2816	1536	130	507	249
1792	2816	1536	225	504	249
2048	2816	1536	294	501	249
2304	2816	1536	352	498	249
2560	2816	1536	420	494	249
2816	2816	1536	503	489	250
3072	2816	1536	606	484	250
3328	2816	1536	730	480	250
3584	2816	1536	880	475	251
3840	2816	1536	1023	474	266
4095	2816	1536	1023	442	267
0	3072	1536	8	599	329
256	3072	1536	8	600	328
512	3072	1536	8	603	324
768	3072	1536	8	608	317
1024	3072	1536	8	615	306
1280	3072	1536	8	575	276
1536	3072	1536	8	589	248
1792	3072	1536	194	586	247
2048	3072	1536	273	583	247
2304	3072	1536	334	580	247
2560	3072	1536	402	575	248
2816	3072	1536	482	571	248
3072	3072	1536	584	565	248
3328	3072	1536	706	560	248
3584	3072	1536	854	554	249
3840	3072	1536	1023	549	255
4095	3072	1536	1023	504	265
0	3328	1536	8	691	340
256	3328	1536	8	692	339
512	3328	1536	8	695	335
768	3328	1536	8	701	328
1024	3328	1536	8	710	316
1280	3328	1536	8	722	299
1536	3328	1536	8	675	263
1792	3328	1536	147	683	245
2048	3328	1536	246	680	245
2304	3328	1536	315	676	245
2560	3328	1536	382	671	246
2816	3328	1536	462	666	246
3072	3328	1536	559	660	246
3328	3328	1536	679	654	246
3584	3328	1536	825	647	247
3840	3328	1536	1002	640	247
4095	3328	1536	1023	577	256
0	3584	1536	8	801	352
256	3584	1536	8	802	351
512	3584	1536	8	805	347
768	3584	1536	8	812	339
1024	3584	1536	8	823	327
1280	3584	1536	8	836	311
1536	3584	1536	8	778	276
1792	3584	1536	18	799	243
2048	3584	1536	211	795	243
2304	3584	1536	293	791	243
2560	3584	1536	360	786	243
2816	3584	1536	438	781	244
3072	3584	1536	534	774	244
3328	3584	1536	648	767	244
3584	3584	1536	793	759	244
3840	3584	1536	967	751	245
4095	3584	1536	1023	666	229
0	3840	1536	8	931	364
256	3840	1536	8	932	363
512	3840	1536	8	936	359
768	3840	1536	8	944	351
1024	3840	1536	8	955	339
1280	3840	1536	8	971	322
1536	3840	1536	8	991	301
1792	3840	1536	8	923	260
2048	3840	1536	163	934	240
2304	3840	1536	265	929	241
2560	3840	1536	337	924	241
2816	3840	1536	414	917	241
3072	3840	1536	506	911	241
3328	3840	1536	620	903	242
3584	3840	1536	757	895	242
3840	3840	1536	929	886	242
4095	3840	1536	991	778	216
0	4095	1536	8	1021	368
256	4095	1536	8	1022	366
512	4095	1536	8	1022	362
768	4095	1536	8	1021	353
1024	4095	1536	8	1022	340
1280	4095	1536	8	1020	323
1536	4095	1536	8	1021	301
1792	4095	1536	18	1023	271
2048	4095	1536	8	1022	230
2304	4095	1536	197	983	216
2560	4095	1536	370	1023	292
2816	4095	1536	439	1023	290
3072	4095	1536	525	1023	290
3328	4095	1536	625	1023	286
3584	4095	1536	748	1023	284
3840	4095	1536	902	1023	280
4095	4095	1536	946	908	211
0	0	1792	8	22	268
256	0	1792	9	8	276
512	0	1792	84	8	276
768	0	1792	137	8	276
1024	0	1792	182	8	277
1280	0	1792	226	8	278
1536	0	1792	269	8	280
1792	0	1792	309	8	282
2048	0	1792	351	8	285
2304	0	1792	401	8	287
2560	0	1792	460	8	290
2816	0	1792	533	8	293
3072	0	1792	620	8	296
3328	0	1792	724	8	298
3584	0	1792	848	8	301
3840	0	1792	998	8	304
4095	0	1792	1023	11	293
0	256	1792	8	44	267
256	256	1792	8	37	275
512	256	1792	45	8	295
768	256	1792	130	8	290
1024	256	1792	182	8	286
1280	256	1792	228	8	284
1536	256	1792	271	8	284
1792	256	1792	312	8	285
2048	256	1792	354	8	287
2304	256	1792	405	8	289
2560	256	1792	464	8	291
2816	256	1792	538	8	293
3072	256	1792	625	8	296
3328	256	1792	730	8	298
3584	256	1792	855	8	301
3840	256	1792	1005	8	304
4095	256	1792	1021	8	291
0	512	1792	8	92	264
256	512	1792	8	90	271
512	512	1792	24	78	296
768	512	1792	121	73	296
1024	512	1792	179	65	296
1280	512	1792	230	52	296
1536	512	1792	278	31	296
1792	512	1792	321	8	295
2048	512	1792	365	8	293
2304	512	1792	418	8	292
2560	512	1792	479	8	293
2816	512	1792	555	8	295
3072	512	1792	643	8	296
3328	512	1792	750	8	298
3584	512	1792	878	8	301
3840	512	1792	1023	35	303
4095	512	1792	1023	66	292
0	768	1792	8	136	262
256	768	1792	8	136	267
512	768	1792	8	132	289
768	768	1792	109	128	296
1024	768	1792	173	125	296
1280	768	1792	225	119	296
1536	768	1792	275	112	296
1792	768	1792	320	102	296
2048	768	1792	370	89	296
2304	768	1792	431	69	296
2560	768	1792	505	33	296
2816	768	1792	589	8	296
3072	768	1792	683	8	297
3328	768	1792	794	8	298
3584	768	1792	928	8	300
3840	768	1792	1023	108	304
4095	768	1792	1023	116	292
0	1024	1792	8	177	262
256	1024	1792	8	176	266
512	1024	1792	8	176	280
768	1024	1792	87	174	295
1024	1024	1792	162	172	295
1280	1024	1792	218	169	295
1536	1024	1792	270	164	295
1792	1024	1792	316	159	296
2048	1024	1792	366	153	296
2304	1024	1792	426	144	296
2560	1024	1792	500	134	296
2816	1024	1792	592	120	296
3072	1024	1792	702	102	296
3328	1024	1792	837	74	297
3584	1024	1792	1000	18	297
3840	1024	1792	1023	158	305
4095	1024	1792	1023	159	293
0	1280	1792	8	215	266
256	1280	1792	8	215	268
512	1280	1792	8	216	277
768	1280	1792	32	217	295
1024	1280	1792	146	215	295
1280	1280	1792	208	213	295
1536	1280	1792	262	210	295
1792	1280	1792	311	206	295
2048	1280	1792	361	202	295
2304	1280	1792	421	196	295
2560	1280	1792	493	190	296
2816	1280	1792	584	182	296
3072	1280	1792	694	173	296
3328	1280	1792	829	162	296
3584	1280	1792	991	148	296
3840	1280	1792	1023	201	305
4095	1280	1792	1023	198	294
0	1536	1792	8	255	274
256	1536	1792	8	256	275
512	1536	1792	8	257	280
768	1536	1792	8	259	290
1024	1536	1792	121	259	294
1280	1536	1792	194	257	294
1536	1536	1792	252	255	295
1792	1536	1792	303	251	295
2048	1536	1792	353	248	295
2304	1536	1792	413	244	295
2560	1536	1792	484	239	295
2816	1536	1792	575	233	295
3072	1536	1792	685	226	295
3328	1536	1792	817	219	296
3584	1536	1792	979	210	296
3840	1536	1792	1023	243	306
4095	1536	1792	1023	236	296
0	1792	1792	8	312	303
256	1792	1792	8	312	303
512	1792	1792	8	295	287
768	1792	1792	8	297	290
1024	1792	1792	74	299	294
1280	1792	1792	175	298	294
1536	1792	1792	239	296	294
1792	1792	1792	294	294	294
2048	1792	1792	344	291	294
2304	1792	1792	404	288	294
2560	1792	1792	475	284	294
2816	1792	1792	563	280	295
3072	1792	1792	672	275	295
3328	1792	1792	804	269	295
3584	1792	1792	965	263	295
3840	1792	1792	1023	283	307
4095	1792	1792	1023	274	297
0	2048	1792	8	352	312
256	2048	1792	8	352	312
512	2048	1792	8	354	312
768	2048	1792	8	334	295
1024	2048	1792	8	338	294
1280	2048	1792	148	338	293
1536	2048	1792	222	336	293
1792	2048	1792	282	334	293
2048	2048	1792	334	331	293
2304	2048	1792	393	329	293
2560	2048	1792	464	326	294
2816	2048	1792	551	322	294
3072	2048	1792	657	318	294
3328	2048	1792	788	314	294
3584	2048	1792	948	309	294
3840	2048	1792	1023	321	307
4095	2048	1792	1023	310	298
0	2304	1792	8	399	322
256	2304	1792	8	399	322
512	2304	1792	8	401	321
768	2304	1792	8	376	303
1024	2304	1792	8	381	298
1280	2304	1792	101	385	292
1536	2304	1792	200	383	292
1792	2304	1792	267	381	292
2048	2304	1792	322	378	292
2304	2304	1792	380	375	292
2560	2304	1792	451	372	293
2816	2304	1792	537	368	293
3072	2304	1792	641	365	293
3328	2304	1792	769	360	293
3584	2304	1792	927	355	293
3840	2304	1792	1023	363	307
4095	2304	1792	1023	347	299
0	2560	1792	8	454	333
256	2560	1792	8	454	333
512	2560	1792	8	456	331
768	2560	1792	8	460	327
1024	2560	1792	8	432	305
1280	2560	1792	8	440	293
1536	2560	1792	170	440	291
1792	2560	1792	247	437	291
2048	2560	1792	308	435	291
2304	2560	1792	366	431	291
2560	2560	1792	435	428	291
2816	2560	1792	520	424	292
3072	2560	1792	624	420	292
3328	2560	1792	748	415	292
3584	2560	1792	904	410	292
3840	2560	1792	1023	413	305
4095	2560	1792	1023	390	299
0	2816	1792	8	519	346
256	2816	1792	8	520	345
512	2816	1792	8	523	342
768	2816	1792	8	527	337
1024	2816	1792	8	534	328
1280	2816	1792	8	500	301
1536	2816	1792	123	507	290
1792	2816	1792	222	504	290
2048	2816	1792	291	501	290
2304	2816	1792	350	497	290
2560	2816	1792	418	493	290
2816	2816	1792	501	489	290
3072	2816	1792	604	484	291
3328	2816	1792	727	479	291
3584	2816	1792	877	474	291
3840	2816	1792	1023	473	302
4095	2816	1792	1023	441	299
0	3072	1792	8	598	358
256	3072	1792	8	599	357
512	3072	1792	8	602	354
768	3072	1792	8	607	348
1024	3072	1792	8	614	338
1280	3072	1792	8	574	310
1536	3072	1792	8	587	290
1792	3072	1792	190	586	288
2048	3072	1792	270	583	289
2304	3072	1792	332	579	289
2560	3072	1792	400	575	289
2816	3072	1792	480	570	289
3072	3072	1792	581	565	289
3328	3072	1792	703	559	289
3584	3072	1792	851	553	290
3840	3072	1792	1023	548	293
4095	3072	1792	1023	503	297
0	3328	1792	8	690	370
256	3328	1792	8	691	369
512	3328	1792	8	694	366
768	3328	1792	8	700	360
1024	3328	1792	8	709	350
1280	3328	1792	8	721	334
1536	3328	1792	8	674	302
1792	3328	1792	141	683	287
2048	3328	1792	243	679	287
2304	3328	1792	314	675	287
2560	3328	1792	379	671	287
2816	3328	1792	460	665	287
3072	3328	1792	557	660	288
3328	3328	1792	676	653	288
3584	3328	1792	822	646	288
3840	3328	1792	999	640	288
4095	3328	1792	1023	577	290
0	3584	1792	8	800	384
256	3584	1792	8	801	383
512	3584	1792	8	804	379
768	3584	1792	8	811	372
1024	3584	1792	8	821	361
1280	3584	1792	8	835	346
1536	3584	1792	8	776	313
1792	3584	1792	8	798	286
2048	3584	1792	208	795	285
2304	3584	1792	291	790	285
2560	3584	1792	358	785	285
2816	3584	1792	436	780	286
3072	3584	1792	532	774	286
3328	3584	1792	646	767	286
3584	3584	1792	790	759	286
3840	3584	1792	964	751	287
4095	3584	1792	1023	665	267
0	3840	1792	8	929	398
256	3840	1792	8	930	397
512	3840	1792	8	934	393
768	3840	1792	8	941	385
1024	3840	1792	8	953	373
1280	3840	1792	8	969	358
1536	3840	1792	8	989	337
1792	3840	1792	8	921	300
2048	3840	1792	157	933	283
2304	3840	1792	263	929	283
2560	3840	1792	335	923	283
2816	3840	1792	412	917	284
3072	3840	1792	503	910	284
3328	3840	1792	618	902	284
3584	3840	1792	754	894	284
3840	3840	1792	926	885	285
4095	3840	1792	993	780	260
0	4095	1792	8	1022	402
256	4095	1792	8	1023	401
512	4095	1792	8	1021	396
768	4095	1792	8	1022	387
1024	4095	1792	8	1021	373
1280	4095	1792	8	1021	357
1536	4095	1792	8	1022	335
1792	4095	1792	8	1021	309
2048	4095	1792	8	1021	274
2304	4095	1792	195	985	261
2560	4095	1792	367	1023	325
2816	4095	1792	432	1023	321
3072	4095	1792	517	1023	321
3328	4095	1792	620	1023	320
3584	4095	1792	740	1023	316
3840	4095	1792	896	1023	315
4095	4095	1792	947	910	256
0	0	2048	8	25	300
256	0	2048	8	15	307
512	0	2048	79	8	310
768	0	2048	134	8	310
1024	0	2048	181	8	310
1280	0	2048	224	8	312
1536	0	2048	268	8	313
1792	0	2048	308	8	316
2048	0	2048	350	8	318
2304	0	2048	400	8	320
2560	0	2048	459	8	322
2816	0	2048	531	8	325
3072	0	2048	618	8	328
3328	0	2048	722	8	330
3584	0	2048	846	8	334
3840	0	2048	995	8	337
4095	0	2048	1021	8	323
0	256	2048	8	46	300
256	256	2048	8	40	306
512	256	2048	31	8	328
768	256	2048	125	8	323
1024	256	2048	179	8	320
1280	256	2048	225	8	318
1536	256	2048	270	8	318
1792	256	2048	311	8	319
2048	256	2048	353	8	320
2304	256	2048	403	8	322
2560	256	2048	463	8	323
2816	256	2048	536	8	326
3072	256	2048	623	8	328
3328	256	2048	727	8	331
3584	256	2048	853	8	334
3840	256	2048	1002	8	337
4095	256	2048	1022	8	322
0	512	2048	8	93	298
256	512	2048	8	91	304
512	512	2048	8	79	327
768	512	2048	111	70	334
1024	512	2048	174	61	334
1280	512	2048	226	48	334
1536	512	2048	276	26	334
1792	512	2048	319	8	331
2048	512	2048	363	8	328
2304	512	2048	416	8	327
2560	512	2048	477	8	328
2816	512	2048	552	8	328
3072	512	2048	641	8	330
3328	512	2048	748	8	332
3584	512	2048	875	8	334
3840	512	2048	1023	28	337
4095	512	2048	1023	60	322
0	768	2048	8	137	295
256	768	2048	8	136	300
512	768	2048	8	132	320
768	768	2048	98	127	333
1024	768	2048	167	123	333
1280	768	2048	221	118	333
1536	768	2048	272	110	334
1792	768	2048	318	100	334
2048	768	2048	368	87	334
2304	768	2048	428	65	334
2560	768	2048	502	29	334
2816	768	2048	585	8	333
3072	768	2048	678	8	333
3328	768	2048	790	8	333
3584	768	2048	924	8	335
3840	768	2048	1023	105	338
4095	768	2048	1023	113	323
0	1024	2048	8	177	294
256	1024	2048	8	177	298
512	1024	2048	8	176	313
768	1024	2048	70	174	333
1024	1024	2048	156	171	333
1280	1024	2048	214	168	333
1536	1024	2048	267	164	333
1792	1024	2048	314	158	333
2048	1024	2048	364	151	333
2304	1024	2048	424	143	334
2560	1024	2048	497	133	334
2816	1024	2048	589	119	334
3072	1024	2048	699	100	334
3328	1024	2048	833	71	334
3584	1024	2048	996	8	334
3840	1024	2048	1023	156	338
4095	1024	2048	1023	157	324
0	1280	2048	8	216	296
256	1280	2048	8	216	299
512	1280	2048	8	216	309
768	1280	2048	8	216	331
1024	1280	2048	139	215	333
1280	1280	2048	204	212	333
1536	1280	2048	259	209	333
1792	1280	2048	308	206	333
2048	1280	2048	358	201	333
2304	1280	2048	418	196	333
2560	1280	2048	490	189	333
2816	1280	2048	582	181	333
3072	1280	2048	691	172	334
3328	1280	2048	825	161	334
3584	1280	2048	987	147	334
3840	1280	2048	1023	199	339
4095	1280	2048	1023	197	325
0	1536	2048	8	255	302
256	1536	2048	8	255	304
512	1536	2048	8	257	310
768	1536	2048	8	258	323
1024	1536	2048	112	258	332
1280	1536	2048	189	256	332
1536	1536	2048	249	254	332
1792	1536	2048	301	251	332
2048	1536	2048	351	247	332
2304	1536	2048	411	243	333
2560	1536	2048	482	238	333
2816	1536	2048	572	232	333
3072	1536	2048	681	226	333
3328	1536	2048	814	218	333
3584	1536	2048	975	209	334
3840	1536	2048	1023	242	340
4095	1536	2048	1023	235	326
0	1792	2048	8	293	310
256	1792	2048	8	294	311
512	1792	2048	8	295	314
768	1792	2048	8	297	321
1024	1792	2048	54	299	331
1280	1792	2048	170	298	332
1536	1792	2048	235	296	332
1792	1792	2048	291	294	332
2048	1792	2048	342	291	332
2304	1792	2048	402	287	332
2560	1792	2048	472	284	332
2816	1792	2048	560	279	332
3072	1792	2048	669	274	332
3328	1792	2048	801	269	333
3584	1792	2048	961	262	333
3840	1792	2048	1023	282	341
4095	1792	2048	1023	273	328
0	2048	2048	8	352	339
256	2048	2048	8	352	340
512	2048	2048	8	331	322
768	2048	2048	8	333	325
1024	2048	2048	8	337	329
1280	2048	2048	141	338	331
1536	2048	2048	218	336	331
1792	2048	2048	279	334	331
2048	2048	2048	331	331	331
2304	2048	2048	391	328	331
2560	2048	2048	461	325	331
2816	2048	2048	548	322	331
3072	2048	2048	654	318	332
3328	2048	2048	784	314	332
3584	2048	2048	944	309	332
3840	2048	2048	1023	320	342
4095	2048	2048	1023	309	329
0	2304	2048	8	398	350
256	2304	2048	8	399	350
512	2304	2048	8	400	351
768	2304	2048	8	376	331
1024	2304	2048	8	380	331
1280	2304	2048	89	385	330
1536	2304	2048	195	383	330
1792	2304	2048	264	380	330
2048	2304	2048	320	378	330
2304	2304	2048	377	375	330
2560	2304	2048	448	372	330
2816	2304	2048	534	368	331
3072	2304	2048	638	364	331
3328	2304	2048	766	360	331
3584	2304	2048	923	355	331
3840	2304	2048	1023	362	342
4095	2304	2048	1023	347	330
0	2560	2048	8	453	362
256	2560	2048	8	454	362
512	2560	2048	8	456	361
768	2560	2048	8	459	359
1024	2560	2048	8	431	337
1280	2560	2048	8	439	331
1536	2560	2048	164	439	329
1792	2560	2048	244	437	329
2048	2560	2048	306	434	329
2304	2560	2048	364	431	329
2560	2560	2048	433	427	330
2816	2560	2048	517	424	330
3072	2560	2048	621	420	330
3328	2560	2048	745	415	330
3584	2560	2048	900	410	330
3840	2560	2048	1023	413	341
4095	2560	2048	1023	434	370
0	2816	2048	8	519	374
256	2816	2048	8	520	374
512	2816	2048	8	522	372
768	2816	2048	8	526	369
1024	2816	2048	8	533	364
1280	2816	2048	8	499	337
1536	2816	2048	113	506	328
1792	2816	2048	218	504	328
2048	2816	2048	289	500	328
2304	2816	2048	348	497	328
2560	2816	2048	416	493	329
2816	2816	2048	498	488	329
3072	2816	2048	601	484	329
3328	2816	2048	724	479	329
3584	2816	2048	874	474	329
3840	2816	2048	1023	472	337
4095	2816	2048	1023	488	376
0	3072	2048	8	598	389
256	3072	2048	8	598	389
512	3072	2048	8	601	386
768	3072	2048	8	606	382
1024	3072	2048	8	613	374
1280	3072	2048	8	573	346
1536	3072	2048	8	586	330
1792	3072	2048	185	585	327
2048	3072	2048	267	582	327
2304	3072	2048	330	579	327
2560	3072	2048	398	574	327
2816	3072	2048	478	569	328
3072	3072	2048	578	564	328
3328	3072	2048	700	559	328
3584	3072	2048	848	553	328
3840	3072	2048	1023	547	329
4095	3072	2048	1023	557	385
0	3328	2048	8	689	404
256	3328	2048	8	690	403
512	3328	2048	8	694	401
768	3328	2048	8	699	395
1024	3328	2048	8	708	386
1280	3328	2048	8	720	373
1536	3328	2048	8	672	339
1792	3328	2048	134	682	326
2048	3328	2048	240	678	326
2304	3328	2048	311	674	326
2560	3328	2048	377	670	326
2816	3328	2048	457	665	326
3072	3328	2048	554	659	326
3328	3328	2048	673	652	327
3584	3328	2048	819	646	327
3840	3328	2048	995	640	327
4095	3328	2048	1023	638	395
0	3584	2048	8	799	419
256	3584	2048	8	800	418
512	3584	2048	8	803	415
768	3584	2048	8	810	409
1024	3584	2048	8	820	400
1280	3584	2048	8	833	386
1536	3584	2048	8	774	350
1792	3584	2048	8	796	327
2048	3584	2048	204	794	324
2304	3584	2048	289	790	325
2560	3584	2048	356	785	325
2816	3584	2048	434	779	325
3072	3584	2048	529	773	325
3328	3584	2048	643	766	325
3584	3584	2048	786	758	325
3840	3584	2048	960	750	326
4095	3584	2048	1023	732	407
0	3840	2048	8	928	435
256	3840	2048	8	929	434
512	3840	2048	8	933	430
768	3840	2048	8	940	424
1024	3840	2048	8	952	414
1280	3840	2048	8	967	399
1536	3840	2048	8	987	378
1792	3840	2048	8	919	339
2048	3840	2048	151	933	323
2304	3840	2048	260	928	323
2560	3840	2048	332	923	323
2816	3840	2048	410	916	323
3072	3840	2048	501	909	323
3328	3840	2048	615	902	324
3584	3840	2048	751	894	324
3840	3840	2048	922	885	324
4095	3840	2048	993	782	301
0	4095	2048	8	1021	439
256	4095	2048	8	1022	438
512	4095	2048	13	1023	434
768	4095	2048	8	1021	424
1024	4095	2048	8	1021	412
1280	4095	2048	8	1021	395
1536	4095	2048	8	1022	373
1792	4095	2048	8	1022	347
2048	4095	2048	8	1021	315
2304	4095	2048	191	985	302
2560	4095	2048	364	1023	363
2816	4095	2048	429	1023	359
3072	4095	2048	510	1023	357
3328	4095	2048	613	1023	356
3584	4095	2048	735	1023	353
3840	4095	2048	887	1023	349
4095	4095	2048	955	919	299
0	0	2304	8	28	331
256	0	2304	8	20	339
512	0	2304	72	8	344
768	0	2304	131	8	344
1024	0	2304	179	8	345
1280	0	2304	223	8	347
1536	0	2304	266	8	348
1792	0	2304	307	8	351
2048	0	2304	349	8	353
2304	0	2304	399	8	356
2560	0	2304	458	8	358
2816	0	2304	530	8	361
3072	0	2304	616	8	364
3328	0	2304	720	8	367
3584	0	2304	844	8	371
3840	0	2304	992	8	374
4095	0	2304	1023	14	358
0	256	2304	8	48	331
256	256	2304	8	43	338
512	256	2304	14	8	365
768	256	2304	120	8	361
1024	256	2304	176	8	357
1280	256	2304	223	8	355
1536	256	2304	268	8	355
1792	256	2304	309	8	355
2048	256	2304	352	8	357
2304	256	2304	402	8	358
2560	256	2304	462	8	360
2816	256	2304	534	8	363
3072	256	2304	621	8	365
3328	256	2304	725	8	368
3584	256	2304	850	8	371
3840	256	2304	999	8	374
4095	256	2304	1021	8	357
0	512	2304	8	94	329
256	512	2304	8	91	335
512	512	2304	8	80	361
768	512	2304	98	66	378
1024	512	2304	168	57	378
1280	512	2304	222	42	378
1536	512	2304	272	18	378
1792	512	2304	316	8	372
2048	512	2304	361	8	369
2304	512	2304	413	8	367
2560	512	2304	475	8	367
2816	512	2304	550	8	367
3072	512	2304	638	8	369
3328	512	2304	745	8	370
3584	512	2304	872	8	373
3840	512	2304	1023	15	375
4095	512	2304	1023	58	356
0	768	2304	8	137	327
256	768	2304	8	136	332
512	768	2304	8	132	353
768	768	2304	82	125	377
1024	768	2304	160	121	377
1280	768	2304	217	116	377
1536	768	2304	269	108	378
1792	768	2304	316	98	378
2048	768	2304	365	84	378
2304	768	2304	426	61	378
2560	768	2304	499	22	378
2816	768	2304	581	8	376
3072	768	2304	674	8	374
3328	768	2304	786	8	374
3584	768	2304	919	8	375
3840	768	2304	1023	102	376
4095	768	2304	1023	112	357
0	1024	2304	8	177	325
256	1024	2304	8	177	329
512	1024	2304	8	176	346
768	1024	2304	43	172	377
1024	1024	2304	149	170	377
1280	1024	2304	209	167	377
1536	1024	2304	263	162	377
1792	1024	2304	311	157	377
2048	1024	2304	361	150	377
2304	1024	2304	421	142	378
2560	1024	2304	494	131	378
2816	1024	2304	585	117	378
3072	1024	2304	696	97	378
3328	1024	2304	830	67	378
3584	1024	2304	990	8	378
3840	1024	2304	1023	154	377
4095	1024	2304	1023	156	358
0	1280	2304	8	216	326
256	1280	2304	8	216	329
512	1280	2304	8	216	342
768	1280	2304	8	216	368
1024	1280	2304	130	214	377
1280	1280	2304	199	212	377
1536	1280	2304	256	209	377
1792	1280	2304	306	205	377
2048	1280	2304	356	200	377
2304	1280	2304	416	195	377
2560	1280	2304	486	188	377
2816	1280	2304	578	180	377
3072	1280	2304	687	171	378
3328	1280	2304	821	160	378
3584	1280	2304	983	146	378
3840	1280	2304	1023	198	378
4095	1280	2304	1023	195	359
0	1536	2304	8	255	330
256	1536	2304	8	256	332
512	1536	2304	8	257	341
768	1536	2304	8	258	359
1024	1536	2304	99	257	376
1280	1536	2304	184	256	376
1536	1536	2304	245	253	376
1792	1536	2304	298	250	376
2048	1536	2304	348	247	376
2304	1536	2304	408	242	377
2560	1536	2304	479	237	377
2816	1536	2304	569	232	377
3072	1536	2304	677	225	377
3328	1536	2304	810	217	377
3584	1536	2304	971	208	378
3840	1536	2304	1023	240	380
4095	1536	2304	1023	234	361
0	1792	2304	8	293	337
256	1792	2304	8	294	339
512	1792	2304	8	295	344
768	1792	2304	8	296	356
1024	1792	2304	18	298	375
1280	1792	2304	163	297	375
1536	1792	2304	231	295	376
1792	1792	2304	288	293	376
2048	1792	2304	339	290	376
2304	1792	2304	399	287	376
2560	1792	2304	470	283	376
2816	1792	2304	557	279	376
3072	1792	2304	665	274	376
3328	1792	2304	797	268	377
3584	1792	2304	957	262	377
3840	1792	2304	1023	281	381
4095	1792	2304	1023	273	363
0	2048	2304	8	351	370
256	2048	2304	8	330	348
512	2048	2304	8	331	351
768	2048	2304	8	333	358
1024	2048	2304	8	336	369
1280	2048	2304	132	337	375
1536	2048	2304	213	335	375
1792	2048	2304	276	333	375
2048	2048	2304	329	331	375
2304	2048	2304	388	328	375
2560	2048	2304	459	325	375
2816	2048	2304	545	321	375
3072	2048	2304	650	318	376
3328	2048	2304	781	313	376
3584	2048	2304	939	308	376
3840	2048	2304	1023	320	382
4095	2048	2304	1023	309	365
0	2304	2304	8	398	382
256	2304	2304	8	399	382
512	2304	2304	8	400	385
768	2304	2304	8	375	364
1024	2304	2304	8	379	368
1280	2304	2304	70	384	374
1536	2304	2304	190	382	374
1792	2304	2304	260	380	374
2048	2304	2304	317	377	374
2304	2304	2304	374	374	374
2560	2304	2304	445	371	374
2816	2304	2304	531	368	374
3072	2304	2304	635	364	375
3328	2304	2304	762	359	375
3584	2304	2304	919	355	375
3840	2304	2304	1023	362	383
4095	2304	2304	1023	386	402
0	2560	2304	8	453	395
256	2560	2304	8	454	395
512	2560	2304	8	456	396
768	2560	2304	8	459	397
1024	2560	2304	8	431	373
1280	2560	2304	8	438	373
1536	2560	2304	157	439	373
1792	2560	2304	240	436	373
2048	2560	2304	303	434	373
2304	2560	2304	361	430	373
2560	2560	2304	430	427	373
2816	2560	2304	514	423	373
3072	2560	2304	617	419	374
3328	2560	2304	741	414	374
3584	2560	2304	896	410	374
3840	2560	2304	1023	412	382
4095	2560	2304	1023	434	408
0	2816	2304	8	519	409
256	2816	2304	8	519	409
512	2816	2304	8	521	409
768	2816	2304	8	526	408
1024	2816	2304	8	489	381
1280	2816	2304	8	498	377
1536	2816	2304	101	505	372
1792	2816	2304	214	503	372
2048	2816	2304	286	500	372
2304	2816	2304	345	496	372
2560	2816	2304	413	492	372
2816	2816	2304	494	488	372
3072	2816	2304	598	483	373
3328	2816	2304	720	478	373
3584	2816	2304	870	474	373
3840	2816	2304	1023	471	379
4095	2816	2304	1023	489	414
0	3072	2304	8	597	424
256	3072	2304	8	598	424
512	3072	2304	8	600	422
768	3072	2304	8	605	420
1024	3072	2304	8	612	416
1280	3072	2304	8	571	385
1536	3072	2304	8	584	373
1792	3072	2304	179	585	371
2048	3072	2304	264	582	371
2304	3072	2304	327	578	371
2560	3072	2304	395	574	371
2816	3072	2304	475	569	371
3072	3072	2304	575	564	371
3328	3072	2304	696	558	372
3584	3072	2304	844	553	372
3840	3072	2304	1022	546	372
4095	3072	2304	1023	557	422
0	3328	2304	8	689	441
256	3328	2304	8	690	440
512	3328	2304	8	693	438
768	3328	2304	8	698	434
1024	3328	2304	8	706	428
1280	3328	2304	8	718	418
1536	3328	2304	8	670	382
1792	3328	2304	124	681	370
2048	3328	2304	236	678	370
2304	3328	2304	308	674	370
2560	3328	2304	374	670	370
2816	3328	2304	454	664	370
3072	3328	2304	551	659	370
3328	3328	2304	669	652	370
3584	3328	2304	815	645	371
3840	3328	2304	991	639	371
4095	3328	2304	1023	638	431
0	3584	2304	8	798	458
256	3584	2304	8	799	457
512	3584	2304	8	802	455
768	3584	2304	8	809	450
1024	3584	2304	8	818	442
1280	3584	2304	8	831	430
1536	3584	2304	8	773	393
1792	3584	2304	8	794	371
2048	3584	2304	199	794	368
2304	3584	2304	285	789	368
2560	3584	2304	354	784	368
2816	3584	2304	431	779	369
3072	3584	2304	526	772	369
3328	3584	2304	640	766	369
3584	3584	2304	783	758	369
3840	3584	2304	956	750	369
4095	3584	2304	1023	733	442
0	3840	2304	8	927	475
256	3840	2304	8	928	474
512	3840	2304	8	932	471
768	3840	2304	8	939	466
1024	3840	2304	8	951	458
1280	3840	2304	8	966	445
1536	3840	2304	8	985	426
1792	3840	2304	8	917	384
2048	3840	2304	143	932	367
2304	3840	2304	256	927	367
2560	3840	2304	330	922	367
2816	3840	2304	407	916	367
3072	3840	2304	497	909	367
3328	3840	2304	612	901	367
3584	3840	2304	747	893	368
3840	3840	2304	918	883	368
4095	3840	2304	1023	848	465
0	4095	2304	8	1021	478
256	4095	2304	8	1021	478
512	4095	2304	8	1022	474
768	4095	2304	8	1023	467
1024	4095	2304	8	1021	455
1280	4095	2304	11	1023	439
1536	4095	2304	8	1020	417
1792	4095	2304	8	1022	391
2048	4095	2304	8	1022	358
2304	4095	2304	309	1023	412
2560	4095	2304	363	1023	408
2816	4095	2304	425	1023	402
3072	4095	2304	504	1023	399
3328	4095	2304	606	1023	398
3584	4095	2304	728	1023	395
3840	4095	2304	881	1023	393
4095	4095	2304	955	920	338
0	0	2560	8	31	367
256	0	2560	8	24	374
512	0	2560	65	8	385
768	0	2560	128	8	385
1024	0	2560	177	8	385
1280	0	2560	221	8	387
1536	0	2560	265	8	389
1792	0	2560	306	8	391
2048	0	2560	348	8	394
2304	0	2560	398	8	397
2560	0	2560	457	8	400
2816	0	2560	528	8	404
3072	0	2560	615	8	407
3328	0	2560	717	8	411
3584	0	2560	841	8	415
3840	0	2560	990	8	419
4095	0	2560	1021	8	397
0	256	2560	8	51	367
256	256	2560	8	45	373
512	256	2560	8	17	404
768	256	2560	114	8	404
1024	256	2560	173	8	400
1280	256	2560	220	8	398
1536	256	2560	266	8	397
1792	256	2560	308	8	398
2048	256	2560	350	8	399
2304	256	2560	401	8	401
2560	256	2560	460	8	403
2816	256	2560	533	8	406
3072	256	2560	619	8	409
3328	256	2560	723	8	412
3584	256	2560	847	8	416
3840	256	2560	997	8	419
4095	256	2560	1023	8	397
0	512	2560	8	94	365
256	512	2560	8	92	371
512	512	2560	8	82	399
768	512	2560	80	62	431
1024	512	2560	160	52	431
1280	512	2560	216	35	431
1536	512	2560	268	8	430
1792	512	2560	313	8	421
2048	512	2560	358	8	416
2304	512	2560	411	8	414
2560	512	2560	472	8	413
2816	512	2560	547	8	413
3072	512	2560	636	8	414
3328	512	2560	741	8	416
3584	512	2560	869	8	419
3840	512	2560	1021	8	422
4095	512	2560	1023	51	396
0	768	2560	8	138	363
256	768	2560	8	137	368
512	768	2560	8	132	392
768	768	2560	56	123	430
1024	768	2560	152	119	430
1280	768	2560	211	113	430
1536	768	2560	265	106	431
1792	768	2560	313	95	431
2048	768	2560	362	80	431
2304	768	2560	423	56	431
2560	768	2560	495	9	431
2816	768	2560	576	8	426
3072	768	2560	669	8	424
3328	768	2560	781	8	423
3584	768	2560	914	8	424
3840	768	2560	1023	97	422
4095	768	2560	1023	109	397
0	1024	2560	8	178	361
256	1024	2560	8	178	366
512	1024	2560	8	176	384
768	1024	2560	8	171	426
1024	1024	2560	139	169	430
1280	1024	2560	204	165	430
1536	1024	2560	259	161	430
1792	1024	2560	308	155	430
2048	1024	2560	358	149	430
2304	1024	2560	418	140	431
2560	1024	2560	490	129	431
2816	1024	2560	582	114	431
3072	1024	2560	691	95	431
3328	1024	2560	825	62	431
3584	1024	2560	982	8	431
3840	1024	2560	1023	151	424
4095	1024	2560	1023	154	398
0	1280	2560	8	217	361
256	1280	2560	8	216	365
512	1280	2560	8	216	379
768	1280	2560	8	215	411
1024	1280	2560	118	213	430
1280	1280	2560	193	211	430
1536	1280	2560	251	207	430
1792	1280	2560	303	204	430
2048	1280	2560	353	199	430
2304	1280	2560	413	194	430
2560	1280	2560	483	187	430
2816	1280	2560	574	179	430
3072	1280	2560	683	170	431
3328	1280	2560	816	158	431
3584	1280	2560	978	144	431
3840	1280	2560	1023	196	425
4095	1280	2560	1023	195	399
0	1536	2560	8	256	364
256	1536	2560	8	256	366
512	1536	2560	8	257	377
768	1536	2560	8	257	401
1024	1536	2560	81	257	429
1280	1536	2560	177	255	429
1536	1536	2560	240	253	429
1792	1536	2560	295	250	429
2048	1536	2560	345	246	430
2304	1536	2560	405	242	430
2560	1536	2560	476	237	430
2816	1536	2560	565	231	430
3072	1536	2560	673	224	430
3328	1536	2560	806	216	430
3584	1536	2560	966	207	431
3840	1536	2560	1023	239	427
4095	1536	2560	1023	234	401
0	1792	2560	8	294	369
256	1792	2560	8	294	371
512	1792	2560	8	295	379
768	1792	2560	8	296	396
1024	1792	2560	8	298	424
1280	1792	2560	155	297	428
1536	1792	2560	226	295	429
1792	1792	2560	285	292	429
2048	1792	2560	336	290	429
2304	1792	2560	396	286	429
2560	1792	2560	467	283	429
2816	1792	2560	554	278	429
3072	1792	2560	661	273	430
3328	1792	2560	792	267	430
3584	1792	2560	952	261	430
3840	1792	2560	1023	280	429
4095	1792	2560	1023	272	404
0	2048	2560	8	329	378
256	2048	2560	8	330	380
512	2048	2560	8	331	385
768	2048	2560	8	333	396
1024	2048	2560	8	335	414
1280	2048	2560	120	337	428
1536	2048	2560	208	335	428
1792	2048	2560	272	333	428
2048	2048	2560	326	330	428
2304	2048	2560	384	328	428
2560	2048	2560	455	324	428
2816	2048	2560	542	321	428
3072	2048	2560	646	317	429
3328	2048	2560	776	313	429
3584	2048	2560	934	308	429
3840	2048	2560	1023	319	430
4095	2048	2560	1023	308	406
0	2304	2560	8	398	419
256	2304	2560	8	399	420
512	2304	2560	8	373	395
768	2304	2560	8	375	401
1024	2304	2560	8	379	412
1280	2304	2560	38	384	427
1536	2304	2560	184	382	427
1792	2304	2560	256	379	427
2048	2304	2560	314	377	427
2304	2304	2560	371	374	427
2560	2304	2560	442	371	427
2816	2304	2560	527	367	427
3072	2304	2560	631	363	428
3328	2304	2560	757	359	428
3584	2304	2560	914	354	428
3840	2304	2560	1023	361	432
4095	2304	2560	1023	386	443
0	2560	2560	8	453	432
256	2560	2560	8	454	433
512	2560	2560	8	455	435
768	2560	2560	8	426	410
1024	2560	2560	8	430	415
1280	2560	2560	8	437	422
1536	2560	2560	149	438	426
1792	2560	2560	235	436	426
2048	2560	2560	300	433	426
2304	2560	2560	358	430	426
2560	2560	2560	426	426	426
2816	2560	2560	510	423	426
3072	2560	2560	614	418	426
3328	2560	2560	737	414	427
3584	2560	2560	890	409	427
3840	2560	2560	1023	411	432
4095	2560	2560	1023	434	450
0	2816	2560	8	519	448
256	2816	2560	8	519	448
512	2816	2560	8	521	449
768	2816	2560	8	525	450
1024	2816	2560	8	489	422
1280	2816	2560	8	497	424
1536	2816	2560	83	505	425
1792	2816	2560	208	502	425
2048	2816	2560	282	499	425
2304	2816	2560	342	496	425
2560	2816	2560	410	492	425
2816	2816	2560	491	487	425
3072	2816	2560	594	483	425
3328	2816	2560	716	478	426
3584	2816	2560	865	473	426
3840	2816	2560	1023	470	430
4095	2816	2560	1023	489	458
0	3072	2560	8	597	464
256	3072	2560	8	598	464
512	3072	2560	8	600	464
768	3072	2560	8	605	463
1024	3072	2560	8	612	462
1280	3072	2560	8	570	430
1536	3072	2560	8	582	425
1792	3072	2560	172	584	424
2048	3072	2560	260	581	424
2304	3072	2560	324	577	424
2560	3072	2560	392	573	424
2816	3072	2560	472	568	424
3072	3072	2560	571	563	424
3328	3072	2560	692	557	424
3584	3072	2560	839	552	425
3840	3072	2560	1017	545	425
4095	3072	2560	1023	558	465
0	3328	2560	8	689	481
256	3328	2560	8	690	480
512	3328	2560	8	693	479
768	3328	2560	8	698	478
1024	3328	2560	8	706	474
1280	3328	2560	8	655	441
1536	3328	2560	8	669	432
1792	3328	2560	111	680	422
2048	3328	2560	231	677	422
2304	3328	2560	305	673	422
2560	3328	2560	371	669	423
2816	3328	2560	451	663	423
3072	3328	2560	547	658	423
3328	3328	2560	665	651	423
3584	3328	2560	810	645	423
3840	3328	2560	986	638	424
4095	3328	2560	1023	638	474
0	3584	2560	8	798	500
256	3584	2560	8	799	500
512	3584	2560	8	802	498
768	3584	2560	8	808	494
1024	3584	2560	8	817	489
1280	3584	2560	8	830	480
1536	3584	2560	8	771	442
1792	3584	2560	8	791	425
2048	3584	2560	193	793	421
2304	3584	2560	282	788	421
2560	3584	2560	351	783	421
2816	3584	2560	427	778	421
3072	3584	2560	522	771	421
3328	3584	2560	636	765	422
3584	3584	2560	778	757	422
3840	3584	2560	951	749	422
4095	3584	2560	1023	734	483
0	3840	2560	8	927	522
256	3840	2560	8	928	521
512	3840	2560	8	932	519
768	3840	2560	8	939	514
1024	3840	2560	8	950	507
1280	3840	2560	8	964	496
1536	3840	2560	8	983	480
1792	3840	2560	8	914	436
2048	3840	2560	133	931	419
2304	3840	2560	252	927	419
2560	3840	2560	327	921	420
2816	3840	2560	404	914	420
3072	3840	2560	493	908	420
3328	3840	2560	608	900	420
3584	3840	2560	743	892	420
3840	3840	2560	913	883	420
4095	3840	2560	1023	850	501
0	4095	2560	13	1023	526
256	4095	2560	8	1021	525
512	4095	2560	8	1022	521
768	4095	2560	8	1022	514
1024	4095	2560	8	1020	501
1280	4095	2560	8	1022	485
1536	4095	2560	8	1022	466
1792	4095	2560	17	1023	441
2048	4095	2560	8	1022	410
2304	4095	2560	306	1023	460
2560	4095	2560	360	1023	457
2816	4095	2560	424	1023	454
3072	4095	2560	500	1023	449
3328	4095	2560	600	1023	447
3584	4095	2560	722	1023	445
3840	4095	2560	873	1023	441
4095	4095	2560	1023	982	541
0	0	2816	8	34	409
256	0	2816	8	28	417
512	0	2816	55	8	431
768	0	2816	124	8	431
1024	0	2816	174	8	432
1280	0	2816	219	8	434
1536	0	2816	263	8	435
1792	0	2816	305	8	438
2048	0	2816	347	8	441
2304	0	2816	397	8	445
2560	0	2816	456	8	449
2816	0	2816	527	8	452
3072	0	2816	613	8	456
3328	0	2816	715	8	460
3584	0	2816	839	8	465
3840	0	2816	986	8	469
4095	0	2816	1023	16	443
0	256	2816	8	54	409
256	256	2816	8	48	416
512	256	2816	8	24	446
768	256	2816	108	8	453
1024	256	2816	169	8	449
1280	256	2816	218	8	447
1536	256	2816	264	8	446
1792	256	2816	306	8	446
2048	256	2816	349	8	448
2304	256	2816	399	8	450
2560	256	2816	459	8	453
2816	256	2816	531	8	456
3072	256	2816	617	8	459
3328	256	2816	721	8	462
3584	256	2816	845	8	466
3840	256	2816	993	8	470
4095	256	2816	1021	8	442
0	512	2816	8	96	407
256	512	2816	8	93	414
512	512	2816	8	83	442
768	512	2816	50	56	492
1024	512	2816	150	45	492
1280	512	2816	210	28	492
1536	512	2816	264	8	486
1792	512	2816	310	8	476
2048	512	2816	355	8	470
2304	512	2816	408	8	467
2560	512	2816	469	8	466
2816	512	2816	545	8	466
3072	512	2816	633	8	467
3328	512	2816	739	8	468
3584	512	2816	865	8	471
3840	512	2816	1017	8	474
4095	512	2816	1023	47	441
0	768	2816	8	138	405
256	768	2816	8	137	411
512	768	2816	8	133	436
768	768	2816	8	121	491
1024	768	2816	142	117	492
1280	768	2816	205	111	492
1536	768	2816	260	103	492
1792	768	2816	309	92	492
2048	768	2816	359	76	492
2304	768	2816	419	50	493
2560	768	2816	489	8	491
2816	768	2816	570	8	484
3072	768	2816	664	8	481
3328	768	2816	775	8	479
3584	768	2816	908	8	479
3840	768	2816	1023	93	476
4095	768	2816	1023	108	442
0	1024	2816	8	178	402
256	1024	2816	8	178	408
512	1024	2816	8	176	428
768	1024	2816	8	171	474
1024	1024	2816	128	167	492
1280	1024	2816	197	164	492
1536	1024	2816	255	159	492
1792	1024	2816	305	154	492
2048	1024	2816	355	147	492
2304	1024	2816	415	138	492
2560	1024	2816	486	127	492
2816	1024	2816	577	112	493
3072	1024	2816	687	91	493
3328	1024	2816	820	57	493
3584	1024	2816	974	8	492
3840	1024	2816	1023	149	477
4095	1024	2816	1023	153	443
0	1280	2816	8	217	402
256	1280	2816	8	217	406
512	1280	2816	8	216	423
768	1280	2816	8	215	459
1024	1280	2816	103	212	491
1280	1280	2816	186	209	491
1536	1280	2816	246	206	492
1792	1280	2816	299	203	492
2048	1280	2816	349	198	492
2304	1280	2816	409	192	492
2560	1280	2816	480	186	492
2816	1280	2816	570	178	492
3072	1280	2816	678	168	492
3328	1280	2816	812	157	493
3584	1280	2816	972	142	493
3840	1280	2816	1023	195	479
4095	1280	2816	1023	193	445
0	1536	2816	8	256	403
256	1536	2816	8	256	407
512	1536	2816	8	257	420
768	1536	2816	8	257	448
1024	1536	2816	51	256	491
1280	1536	2816	169	254	491
1536	1536	2816	235	252	491
1792	1536	2816	291	249	491
2048	1536	2816	342	245	491
2304	1536	2816	401	241	491
2560	1536	2816	472	236	491
2816	1536	2816	560	230	492
3072	1536	2816	668	223	492
3328	1536	2816	800	215	492
3584	1536	2816	960	206	492
3840	1536	2816	1023	238	481
4095	1536	2816	1023	233	448
0	1792	2816	8	294	408
256	1792	2816	8	294	411
512	1792	2816	8	295	420
768	1792	2816	8	296	441
1024	1792	2816	8	297	477
1280	1792	2816	145	296	490
1536	1792	2816	220	294	490
1792	1792	2816	281	292	490
2048	1792	2816	333	289	490
2304	1792	2816	392	286	490
2560	1792	2816	463	282	491
2816	1792	2816	550	277	491
3072	1792	2816	656	272	491
3328	1792	2816	787	267	491
3584	1792	2816	946	260	492
3840	1792	2816	1023	279	483
4095	1792	2816	1023	271	450
0	2048	2816	8	330	416
256	2048	2816	8	330	418
512	2048	2816	8	331	425
768	2048	2816	8	333	440
1024	2048	2816	8	335	465
1280	2048	2816	105	336	489
1536	2048	2816	201	334	489
1792	2048	2816	268	332	489
2048	2048	2816	322	330	489
2304	2048	2816	381	327	490
2560	2048	2816	452	324	490
2816	2048	2816	538	320	490
3072	2048	2816	642	317	490
3328	2048	2816	770	312	490
3584	2048	2816	929	307	491
3840	2048	2816	1023	318	486
4095	2048	2816	1023	308	453
0	2304	2816	8	398	462
256	2304	2816	8	399	464
512	2304	2816	8	373	434
768	2304	2816	8	375	444
1024	2304	2816	8	378	461
1280	2304	2816	8	383	486
1536	2304	2816	176	381	488
1792	2304	2816	251	379	488
2048	2304	2816	311	376	488
2304	2304	2816	368	373	488
2560	2304	2816	438	370	489
2816	2304	2816	523	367	489
3072	2304	2816	627	363	489
3328	2304	2816	752	358	489
3584	2304	2816	908	354	490
3840	2304	2816	1023	359	488
4095	2304	2816	1023	386	490
0	2560	2816	8	453	475
256	2560	2816	8	454	476
512	2560	2816	8	455	479
768	2560	2816	8	425	452
1024	2560	2816	8	430	463
1280	2560	2816	8	435	477
1536	2560	2816	138	437	487
1792	2560	2816	229	435	487
2048	2560	2816	296	432	487
2304	2560	2816	355	429	487
2560	2560	2816	423	426	487
2816	2560	2816	506	422	487
3072	2560	2816	609	418	488
3328	2560	2816	733	413	488
3584	2560	2816	885	408	488
3840	2560	2816	1023	410	490
4095	2560	2816	1023	434	498
0	2816	2816	8	519	490
256	2816	2816	8	520	491
512	2816	2816	8	521	494
768	2816	2816	8	525	498
1024	2816	2816	8	488	469
1280	2816	2816	8	496	477
1536	2816	2816	55	504	486
1792	2816	2816	202	502	486
2048	2816	2816	278	499	486
2304	2816	2816	339	495	486
2560	2816	2816	407	491	486
2816	2816	2816	486	486	486
3072	2816	2816	589	482	486
3328	2816	2816	712	478	487
3584	2816	2816	860	472	487
3840	2816	2816	1023	469	489
4095	2816	2816	1023	490	507
0	3072	2816	8	597	509
256	3072	2816	8	598	510
512	3072	2816	8	600	511
768	3072	2816	8	604	513
1024	3072	2816	8	611	516
1280	3072	2816	8	569	481
1536	3072	2816	8	580	484
1792	3072	2816	164	583	484
2048	3072	2816	255	580	485
2304	3072	2816	321	577	485
2560	3072	2816	388	572	485
2816	3072	2816	468	567	485
3072	3072	2816	566	562	485
3328	3072	2816	687	557	485
3584	3072	2816	834	551	486
3840	3072	2816	1012	545	486
4095	3072	2816	1023	559	517
0	3328	2816	8	689	530
256	3328	2816	8	690	530
512	3328	2816	8	693	530
768	3328	2816	8	698	530
1024	3328	2816	8	705	530
1280	3328	2816	8	654	491
1536	3328	2816	8	667	487
1792	3328	2816	94	680	483
2048	3328	2816	225	676	483
2304	3328	2816	302	672	483
2560	3328	2816	368	668	483
2816	3328	2816	447	663	483
3072	3328	2816	543	657	484
3328	3328	2816	660	650	484
3584	3328	2816	805	644	484
3840	3328	2816	981	637	484
4095	3328	2816	1023	639	526
0	3584	2816	8	798	550
256	3584	2816	8	799	550
512	3584	2816	8	802	550
768	3584	2816	8	808	548
1024	3584	2816	8	817	545
1280	3584	2816	8	829	541
1536	3584	2816	8	769	497
1792	3584	2816	8	788	485
2048	3584	2816	186	792	482
2304	3584	2816	278	787	482
2560	3584	2816	347	783	482
2816	3584	2816	424	777	482
3072	3584	2816	518	770	482
3328	3584	2816	632	764	482
3584	3584	2816	772	756	483
3840	3584	2816	945	748	483
4095	3584	2816	1023	736	537
0	3840	2816	8	927	573
256	3840	2816	8	928	573
512	3840	2816	8	932	572
768	3840	2816	8	938	568
1024	3840	2816	8	948	563
1280	3840	2816	8	963	556
1536	3840	2816	8	981	545
1792	3840	2816	8	912	495
2048	3840	2816	120	930	480
2304	3840	2816	247	925	480
2560	3840	2816	324	920	480
2816	3840	2816	400	914	480
3072	3840	2816	489	907	481
3328	3840	2816	603	900	481
3584	3840	2816	739	891	481
3840	3840	2816	907	882	481
4095	3840	2816	1023	851	548
0	4095	2816	15	1023	577
256	4095	2816	8	1021	576
512	4095	2816	8	1022	572
768	4095	2816	8	1022	565
1024	4095	2816	8	1023	556
1280	4095	2816	8	1023	543
1536	4095	2816	8	1023	524
1792	4095	2816	8	1020	498
2048	4095	2816	8	1022	469
2304	4095	2816	306	1023	520
2560	4095	2816	356	1023	515
2816	4095	2816	420	1023	512
3072	4095	2816	497	1023	510
3328	4095	2816	594	1023	505
3584	4095	2816	716	1023	503
3840	4095	2816	867	1023	499
4095	4095	2816	1023	990	576
0	0	3072	8	44	536
256	0	3072	8	32	464
512	0	3072	43	8	484
768	0	3072	119	8	484
1024	0	3072	171	8	485
1280	0	3072	217	8	486
1536	0	3072	262	8	489
1792	0	3072	303	8	492
2048	0	3072	345	8	496
2304	0	3072	395	8	500
2560	0	3072	454	8	504
2816	0	3072	526	8	510
3072	0	3072	612	8	514
3328	0	3072	714	8	519
3584	0	3072	836	8	524
3840	0	3072	984	8	530
4095	0	3072	1021	8	494
0	256	3072	8	64	534
256	256	3072	8	51	463
512	256	3072	8	28	495
768	256	3072	101	8	510
1024	256	3072	165	8	506
1280	256	3072	215	8	504
1536	256	3072	261	8	502
1792	256	3072	304	8	503
2048	256	3072	347	8	504
2304	256	3072	397	8	507
2560	256	3072	457	8	510
2816	256	3072	529	8	514
3072	256	3072	616	8	518
3328	256	3072	718	8	522
3584	256	3072	842	8	526
3840	256	3072	990	8	531
4095	256	3072	1022	8	494
0	512	3072	8	107	528
256	512	3072	8	95	462
512	512	3072	8	85	491
768	512	3072	8	52	561
1024	512	3072	139	36	569
1280	512	3072	203	17	569
1536	512	3072	259	8	555
1792	512	3072	306	8	543
2048	512	3072	352	8	535
2304	512	3072	405	8	531
2560	512	3072	466	8	529
2816	512	3072	542	8	529
3072	512	3072	630	8	529
3328	512	3072	735	8	531
3584	512	3072	862	8	534
3840	512	3072	1013	8	537
4095	512	3072	1023	37	492
0	768	3072	8	139	452
256	768	3072	8	138	459
512	768	3072	8	133	484
768	768	3072	8	122	547
1024	768	3072	129	114	569
1280	768	3072	198	108	569
1536	768	3072	255	99	569
1792	768	3072	305	88	569
2048	768	3072	355	71	569
2304	768	3072	415	42	569
2560	768	3072	484	8	565
2816	768	3072	564	8	556
3072	768	3072	658	8	551
3328	768	3072	769	8	548
3584	768	3072	902	8	547
3840	768	3072	1023	88	541
4095	768	3072	1023	104	493
0	1024	3072	8	179	450
256	1024	3072	8	178	456
512	1024	3072	8	176	478
768	1024	3072	8	171	531
1024	1024	3072	112	166	568
1280	1024	3072	189	162	568
1536	1024	3072	249	158	568
1792	1024	3072	301	152	569
2048	1024	3072	351	145	569
2304	1024	3072	411	136	569
2560	1024	3072	482	124	569
2816	1024	3072	572	109	569
3072	1024	3072	681	88	569
3328	1024	3072	814	50	570
3584	1024	3072	966	8	567
3840	1024	3072	1023	146	543
4095	1024	3072	1023	151	495
0	1280	3072	8	217	448
256	1280	3072	8	217	454
512	1280	3072	8	216	472
768	1280	3072	8	214	515
1024	1280	3072	81	211	568
1280	1280	3072	177	208	568
1536	1280	3072	240	205	568
1792	1280	3072	295	202	568
2048	1280	3072	345	197	568
2304	1280	3072	405	191	568
2560	1280	3072	476	184	569
2816	1280	3072	565	176	569
3072	1280	3072	673	167	569
3328	1280	3072	806	155	569
3584	1280	3072	966	140	569
3840	1280	3072	1023	192	545
4095	1280	3072	1023	192	498
0	1536	3072	8	257	449
256	1536	3072	8	257	453
512	1536	3072	8	257	469
768	1536	3072	8	257	501
1024	1536	3072	8	255	563
1280	1536	3072	159	253	567
1536	1536	3072	229	251	567
1792	1536	3072	287	248	567
2048	1536	3072	338	244	568
2304	1536	3072	397	240	568
2560	1536	3072	468	235	568
2816	1536	3072	556	229	568
3072	1536	3072	663	222	568
3328	1536	3072	795	214	569
3584	1536	3072	954	205	569
3840	1536	3072	1023	236	548
4095	1536	3072	1023	232	501
0	1792	3072	8	294	453
256	1792	3072	8	294	456
512	1792	3072	8	295	468
768	1792	3072	8	296	493
1024	1792	3072	8	296	540
1280	1792	3072	133	295	566
1536	1792	3072	214	293	566
1792	1792	3072	276	291	567
2048	1792	3072	329	288	567
2304	1792	3072	388	285	567
2560	1792	3072	459	281	567
2816	1792	3072	545	277	567
3072	1792	3072	650	271	568
3328	1792	3072	781	266	568
3584	1792	3072	940	259	568
3840	1792	3072	1023	278	552
4095	1792	3072	1023	271	505
0	2048	3072	8	330	460
256	2048	3072	8	330	463
512	2048	3072	8	331	472
768	2048	3072	8	332	490
1024	2048	3072	8	334	525
1280	2048	3072	85	335	565
1536	2048	3072	194	333	566
1792	2048	3072	263	331	566
2048	2048	3072	319	329	566
2304	2048	3072	376	326	566
2560	2048	3072	447	323	566
2816	2048	3072	533	320	566
3072	2048	3072	637	316	567
3328	2048	3072	765	311	567
3584	2048	3072	922	306	567
3840	2048	3072	1023	316	555
4095	2048	3072	1023	307	508
0	2304	3072	8	372	470
256	2304	3072	8	372	472
512	2304	3072	8	373	479
768	2304	3072	8	375	493
1024	2304	3072	8	378	518
1280	2304	3072	8	381	556
1536	2304	3072	167	380	564
1792	2304	3072	245	378	565
2048	2304	3072	307	375	565
2304	2304	3072	365	372	565
2560	2304	3072	434	369	565
2816	2304	3072	519	366	565
3072	2304	3072	622	362	565
3328	2304	3072	746	358	566
3584	2304	3072	902	353	566
3840	2304	3072	1023	358	559
4095	2304	3072	1023	386	547
0	2560	3072	8	453	527
256	2560	3072	8	454	529
512	2560	3072	8	455	535
768	2560	3072	8	425	501
1024	2560	3072	8	429	518
1280	2560	3072	8	434	543
1536	2560	3072	125	437	563
1792	2560	3072	223	434	563
2048	2560	3072	292	432	563
2304	2560	3072	351	429	564
2560	2560	3072	419	425	564
2816	2560	3072	501	421	564
3072	2560	3072	604	417	564
3328	2560	3072	728	413	564
3584	2560	3072	878	408	565
3840	2560	3072	1023	408	562
4095	2560	3072	1023	434	555
0	2816	3072	8	519	543
256	2816	3072	8	520	545
512	2816	3072	8	521	548
768	2816	3072	8	525	556
1024	2816	3072	8	488	524
1280	2816	3072	8	494	540
1536	2816	3072	8	503	561
1792	2816	3072	194	501	562
2048	2816	3072	273	498	562
2304	2816	3072	335	494	562
2560	2816	3072	403	490	562
2816	2816	3072	482	486	563
3072	2816	3072	584	481	563
3328	2816	3072	706	477	563
3584	2816	3072	855	472	563
3840	2816	3072	1023	468	563
4095	2816	3072	1023	490	565
0	3072	3072	8	598	562
256	3072	3072	8	599	562
512	3072	3072	8	601	565
768	3072	3072	8	604	571
1024	3072	3072	8	561	534
1280	3072	3072	8	568	543
1536	3072	3072	8	579	554
1792	3072	3072	153	583	560
2048	3072	3072	250	579	560
2304	3072	3072	318	576	561
2560	3072	3072	384	572	561
2816	3072	3072	464	567	561
3072	3072	3072	561	561	561
3328	3072	3072	682	556	561
3584	3072	3072	829	550	562
3840	3072	3072	1006	544	562
4095	3072	3072	1023	560	576
0	3328	3072	8	690	584
256	3328	3072	8	690	584
512	3328	3072	8	693	586
768	3328	3072	8	698	588
1024	3328	3072	8	705	592
1280	3328	3072	8	653	551
1536	3328	3072	8	665	556
1792	3328	3072	68	679	559
2048	3328	3072	218	676	559
2304	3328	3072	298	672	559
2560	3328	3072	364	667	559
2816	3328	3072	443	662	560
3072	3328	3072	539	656	560
3328	3328	3072	654	650	560
3584	3328	3072	799	643	560
3840	3328	3072	974	637	560
4095	3328	3072	1023	641	588
0	3584	3072	8	798	607
256	3584	3072	8	799	607
512	3584	3072	8	802	608
768	3584	3072	8	808	608
1024	3584	3072	8	816	609
1280	3584	3072	8	828	609
1536	3584	3072	8	768	563
1792	3584	3072	8	786	559
2048	3584	3072	177	791	557
2304	3584	3072	273	786	557
2560	3584	3072	343	782	557
2816	3584	3072	420	776	558
3072	3584	3072	513	769	558
3328	3584	3072	628	763	558
3584	3584	3072	767	755	558
3840	3584	3072	939	747	559
4095	3584	3072	1023	737	598
0	3840	3072	8	928	631
256	3840	3072	8	929	631
512	3840	3072	8	932	631
768	3840	3072	8	939	630
1024	3840	3072	8	948	628
1280	3840	3072	8	962	625
1536	3840	3072	8	888	576
1792	3840	3072	8	909	566
2048	3840	3072	103	929	555
2304	3840	3072	241	924	555
2560	3840	3072	320	919	556
2816	3840	3072	396	913	556
3072	3840	3072	485	906	556
3328	3840	3072	598	898	556
3584	3840	3072	733	890	557
3840	3840	3072	900	881	557
4095	3840	3072	1023	854	607
0	4095	3072	8	1021	633
256	4095	3072	8	1022	632
512	4095	3072	8	1022	630
768	4095	3072	8	1022	625
1024	4095	3072	8	1022	617
1280	4095	3072	8	1021	604
1536	4095	3072	8	1021	589
1792	4095	3072	8	1021	566
2048	4095	3072	246	1023	588
2304	4095	3072	303	1023	586
2560	4095	3072	356	1023	585
2816	4095	3072	417	1023	581
3072	4095	3072	493	1023	579
3328	4095	3072	591	1023	577
3584	4095	3072	710	1023	574
3840	4095	3072	860	1023	571
4095	4095	3072	1023	997	625
0	0	3328	8	49	606
256	0	3328	8	41	618
512	0	3328	28	8	549
768	0	3328	114	8	550
1024	0	3328	168	8	551
1280	0	3328	214	8	552
1536	0	3328	260	8	554
1792	0	3328	302	8	557
2048	0	3328	344	8	561
2304	0	3328	393	8	565
2560	0	3328	452	8	571
2816	0	3328	524	8	577
3072	0	3328	610	8	582
3328	0	3328	712	8	588
3584	0	3328	834	8	594
3840	0	3328	981	8	600
4095	0	3328	1023	16	557
0	256	3328	8	67	603
256	256	3328	8	62	615
512	256	3328	8	33	553
768	256	3328	93	8	577
1024	256	3328	161	8	574
1280	256	3328	212	8	571
1536	256	3328	259	8	570
1792	256	3328	302	8	570
2048	256	3328	345	8	571
2304	256	3328	395	8	574
2560	256	3328	454	8	578
2816	256	3328	527	8	582
3072	256	3328	614	8	587
3328	256	3328	716	8	592
3584	256	3328	840	8	597
3840	256	3328	987	8	602
4095	256	3328	1021	8	556
0	512	3328	8	108	598
256	512	3328	8	106	609
512	512	3328	8	87	550
768	512	3328	8	57	624
1024	512	3328	124	27	659
1280	512	3328	196	8	650
1536	512	3328	255	8	632
1792	512	3328	303	8	619
2048	512	3328	349	8	611
2304	512	3328	401	8	605
2560	512	3328	463	8	602
2816	512	3328	538	8	602
3072	512	3328	627	8	603
3328	512	3328	732	8	604
3584	512	3328	859	8	607
3840	512	3328	1009	8	610
4095	512	3328	1023	32	555
0	768	3328	8	152	589
256	768	3328	8	151	599
512	768	3328	8	134	545
768	768	3328	8	123	611
1024	768	3328	112	110	658
1280	768	3328	189	104	658
1536	768	3328	249	96	658
1792	768	3328	301	84	659
2048	768	3328	351	64	659
2304	768	3328	411	32	659
2560	768	3328	478	8	649
2816	768	3328	559	8	638
3072	768	3328	652	8	631
3328	768	3328	764	8	628
3584	768	3328	896	8	626
3840	768	3328	1023	80	617
4095	768	3328	1023	102	557
0	1024	3328	8	193	579
256	1024	3328	8	179	511
512	1024	3328	8	176	538
768	1024	3328	8	171	595
1024	1024	3328	90	164	658
1280	1024	3328	181	160	658
1536	1024	3328	243	156	658
1792	1024	3328	297	150	658
2048	1024	3328	347	143	658
2304	1024	3328	406	134	659
2560	1024	3328	477	121	659
2816	1024	3328	567	105	659
3072	1024	3328	675	83	659
3328	1024	3328	808	41	659
3584	1024	3328	956	8	654
3840	1024	3328	1023	143	619
4095	1024	3328	1023	150	559
0	1280	3328	8	218	502
256	1280	3328	8	217	509
512	1280	3328	8	217	532
768	1280	3328	8	214	579
1024	1280	3328	41	209	657
1280	1280	3328	167	207	657
1536	1280	3328	234	204	657
1792	1280	3328	290	200	657
2048	1280	3328	341	195	658
2304	1280	3328	401	190	658
2560	1280	3328	471	183	658
2816	1280	3328	559	175	658
3072	1280	3328	667	165	659
3328	1280	3328	799	153	659
3584	1280	3328	959	138	659
3840	1280	3328	1023	190	623
4095	1280	3328	1023	191	561
0	1536	3328	8	257	502
256	1536	3328	8	257	507
512	1536	3328	8	257	527
768	1536	3328	8	256	564
1024	1536	3328	8	255	635
1280	1536	3328	148	252	657
1536	1536	3328	222	250	657
1792	1536	3328	282	247	657
2048	1536	3328	333	243	657
2304	1536	3328	393	239	657
2560	1536	3328	464	233	657
2816	1536	3328	551	227	657
3072	1536	3328	657	221	658
3328	1536	3328	788	213	658
3584	1536	3328	947	204	658
3840	1536	3328	1023	234	627
4095	1536	3328	1023	231	565
0	1792	3328	8	295	505
256	1792	3328	8	295	510
512	1792	3328	8	295	525
768	1792	3328	8	295	555
1024	1792	3328	8	296	611
1280	1792	3328	117	294	656
1536	1792	3328	206	292	656
1792	1792	3328	271	290	656
2048	1792	3328	325	287	656
2304	1792	3328	383	284	656
2560	1792	3328	454	280	657
2816	1792	3328	541	276	657
3072	1792	3328	645	271	657
3328	1792	3328	774	265	657
3584	1792	3328	933	258	657
3840	1792	3328	1023	276	631
4095	1792	3328	1023	269	569
0	2048	3328	8	330	512
256	2048	3328	8	331	516
512	2048	3328	8	331	528
768	2048	3328	8	332	551
1024	2048	3328	8	334	594
1280	2048	3328	48	334	654
1536	2048	3328	185	333	654
1792	2048	3328	257	331	655
2048	2048	3328	315	328	655
2304	2048	3328	372	326	655
2560	2048	3328	443	323	655
2816	2048	3328	528	319	656
3072	2048	3328	632	315	656
3328	2048	3328	758	311	656
3584	2048	3328	915	306	657
3840	2048	3328	1023	315	636
4095	2048	3328	1023	306	574
0	2304	3328	8	372	523
256	2304	3328	8	372	525
512	2304	3328	8	373	535
768	2304	3328	8	375	553
1024	2304	3328	8	377	584
1280	2304	3328	8	380	633
1536	2304	3328	156	379	653
1792	2304	3328	239	377	654
2048	2304	3328	302	375	654
2304	2304	3328	360	372	654
2560	2304	3328	429	369	654
2816	2304	3328	513	365	654
3072	2304	3328	617	361	654
3328	2304	3328	741	357	655
3584	2304	3328	894	352	655
3840	2304	3328	1023	357	642
4095	2304	3328	1023	386	612
0	2560	3328	8	453	587
256	2560	3328	8	454	590
512	2560	3328	8	423	545
768	2560	3328	8	425	558
1024	2560	3328	8	429	582
1280	2560	3328	8	433	617
1536	2560	3328	107	436	652
1792	2560	3328	216	434	652
2048	2560	3328	287	431	652
2304	2560	3328	347	428	652
2560	2560	3328	415	424	653
2816	2560	3328	496	421	653
3072	2560	3328	599	416	653
3328	2560	3328	722	412	654
3584	2560	3328	872	407	654
3840	2560	3328	1023	407	647
4095	2560	3328	1023	434	621
0	2816	3328	8	519	604
256	2816	3328	8	520	606
512	2816	3328	8	521	612
768	2816	3328	8	483	569
1024	2816	3328	8	487	587
1280	2816	3328	8	494	611
1536	2816	3328	8	501	645
1792	2816	3328	186	500	651
2048	2816	3328	268	497	651
2304	2816	3328	330	493	651
2560	2816	3328	398	489	651
2816	2816	3328	478	485	651
3072	2816	3328	579	481	652
3328	2816	3328	700	476	652
3584	2816	3328	848	471	652
3840	2816	3328	1023	466	652
4095	2816	3328	1023	489	632
0	3072	3328	8	598	623
256	3072	3328	8	599	624
512	3072	3328	8	601	628
768	3072	3328	8	604	636
1024	3072	3328	8	560	597
1280	3072	3328	8	568	613
1536	3072	3328	8	577	634
1792	3072	3328	141	582	649
2048	3072	3328	243	578	649
2304	3072	3328	314	575	649
2560	3072	3328	379	571	649
2816	3072	3328	460	566	650
3072	3072	3328	557	560	650
3328	3072	3328	676	555	650
3584	3072	3328	822	550	650
3840	3072	3328	999	543	651
4095	3072	3328	1023	560	643
0	3328	3328	8	691	644
256	3328	3328	8	691	645
512	3328	3328	8	694	648
768	3328	3328	8	698	654
1024	3328	3328	8	705	662
1280	3328	3328	8	652	620
1536	3328	3328	8	664	632
1792	3328	3328	17	678	647
2048	3328	3328	211	674	647
2304	3328	3328	293	670	647
2560	3328	3328	360	666	648
2816	3328	3328	438	661	648
3072	3328	3328	534	655	648
3328	3328	3328	648	648	648
3584	3328	3328	793	642	648
3840	3328	3328	967	636	649
4095	3328	3328	1023	642	656
0	3584	3328	8	799	670
256	3584	3328	8	800	670
512	3584	3328	8	803	672
768	3584	3328	8	808	676
1024	3584	3328	8	816	680
1280	3584	3328	8	827	686
1536	3584	3328	8	767	637
1792	3584	3328	8	783	643
2048	3584	3328	167	790	645
2304	3584	3328	268	785	646
2560	3584	3328	339	781	646
2816	3584	3328	416	775	646
3072	3584	3328	508	768	646
3328	3584	3328	623	762	646
3584	3584	3328	760	754	647
3840	3584	3328	932	746	647
4095	3584	3328	1023	739	670
0	3840	3328	8	928	698
256	3840	3328	8	929	698
512	3840	3328	8	933	699
768	3840	3328	8	939	700
1024	3840	3328	8	948	701
1280	3840	3328	8	961	703
1536	3840	3328	8	887	648
1792	3840	3328	8	907	647
2048	3840	3328	79	928	644
2304	3840	3328	234	923	644
2560	3840	3328	316	917	644
2816	3840	3328	392	912	644
3072	3840	3328	480	905	644
3328	3840	3328	593	897	645
3584	3840	3328	728	889	645
3840	3840	3328	893	879	645
4095	3840	3328	1023	856	679
0	4095	3328	8	1022	698
256	4095	3328	8	1023	698
512	4095	3328	8	1023	696
768	4095	3328	8	1023	691
1024	4095	3328	8	1023	685
1280	4095	3328	17	1023	676
1536	4095	3328	8	1023	663
1792	4095	3328	8	1022	645
2048	4095	3328	240	1023	661
2304	4095	3328	299	1023	661
2560	4095	3328	352	1023	661
2816	4095	3328	415	1023	661
3072	4095	3328	491	1023	661
3328	4095	3328	587	1023	659
3584	4095	3328	705	1023	657
3840	4095	3328	854	1023	655
4095	4095	3328	1023	1004	689
0	0	3584	8	53	685
256	0	3584	8	47	698
512	0	3584	8	13	621
768	0	3584	108	8	624
1024	0	3584	165	8	625
1280	0	3584	212	8	627
1536	0	3584	258	8	629
1792	0	3584	300	8	633
2048	0	3584	342	8	636
2304	0	3584	391	8	641
2560	0	3584	450	8	646
2816	0	3584	521	8	652
3072	0	3584	607	8	659
3328	0	3584	710	8	667
3584	0	3584	832	8	673
3840	0	3584	978	8	680
4095	0	3584	1021	8	629
0	256	3584	8	70	683
256	256	3584	8	66	696
512	256	3584	8	38	621
768	256	3584	84	8	654
1024	256	3584	156	8	650
1280	256	3584	208	8	647
1536	256	3584	256	8	646
1792	256	3584	300	8	646
2048	256	3584	343	8	647
2304	256	3584	393	8	651
2560	256	3584	452	8	655
2816	256	3584	524	8	660
3072	256	3584	611	8	665
3328	256	3584	714	8	672
3584	256	3584	837	8	677
3840	256	3584	984	8	683
4095	256	3584	1022	8	629
0	512	3584	8	110	677
256	512	3584	8	107	689
512	512	3584	8	89	617
768	512	3584	8	62	696
1024	512	3584	103	11	766
1280	512	3584	190	8	741
1536	512	3584	250	8	722
1792	512	3584	299	8	708
2048	512	3584	345	8	697
2304	512	3584	398	8	691
2560	512	3584	460	8	687
2816	512	3584	534	8	686
3072	512	3584	623	8	687
3328	512	3584	729	8	689
3584	512	3584	855	8	691
3840	512	3584	1005	8	695
4095	512	3584	1023	19	628
0	768	3584	8	152	669
256	768	3584	8	151	679
512	768	3584	8	135	613
768	768	3584	8	124	683
1024	768	3584	88	107	765
1280	768	3584	180	100	765
1536	768	3584	242	91	765
1792	768	3584	296	78	766
2048	768	3584	347	57	766
2304	768	3584	406	22	766
2560	768	3584	473	8	748
2816	768	3584	553	8	735
3072	768	3584	646	8	726
3328	768	3584	757	8	720
3584	768	3584	889	8	717
3840	768	3584	1023	71	706
4095	768	3584	1023	97	629
0	1024	3584	8	193	657
256	1024	3584	8	193	668
512	1024	3584	8	177	606
768	1024	3584	8	172	667
1024	1024	3584	54	162	765
1280	1024	3584	170	158	765
1536	1024	3584	235	153	765
1792	1024	3584	291	148	765
2048	1024	3584	342	140	765
2304	1024	3584	402	131	765
2560	1024	3584	472	118	766
2816	1024	3584	561	101	766
3072	1024	3584	669	77	766
3328	1024	3584	801	31	767
3584	1024	3584	946	8	756
3840	1024	3584	1023	139	710
4095	1024	3584	1023	147	632
0	1280	3584	8	234	647
256	1280	3584	8	234	656
512	1280	3584	8	217	599
768	1280	3584	8	214	650
1024	1280	3584	8	209	748
1280	1280	3584	155	206	764
1536	1280	3584	226	202	764
1792	1280	3584	285	199	764
2048	1280	3584	336	194	765
2304	1280	3584	396	188	765
2560	1280	3584	467	181	765
2816	1280	3584	554	173	765
3072	1280	3584	661	163	766
3328	1280	3584	792	151	766
3584	1280	3584	952	136	766
3840	1280	3584	1023	188	714
4095	1280	3584	1023	189	635
0	1536	3584	8	274	641
256	1536	3584	8	257	572
512	1536	3584	8	257	594
768	1536	3584	8	256	637
1024	1536	3584	8	254	717
1280	1536	3584	133	251	763
1536	1536	3584	214	248	764
1792	1536	3584	276	245	764
2048	1536	3584	329	242	764
2304	1536	3584	388	237	764
2560	1536	3584	459	232	764
2816	1536	3584	545	226	765
3072	1536	3584	650	219	765
3328	1536	3584	781	211	765
3584	1536	3584	940	202	765
3840	1536	3584	1023	232	720
4095	1536	3584	1023	229	639
0	1792	3584	8	295	568
256	1792	3584	8	295	573
512	1792	3584	8	295	592
768	1792	3584	8	295	627
1024	1792	3584	8	295	691
1280	1792	3584	94	294	762
1536	1792	3584	197	292	763
1792	1792	3584	265	289	763
2048	1792	3584	320	286	763
2304	1792	3584	378	283	763
2560	1792	3584	449	279	763
2816	1792	3584	535	275	764
3072	1792	3584	639	270	764
3328	1792	3584	767	264	764
3584	1792	3584	925	257	764
3840	1792	3584	1023	274	726
4095	1792	3584	1023	268	644
0	2048	3584	8	331	574
256	2048	3584	8	331	578
512	2048	3584	8	331	593
768	2048	3584	8	332	621
1024	2048	3584	8	333	671
1280	2048	3584	8	334	753
1536	2048	3584	175	332	761
1792	2048	3584	250	330	761
2048	2048	3584	310	328	762
2304	2048	3584	368	325	762
2560	2048	3584	438	322	762
2816	2048	3584	523	318	762
3072	2048	3584	626	314	763
3328	2048	3584	751	310	763
3584	2048	3584	908	305	763
3840	2048	3584	1023	314	733
4095	2048	3584	1023	305	650
0	2304	3584	8	372	583
256	2304	3584	8	373	586
512	2304	3584	8	373	598
768	2304	3584	8	375	621
1024	2304	3584	8	377	659
1280	2304	3584	8	379	722
1536	2304	3584	142	379	760
1792	2304	3584	232	376	760
2048	2304	3584	297	374	760
2304	2304	3584	356	371	760
2560	2304	3584	424	368	761
2816	2304	3584	508	365	761
3072	2304	3584	611	361	761
3328	2304	3584	735	356	762
3584	2304	3584	886	351	762
3840	2304	3584	1023	355	741
4095	2304	3584	1023	385	686
0	2560	3584	8	454	656
256	2560	3584	8	454	659
512	2560	3584	8	424	608
768	2560	3584	8	425	626
1024	2560	3584	8	428	654
1280	2560	3584	8	432	702
1536	2560	3584	81	435	758
1792	2560	3584	207	433	759
2048	2560	3584	282	430	759
2304	2560	3584	342	427	759
2560	2560	3584	410	424	759
2816	2560	3584	490	420	759
3072	2560	3584	593	416	760
3328	2560	3584	716	411	760
3584	2560	3584	865	406	760
3840	2560	3584	1023	405	750
4095	2560	3584	1023	433	697
0	2816	3584	8	519	673
256	2816	3584	8	520	675
512	2816	3584	8	521	684
768	2816	3584	8	484	635
1024	2816	3584	8	487	657
1280	2816	3584	8	493	693
1536	2816	3584	8	499	741
1792	2816	3584	176	499	757
2048	2816	3584	262	496	757
2304	2816	3584	326	492	757
2560	2816	3584	394	488	757
2816	2816	3584	473	484	758
3072	2816	3584	573	480	758
3328	2816	3584	694	475	758
3584	2816	3584	842	470	759
3840	2816	3584	1020	464	759
4095	2816	3584	1023	489	709
0	3072	3584	8	598	694
256	3072	3584	8	599	695
512	3072	3584	8	601	702
768	3072	3584	8	604	713
1024	3072	3584	8	560	667
1280	3072	3584	8	567	692
1536	3072	3584	8	575	726
1792	3072	3584	125	581	755
2048	3072	3584	236	577	755
2304	3072	3584	309	574	755
2560	3072	3584	374	569	755
2816	3072	3584	455	565	756
3072	3072	3584	551	560	756
3328	3072	3584	670	554	756
3584	3072	3584	815	549	757
3840	3072	3584	991	542	757
4095	3072	3584	1023	559	722
0	3328	3584	8	691	717
256	3328	3584	8	692	718
512	3328	3584	8	694	723
768	3328	3584	8	698	731
1024	3328	3584	8	704	744
1280	3328	3584	8	652	698
1536	3328	3584	8	663	721
1792	3328	3584	8	675	750
2048	3328	3584	203	673	753
2304	3328	3584	288	669	753
2560	3328	3584	356	665	753
2816	3328	3584	433	659	753
3072	3328	3584	528	654	754
3328	3328	3584	643	647	754
3584	3328	3584	786	642	754
3840	3328	3584	960	635	755
4095	3328	3584	1023	641	736
0	3584	3584	8	800	742
256	3584	3584	8	801	743
512	3584	3584	8	804	746
768	3584	3584	8	809	752
1024	3584	3584	8	816	761
1280	3584	3584	8	752	711
1536	3584	3584	8	765	724
1792	3584	3584	8	781	741
2048	3584	3584	155	788	751
2304	3584	3584	262	784	751
2560	3584	3584	334	779	751
2816	3584	3584	411	773	752
3072	3584	3584	502	767	752
3328	3584	3584	617	760	752
3584	3584	3584	752	752	752
3840	3584	3584	925	746	752
4095	3584	3584	1023	741	752
0	3840	3584	8	929	772
256	3840	3584	8	930	772
512	3840	3584	8	933	775
768	3840	3584	8	939	779
1024	3840	3584	8	948	784
1280	3840	3584	8	960	792
1536	3840	3584	8	886	734
1792	3840	3584	8	905	741
2048	3840	3584	32	927	749
2304	3840	3584	227	922	749
2560	3840	3584	311	916	749
2816	3840	3584	387	910	749
3072	3840	3584	475	903	750
3328	3840	3584	587	896	750
3584	3840	3584	722	887	750
3840	3840	3584	885	878	750
4095	3840	3584	1023	860	767
0	4095	3584	8	1023	768
256	4095	3584	8	1021	767
512	4095	3584	8	1021	766
768	4095	3584	8	1021	763
1024	4095	3584	8	1020	758
1280	4095	3584	8	1023	754
1536	4095	3584	8	1021	745
1792	4095	3584	175	1023	748
2048	4095	3584	243	1023	749
2304	4095	3584	300	1023	750
2560	4095	3584	352	1023	752
2816	4095	3584	412	1023	751
3072	4095	3584	486	1023	753
3328	4095	3584	583	1023	754
3584	4095	3584	700	1023	755
3840	4095	3584	848	1023	754
4095	4095	3584	1023	1010	769
0	0	3840	8	57	776
256	0	3840	8	52	791
512	0	3840	8	23	698
768	0	3840	101	8	711
1024	0	3840	161	8	711
1280	0	3840	209	8	713
1536	0	3840	256	8	717
1792	0	3840	298	8	720
2048	0	3840	340	8	724
2304	0	3840	389	8	730
2560	0	3840	448	8	736
2816	0	3840	519	8	742
3072	0	3840	604	8	749
3328	0	3840	707	8	757
3584	0	3840	943	8	865
3840	0	3840	1021	8	809
4095	0	3840	1023	14	713
0	256	3840	8	74	774
256	256	3840	8	69	788
512	256	3840	8	43	698
768	256	3840	72	8	743
1024	256	3840	151	8	740
1280	256	3840	205	8	738
1536	256	3840	254	8	737
1792	256	3840	298	8	737
2048	256	3840	341	8	739
2304	256	3840	390	8	741
2560	256	3840	450	8	746
2816	256	3840	521	8	750
3072	256	3840	608	8	756
3328	256	3840	711	8	764
3584	256	3840	834	8	771
3840	256	3840	981	8	778
4095	256	3840	1021	8	712
0	512	3840	8	111	768
256	512	3840	8	109	783
512	512	3840	8	91	694
768	512	3840	8	66	776
1024	512	3840	89	8	870
1280	512	3840	184	8	847
1536	512	3840	245	8	826
1792	512	3840	296	8	810
2048	512	3840	342	8	798
2304	512	3840	395	8	790
2560	512	3840	456	8	785
2816	512	3840	531	8	783
3072	512	3840	619	8	784
3328	512	3840	725	8	787
3584	512	3840	851	8	790
3840	512	3840	1001	8	794
4095	512	3840	1022	8	712
0	768	3840	8	153	759
256	768	3840	8	151	772
512	768	3840	8	136	689
768	768	3840	8	125	764
1024	768	3840	45	103	893
1280	768	3840	168	96	893
1536	768	3840	234	86	893
1792	768	3840	290	71	893
2048	768	3840	341	48	893
2304	768	3840	401	8	889
2560	768	3840	467	8	864
2816	768	3840	547	8	847
3072	768	3840	640	8	836
3328	768	3840	750	8	829
3584	768	3840	882	8	825
3840	768	3840	1023	60	813
4095	768	3840	1023	94	715
0	1024	3840	8	193	749
256	1024	3840	8	193	759
512	1024	3840	8	177	683
768	1024	3840	8	172	749
1024	1024	3840	8	161	876
1280	1024	3840	157	156	892
1536	1024	3840	227	151	892
1792	1024	3840	286	145	893
2048	1024	3840	337	138	893
2304	1024	3840	397	128	893
2560	1024	3840	467	114	893
2816	1024	3840	555	97	893
3072	1024	3840	661	70	894
3328	1024	3840	793	17	894
3584	1024	3840	936	8	877
3840	1024	3840	1023	135	817
4095	1024	3840	1023	145	717
0	1280	3840	8	234	739
256	1280	3840	8	234	748
512	1280	3840	8	217	676
768	1280	3840	8	214	734
1024	1280	3840	8	209	843
1280	1280	3840	140	204	892
1536	1280	3840	218	201	892
1792	1280	3840	279	197	892
2048	1280	3840	331	192	892
2304	1280	3840	390	186	892
2560	1280	3840	461	179	893
2816	1280	3840	548	171	893
3072	1280	3840	653	161	893
3328	1280	3840	784	148	893
3584	1280	3840	943	133	894
3840	1280	3840	1023	185	823
4095	1280	3840	1023	188	722
0	1536	3840	8	274	730
256	1536	3840	8	274	738
512	1536	3840	8	257	670
768	1536	3840	8	256	720
1024	1536	3840	8	254	811
1280	1536	3840	113	250	891
1536	1536	3840	204	247	891
1792	1536	3840	270	244	891
2048	1536	3840	324	240	891
2304	1536	3840	383	236	892
2560	1536	3840	453	231	892
2816	1536	3840	540	225	892
3072	1536	3840	644	218	892
3328	1536	3840	773	210	893
3584	1536	3840	931	201	893
3840	1536	3840	1023	229	830
4095	1536	3840	1023	227	727
0	1792	3840	8	312	726
256	1792	3840	8	312	732
512	1792	3840	8	295	667
768	1792	3840	8	295	709
1024	1792	3840	8	295	782
1280	1792	3840	57	293	890
1536	1792	3840	187	291	890
1792	1792	3840	258	288	890
2048	1792	3840	316	285	890
2304	1792	3840	373	282	890
2560	1792	3840	444	278	890
2816	1792	3840	529	274	891
3072	1792	3840	633	269	891
3328	1792	3840	759	263	892
3584	1792	3840	917	256	892
3840	1792	3840	1023	272	840
4095	1792	3840	1023	267	733
0	2048	3840	8	352	725
256	2048	3840	8	331	648
512	2048	3840	8	332	667
768	2048	3840	8	332	702
1024	2048	3840	8	333	760
1280	2048	3840	8	333	859
1536	2048	3840	163	331	889
1792	2048	3840	243	329	889
2048	2048	3840	305	327	889
2304	2048	3840	363	324	889
2560	2048	3840	432	321	889
2816	2048	3840	516	318	890
3072	2048	3840	620	314	890
3328	2048	3840	744	309	890
3584	2048	3840	899	304	890
3840	2048	3840	1023	312	850
4095	2048	3840	1023	304	740
0	2304	3840	8	399	729
256	2304	3840	8	373	657
512	2304	3840	8	373	672
768	2304	3840	8	375	700
1024	2304	3840	8	376	746
1280	2304	3840	8	378	824
1536	2304	3840	125	378	887
1792	2304	3840	223	375	887
2048	2304	3840	292	373	887
2304	2304	3840	351	370	887
2560	2304	3840	419	367	888
2816	2304	3840	502	364	888
3072	2304	3840	605	360	889
3328	2304	3840	728	355	889
3584	2304	3840	878	351	889
3840	2304	3840	1023	353	862
4095	2304	3840	1023	341	748
0	2560	3840	8	454	739
256	2560	3840	8	454	742
512	2560	3840	8	424	681
768	2560	3840	8	425	704
1024	2560	3840	8	428	740
1280	2560	3840	8	431	799
1536	2560	3840	31	434	885
1792	2560	3840	198	432	886
2048	2560	3840	275	429	886
2304	2560	3840	337	426	886
2560	2560	3840	405	423	886
2816	2560	3840	484	419	886
3072	2560	3840	587	415	887
3328	2560	3840	709	410	887
3584	2560	3840	857	405	887
3840	2560	3840	1023	402	877
4095	2560	3840	1023	433	784
0	2816	3840	8	520	752
256	2816	3840	8	520	756
512	2816	3840	8	522	768
768	2816	3840	8	484	713
1024	2816	3840	8	487	741
1280	2816	3840	8	492	786
1536	2816	3840	8	497	852
1792	2816	3840	164	498	883
2048	2816	3840	255	495	884
2304	2816	3840	321	491	884
2560	2816	3840	388	487	884
2816	2816	3840	468	483	885
3072	2816	3840	566	479	885
3328	2816	3840	687	474	885
3584	2816	3840	834	469	886
3840	2816	3840	1012	464	886
4095	2816	3840	1023	488	798
0	3072	3840	8	599	774
256	3072	3840	8	599	777
512	3072	3840	8	601	785
768	3072	3840	8	604	803
1024	3072	3840	8	560	748
1280	3072	3840	8	566	783
1536	3072	3840	8	574	831
1792	3072	3840	103	579	882
2048	3072	3840	228	576	882
2304	3072	3840	304	573	882
2560	3072	3840	370	568	882
2816	3072	3840	449	564	882
3072	3072	3840	545	559	883
3328	3072	3840	663	553	883
3584	3072	3840	808	548	883
3840	3072	3840	983	541	884
4095	3072	3840	1023	558	814
0	3328	3840	8	691	799
256	3328	3840	8	692	801
512	3328	3840	8	694	808
768	3328	3840	8	698	821
1024	3328	3840	8	704	840
1280	3328	3840	8	651	788
1536	3328	3840	8	661	823
1792	3328	3840	8	672	868
2048	3328	3840	193	672	879
2304	3328	3840	282	668	879
2560	3328	3840	351	663	880
2816	3328	3840	428	658	880
3072	3328	3840	522	652	881
3328	3328	3840	637	646	881
3584	3328	3840	778	641	881
3840	3328	3840	952	634	882
4095	3328	3840	1023	640	831
0	3584	3840	8	801	828
256	3584	3840	8	802	829
512	3584	3840	8	805	834
768	3584	3840	8	810	843
1024	3584	3840	8	816	857
1280	3584	3840	8	752	799
1536	3584	3840	8	764	824
1792	3584	3840	8	778	854
2048	3584	3840	140	787	877
2304	3584	3840	255	783	877
2560	3584	3840	329	778	877
2816	3584	3840	406	772	878
3072	3584	3840	496	766	878
3328	3584	3840	610	759	878
3584	3584	3840	746	751	879
3840	3584	3840	916	744	879
4095	3584	3840	1023	740	850
0	3840	3840	8	931	858
256	3840	3840	8	932	859
512	3840	3840	8	935	862
768	3840	3840	8	940	869
1024	3840	3840	8	949	878
1280	3840	3840	8	960	893
1536	3840	3840	8	885	832
1792	3840	3840	8	902	851
2048	3840	3840	8	923	873
2304	3840	3840	218	920	875
2560	3840	3840	306	915	875
2816	3840	3840	381	909	875
3072	3840	3840	470	902	876
3328	3840	3840	581	894	876
3584	3840	3840	715	886	876
3840	3840	3840	877	877	876
4095	3840	3840	1023	863	869
0	4095	3840	8	1021	849
256	4095	3840	8	1022	850
512	4095	3840	8	1022	849
768	4095	3840	8	1022	849
1024	4095	3840	8	1021	847
1280	4095	3840	8	1021	846
1536	4095	3840	8	1022	844
1792	4095	3840	165	1023	847
2048	4095	3840	237	1023	850
2304	4095	3840	295	1023	853
2560	4095	3840	348	1023	857
2816	4095	3840	410	1023	860
3072	4095	3840	484	1023	864
3328	4095	3840	580	1023	867
3584	4095	3840	696	1023	871
3840	4095	3840	843	1023	874
4095	4095	3840	1023	1016	879
0	0	4095	8	62	881
256	0	4095	8	57	897
512	0	4095	8	31	955
768	0	4095	93	8	811
1024	0	4095	156	8	812
1280	0	4095	206	8	814
1536	0	4095	253	8	817
1792	0	4095	297	8	821
2048	0	4095	338	8	827
2304	0	4095	387	8	832
2560	0	4095	446	8	840
2816	0	4095	572	8	980
3072	0	4095	672	8	984
3328	0	4095	792	8	989
3584	0	4095	937	8	995
3840	0	4095	1022	8	929
4095	0	4095	1022	8	810
0	256	4095	8	77	878
256	256	4095	8	73	894
512	256	4095	8	54	954
768	256	4095	58	8	848
1024	256	4095	146	8	845
1280	256	4095	201	8	843
1536	256	4095	251	8	843
1792	256	4095	296	8	842
2048	256	4095	338	8	844
2304	256	4095	388	8	847
2560	256	4095	447	8	852
2816	256	4095	518	8	857
3072	256	4095	604	8	863
3328	256	4095	707	8	871
3584	256	4095	830	8	879
3840	256	4095	1023	8	931
4095	256	4095	1023	8	810
0	512	4095	8	113	874
256	512	4095	8	110	889
512	512	4095	8	101	945
768	512	4095	8	70	869
1024	512	4095	72	8	991
1280	512	4095	178	8	967
1536	512	4095	240	8	945
1792	512	4095	292	8	928
2048	512	4095	338	8	914
2304	512	4095	391	8	905
2560	512	4095	452	8	899
2816	512	4095	526	8	897
3072	512	4095	615	8	897
3328	512	4095	720	8	900
3584	512	4095	846	8	904
3840	512	4095	997	8	909
4095	512	4095	1023	16	811
0	768	4095	8	153	865
256	768	4095	8	152	878
512	768	4095	8	147	930
768	768	4095	8	126	858
1024	768	4095	8	102	1013
1280	768	4095	158	94	1023
1536	768	4095	227	86	1023
1792	768	4095	285	72	1023
2048	768	4095	336	51	1023
2304	768	4095	394	16	1023
2560	768	4095	461	8	998
2816	768	4095	541	8	978
3072	768	4095	634	8	964
3328	768	4095	744	8	955
3584	768	4095	875	8	950
3840	768	4095	1023	43	939
4095	768	4095	1023	90	814
0	1024	4095	8	194	856
256	1024	4095	8	193	866
512	1024	4095	8	190	913
768	1024	4095	8	172	845
1024	1024	4095	8	161	983
1280	1024	4095	147	155	1023
1536	1024	4095	220	150	1023
1792	1024	4095	280	145	1023
2048	1024	4095	332	138	1023
2304	1024	4095	390	129	1023
2560	1024	4095	460	118	1023
2816	1024	4095	545	103	1023
3072	1024	4095	647	84	1023
3328	1024	4095	775	52	1023
3584	1024	4095	924	8	1018
3840	1024	4095	1023	129	945
4095	1024	4095	1023	142	817
0	1280	4095	8	234	845
256	1280	4095	8	234	854
512	1280	4095	8	232	894
768	1280	4095	8	214	831
1024	1280	4095	8	209	950
1280	1280	4095	129	203	1023
1536	1280	4095	211	200	1023
1792	1280	4095	273	196	1023
2048	1280	4095	326	192	1023
2304	1280	4095	384	187	1023
2560	1280	4095	454	181	1023
2816	1280	4095	539	174	1023
3072	1280	4095	641	165	1023
3328	1280	4095	767	155	1023
3584	1280	4095	920	143	1023
3840	1280	4095	1023	181	953
4095	1280	4095	1023	186	823
0	1536	4095	8	274	835
256	1536	4095	8	274	844
512	1536	4095	8	273	876
768	1536	4095	8	256	816
1024	1536	4095	8	253	916
1280	1536	4095	98	249	1023
1536	1536	4095	198	247	1023
1792	1536	4095	265	244	1023
2048	1536	4095	320	240	1023
2304	1536	4095	376	236	1023
2560	1536	4095	446	231	1023
2816	1536	4095	531	226	1023
3072	1536	4095	633	220	1023
3328	1536	4095	756	213	1023
3584	1536	4095	909	206	1023
3840	1536	4095	1023	226	963
4095	1536	4095	1023	226	829
0	1792	4095	8	312	828
256	1792	4095	8	312	836
512	1792	4095	8	296	753
768	1792	4095	8	295	803
1024	1792	4095	8	294	886
1280	1792	4095	22	292	1023
1536	1792	4095	180	290	1023
1792	1792	4095	253	288	1023
2048	1792	4095	311	285	1023
2304	1792	4095	368	282	1023
2560	1792	4095	437	278	1023
2816	1792	4095	521	274	1023
3072	1792	4095	623	270	1023
3328	1792	4095	744	265	1023
3584	1792	4095	895	259	1023
3840	1792	4095	1023	269	975
4095	1792	4095	1023	265	837
0	2048	4095	8	352	826
256	2048	4095	8	352	832
512	2048	4095	8	332	752
768	2048	4095	8	332	795
1024	2048	4095	8	332	863
1280	2048	4095	8	332	978
1536	2048	4095	155	330	1023
1792	2048	4095	238	328	1023
2048	2048	4095	301	326	1023
2304	2048	4095	358	324	1023
2560	2048	4095	426	321	1023
2816	2048	4095	508	318	1023
3072	2048	4095	610	314	1023
3328	2048	4095	731	310	1023
3584	2048	4095	878	306	1023
3840	2048	4095	1023	309	991
4095	2048	4095	1023	302	847
0	2304	4095	8	399	828
256	2304	4095	8	399	833
512	2304	4095	8	374	756
768	2304	4095	8	375	791
1024	2304	4095	8	376	847
1280	2304	4095	8	377	939
1536	2304	4095	115	377	1023
1792	2304	4095	218	374	1023
2048	2304	4095	288	372	1023
2304	2304	4095	347	370	1023
2560	2304	4095	414	367	1023
2816	2304	4095	494	364	1023
3072	2304	4095	595	360	1023
3328	2304	4095	716	356	1023
3584	2304	4095	861	352	1023
3840	2304	4095	1023	351	1009
4095	2304	4095	1023	339	858
0	2560	4095	8	454	836
256	2560	4095	8	455	841
512	2560	4095	8	424	764
768	2560	4095	8	426	794
1024	2560	4095	8	428	839
1280	2560	4095	8	430	910
1536	2560	4095	8	433	1019
1792	2560	4095	193	430	1023
2048	2560	4095	272	428	1023
2304	2560	4095	333	425	1023
2560	2560	4095	400	422	1023
2816	2560	4095	479	418	1023
3072	2560	4095	578	415	1023
3328	2560	4095	698	411	1023
3584	2560	4095	842	406	1023
3840	2560	4095	1016	401	1023
4095	2560	4095	1023	432	883
0	2816	4095	8	520	849
256	2816	4095	8	521	853
512	2816	4095	8	522	866
768	2816	4095	8	484	802
1024	2816	4095	8	487	838
1280	2816	4095	8	491	893
1536	2816	4095	8	496	978
1792	2816	4095	157	496	1023
2048	2816	4095	251	493	1023
2304	2816	4095	318	490	1023
2560	2816	4095	384	486	1023
2816	2816	4095	463	482	1023
3072	2816	4095	559	478	1023
3328	2816	4095	677	474	1023
3584	2816	4095	820	469	1023
3840	2816	4095	993	464	1023
4095	2816	4095	1023	487	901
0	3072	4095	8	599	868
256	3072	4095	8	600	871
512	3072	4095	8	601	882
768	3072	4095	8	604	905
1024	3072	4095	8	560	844
1280	3072	4095	8	565	886
1536	3072	4095	8	572	952
1792	3072	4095	91	578	1023
2048	3072	4095	224	575	1023
2304	3072	4095	301	571	1023
2560	3072	4095	366	567	1023
2816	3072	4095	445	562	1023
3072	3072	4095	539	557	1023
3328	3072	4095	654	553	1023
3584	3072	4095	796	547	1023
3840	3072	4095	967	542	1023
4095	3072	4095	1023	557	920
0	3328	4095	8	692	893
256	3328	4095	8	692	896
512	3328	4095	8	694	905
768	3328	4095	8	698	923
1024	3328	4095	8	644	856
1280	3328	4095	8	650	889
1536	3328	4095	8	659	939
1792	3328	4095	8	670	1003
2048	3328	4095	187	670	1023
2304	3328	4095	279	666	1023
2560	3328	4095	348	661	1023
2816	3328	4095	424	656	1023
3072	3328	4095	517	650	1023
3328	3328	4095	630	645	1023
3584	3328	4095	768	639	1023
3840	3328	4095	937	633	1023
4095	3328	4095	1023	638	942
0	3584	4095	8	802	924
256	3584	4095	8	802	926
512	3584	4095	8	805	933
768	3584	4095	8	809	946
1024	3584	4095	8	816	967
1280	3584	4095	8	752	901
1536	3584	4095	8	763	937
1792	3584	4095	8	776	983
2048	3584	4095	129	785	1023
2304	3584	4095	250	781	1023
2560	3584	4095	326	776	1023
2816	3584	4095	402	770	1023
3072	3584	4095	491	764	1023
3328	3584	4095	604	757	1023
3584	3584	4095	739	750	1023
3840	3584	4095	904	743	1023
4095	3584	4095	1023	738	966
0	3840	4095	8	932	958
256	3840	4095	8	933	959
512	3840	4095	8	936	964
768	3840	4095	8	941	975
1024	3840	4095	8	949	989
1280	3840	4095	8	960	1009
1536	3840	4095	8	884	944
1792	3840	4095	8	900	976
2048	3840	4095	8	919	1016
2304	3840	4095	209	918	1023
2560	3840	4095	301	913	1023
2816	3840	4095	376	906	1023
3072	3840	4095	465	900	1023
3328	3840	4095	574	892	1023
3584	3840	4095	708	883	1023
3840	3840	4095	868	875	1023
4095	3840	4095	1023	861	992
0	4095	4095	12	1023	944
256	4095	4095	8	1021	942
512	4095	4095	8	1021	943
768	4095	4095	8	1023	947
1024	4095	4095	8	1022	948
1280	4095	4095	8	1021	950
1536	4095	4095	8	1021	955
1792	4095	4095	174	1023	962
2048	4095	4095	241	1023	967
2304	4095	4095	297	1023	972
2560	4095	4095	348	1023	978
2816	4095	4095	409	1023	985
3072	4095	4095	481	1023	991
3328	4095	4095	575	1023	998
3584	4095	4095	691	1023	1006
3840	4095	4095	837	1023	1014
4095	4095	4095	1023	1023	1023