0	0	0	0	0	0
256	0	0	80	17	25
512	0	0	159	16	40
768	0	0	222	15	55
1024	0	0	273	14	64
1280	0	0	309	13	67
1536	0	0	340	12	68
1792	0	0	368	11	70
2048	0	0	408	11	73
2304	0	0	456	11	76
2560	0	0	515	10	78
2816	0	0	613	11	85
3072	0	0	762	12	96
3328	0	0	966	11	100
3584	0	0	1016	9	91
3840	0	0	1023	13	86
4095	0	0	1023	26	83
0	256	0	17	76	37
256	256	0	72	70	16
512	256	0	157	60	16
768	256	0	225	41	15
1024	256	0	278	14	35
1280	256	0	314	13	50
1536	256	0	343	12	57
1792	256	0	371	11	62
2048	256	0	412	11	67
2304	256	0	460	11	71
2560	256	0	519	10	74
2816	256	0	620	11	82
3072	256	0	771	12	94
3328	256	0	889	12	97
3584	256	0	1018	9	88
3840	256	0	1023	8	87
4095	256	0	1023	43	83
0	512	0	16	143	58
256	512	0	29	142	14
512	512	0	142	139	14
768	512	0	206	125	15
1024	512	0	262	108	14
1280	512	0	306	88	12
1536	512	0	343	61	13
1792	512	0	380	23	17
2048	512	0	425	11	39
2304	512	0	473	10	50
2560	512	0	536	10	60
2816	512	0	647	11	73
3072	512	0	800	12	83
3328	512	0	909	12	84
3584	512	0	994	10	78
3840	512	0	1022	8	79
4095	512	0	1023	85	83
0	768	0	14	190	91
256	768	0	14	190	70
512	768	0	102	185	12
768	768	0	180	176	12
1024	768	0	236	165	12
1280	768	0	282	151	12
1536	768	0	326	138	11
1792	768	0	373	126	11
2048	768	0	425	110	11
2304	768	0	483	88	17
2560	768	0	573	58	22
2816	768	0	711	12	35
3072	768	0	842	12	53
3328	768	0	941	11	63
3584	768	0	1005	10	63
3840	768	0	1022	8	63
4095	768	0	1023	126	83
0	1024	0	11	237	112
256	1024	0	11	236	108
512	1024	0	41	222	11
768	1024	0	148	213	11
1024	1024	0	209	205	11
1280	1024	0	263	198	11
1536	1024	0	315	192	11
1792	1024	0	363	185	11
2048	1024	0	412	175	10
2304	1024	0	473	164	10
2560	1024	0	574	157	11
2816	1024	0	722	152	19
3072	1024	0	856	133	26
3328	1024	0	965	97	30
3584	1024	0	1020	35	26
3840	1024	0	1023	8	29
4095	1024	0	1023	164	83
0	1280	0	11	274	120
256	1280	0	11	274	110
512	1280	0	11	254	60
768	1280	0	116	251	11
1024	1280	0	191	249	11
1280	1280	0	251	245	10
1536	1280	0	303	239	11
1792	1280	0	350	233	10
2048	1280	0	401	226	10
2304	1280	0	464	221	10
2560	1280	0	572	224	11
2816	1280	0	719	228	12
3072	1280	0	843	213	11
3328	1280	0	953	188	17
3584	1280	0	1017	154	20
3840	1280	0	1023	136	22
4095	1280	0	1023	202	84
0	1536	0	10	310	129
256	1536	0	10	310	120
512	1536	0	10	311	90
768	1536	0	71	294	10
1024	1536	0	171	289	10
1280	1536	0	234	285	10
1536	1536	0	288	281	10
1792	1536	0	339	277	10
2048	1536	0	393	275	10
2304	1536	0	469	279	11
2560	1536	0	583	292	12
2816	1536	0	704	291	12
3072	1536	0	817	276	11
3328	1536	0	931	255	11
3584	1536	0	1012	220	9
3840	1536	0	1023	195	9
4095	1536	0	1023	241	87
0	1792	0	10	348	139
256	1792	0	10	348	132
512	1792	0	10	349	107
768	1792	0	10	330	38
1024	1792	0	146	328	10
1280	1792	0	217	327	10
1536	1792	0	278	326	11
1792	1792	0	334	325	11
2048	1792	0	398	331	11
2304	1792	0	484	344	11
2560	1792	0	581	350	12
2816	1792	0	688	347	12
3072	1792	0	793	331	11
3328	1792	0	905	310	11
3584	1792	0	1001	279	9
3840	1792	0	1023	289	83
4095	1792	0	1023	279	90
0	2048	0	11	409	161
256	2048	0	11	409	156
512	2048	0	11	411	129
768	2048	0	10	374	75
1024	2048	0	114	378	11
1280	2048	0	205	378	11
1536	2048	0	277	384	11
1792	2048	0	344	393	12
2048	2048	0	413	401	12
2304	2048	0	487	405	12
2560	2048	0	573	404	12
2816	2048	0	666	396	12
3072	2048	0	767	381	11
3328	2048	0	876	359	11
3584	2048	0	989	333	9
3840	2048	0	1023	326	83
4095	2048	0	1023	315	95
0	2304	0	12	487	182
256	2304	0	12	488	178
512	2304	0	12	490	155
768	2304	0	12	494	121
1024	2304	0	44	454	12
1280	2304	0	197	460	12
1536	2304	0	281	464	12
1792	2304	0	348	463	12
2048	2304	0	410	463	12
2304	2304	0	479	461	12
2560	2304	0	557	455	12
2816	2304	0	644	444	12
3072	2304	0	738	427	11
3328	2304	0	849	407	10
3584	2304	0	976	388	10
3840	2304	0	1023	368	84
4095	2304	0	1023	352	100
0	2560	0	12	556	201
256	2560	0	12	557	197
512	2560	0	12	559	180
768	2560	0	12	562	149
1024	2560	0	12	532	76
1280	2560	0	166	535	12
1536	2560	0	262	534	12
1792	2560	0	333	530	12
2048	2560	0	395	524	11
2304	2560	0	457	517	11
2560	2560	0	531	508	11
2816	2560	0	614	494	11
3072	2560	0	707	477	11
3328	2560	0	824	464	10
3584	2560	0	962	448	10
3840	2560	0	1023	419	82
4095	2560	0	1023	397	105
0	2816	0	11	612	205
256	2816	0	11	612	201
512	2816	0	11	614	195
768	2816	0	11	617	164
1024	2816	0	11	622	117
1280	2816	0	95	595	11
1536	2816	0	225	591	11
1792	2816	0	304	587	11
2048	2816	0	367	581	11
2304	2816	0	428	574	11
2560	2816	0	497	564	11
2816	2816	0	580	552	10
3072	2816	0	680	540	10
3328	2816	0	799	529	10
3584	2816	0	943	519	10
3840	2816	0	1023	478	71
4095	2816	0	1023	448	111
0	3072	0	11	675	215
256	3072	0	11	675	212
512	3072	0	11	678	199
768	3072	0	11	682	181
1024	3072	0	10	688	146
1280	3072	0	11	652	61
1536	3072	0	180	651	10
1792	3072	0	268	646	10
2048	3072	0	335	641	10
2304	3072	0	397	636	10
2560	3072	0	466	631	10
2816	3072	0	550	623	10
3072	3072	0	651	614	10
3328	3072	0	773	606	10
3584	3072	0	918	597	10
3840	3072	0	1023	552	17
4095	3072	0	1023	509	112
0	3328	0	10	759	226
256	3328	0	10	760	223
512	3328	0	10	763	213
768	3328	0	10	768	193
1024	3328	0	10	777	163
1280	3328	0	10	788	110
1536	3328	0	121	735	10
1792	3328	0	235	731	10
2048	3328	0	309	727	10
2304	3328	0	372	724	10
2560	3328	0	441	719	10
2816	3328	0	522	713	10
3072	3328	0	623	706	9
3328	3328	0	742	697	9
3584	3328	0	868	676	9
3840	3328	0	1006	646	9
4095	3328	0	1023	581	97
0	3584	0	9	844	225
256	3584	0	9	845	221
512	3584	0	9	847	225
768	3584	0	9	851	204
1024	3584	0	9	857	183
1280	3584	0	9	865	142
1536	3584	0	10	828	40
1792	3584	0	195	828	9
2048	3584	0	280	825	9
2304	3584	0	346	822	9
2560	3584	0	413	816	9
2816	3584	0	490	806	9
3072	3584	0	581	795	8
3328	3584	0	689	778	8
3584	3584	0	815	761	8
3840	3584	0	977	751	8
4095	3584	0	1022	669	8
0	3840	0	9	946	235
256	3840	0	9	947	233
512	3840	0	9	951	226
768	3840	0	9	957	213
1024	3840	0	9	968	190
1280	3840	0	9	983	157
1536	3840	0	8	1001	98
1792	3840	0	140	923	8
2048	3840	0	241	917	8
2304	3840	0	310	912	8
2560	3840	0	372	906	8
2816	3840	0	449	902	8
3072	3840	0	540	897	8
3328	3840	0	649	893	8
3584	3840	0	785	887	8
3840	3840	0	950	881	8
4095	3840	0	1020	793	8
0	4095	0	8	1021	244
256	4095	0	8	1022	242
512	4095	0	8	1023	234
768	4095	0	8	1022	221
1024	4095	0	8	1022	202
1280	4095	0	8	1022	173
1536	4095	0	8	1023	127
1792	4095	0	14	1023	11
2048	4095	0	205	1022	8
2304	4095	0	285	1023	8
2560	4095	0	349	1023	8
2816	4095	0	421	1022	8
3072	4095	0	509	1021	8
3328	4095	0	617	1022	8
3584	4095	0	746	1021	8
3840	4095	0	931	1023	97
4095	4095	0	1022	951	8
0	0	256	17	23	70
256	0	256	79	17	71
512	0	256	158	16	74
768	0	256	221	15	82
1024	0	256	272	14	85
1280	0	256	309	13	85
1536	0	256	340	12	83
1792	0	256	368	11	83
2048	0	256	408	11	85
2304	0	256	456	11	87
2560	0	256	515	10	88
2816	0	256	613	11	95
3072	0	256	762	12	107
3328	0	256	966	11	111
3584	0	256	1016	9	100
3840	0	256	1023	12	94
4095	0	256	1023	26	92
0	256	256	17	75	70
256	256	256	69	69	69
512	256	256	156	58	66
768	256	256	225	39	64
1024	256	256	277	14	68
1280	256	256	313	13	73
1536	256	256	342	12	76
1792	256	256	371	11	77
2048	256	256	411	11	81
2304	256	256	460	11	83
2560	256	256	519	10	86
2816	256	256	620	11	93
3072	256	256	771	12	105
3328	256	256	889	12	108
3584	256	256	1018	9	98
3840	256	256	1023	8	93
4095	256	256	1023	43	92
0	512	256	16	143	83
256	512	256	16	142	64
512	512	256	141	139	58
768	512	256	206	124	63
1024	512	256	262	107	59
1280	512	256	306	86	51
1536	512	256	343	61	48
1792	512	256	380	22	49
2048	512	256	425	11	60
2304	512	256	473	10	67
2560	512	256	535	10	75
2816	512	256	647	11	88
3072	512	256	800	12	96
3328	512	256	908	12	95
3584	512	256	994	11	87
3840	512	256	1023	17	87
4095	512	256	1023	85	92
0	768	256	14	190	105
256	768	256	14	189	89
512	768	256	98	184	50
768	768	256	179	176	47
1024	768	256	236	164	52
1280	768	256	282	150	49
1536	768	256	326	137	46
1792	768	256	374	125	45
2048	768	256	425	110	45
2304	768	256	483	88	46
2560	768	256	573	58	49
2816	768	256	710	12	59
3072	768	256	842	12	74
3328	768	256	941	11	78
3584	768	256	1005	10	75
3840	768	256	1022	8	76
4095	768	256	1023	126	92
0	1024	256	11	236	122
256	1024	256	12	223	105
512	1024	256	21	222	39
768	1024	256	146	213	39
1024	1024	256	208	204	37
1280	1024	256	264	197	40
1536	1024	256	316	191	39
1792	1024	256	364	183	41
2048	1024	256	413	173	41
2304	1024	256	474	163	41
2560	1024	256	574	156	46
2816	1024	256	722	152	52
3072	1024	256	856	133	55
3328	1024	256	965	97	55
3584	1024	256	1020	35	46
3840	1024	256	1023	8	48
4095	1024	256	1023	164	93
0	1280	256	11	273	129
256	1280	256	11	273	120
512	1280	256	11	254	75
768	1280	256	107	252	28
1024	1280	256	188	249	29
1280	1280	256	250	245	30
1536	1280	256	303	239	32
1792	1280	256	351	231	33
2048	1280	256	403	224	34
2304	1280	256	468	219	36
2560	1280	256	577	222	41
2816	1280	256	722	226	46
3072	1280	256	844	212	47
3328	1280	256	952	188	48
3584	1280	256	1017	154	42
3840	1280	256	1023	136	42
4095	1280	256	1023	201	93
0	1536	256	10	310	140
256	1536	256	10	310	132
512	1536	256	11	294	96
768	1536	256	31	295	10
1024	1536	256	163	290	12
1280	1536	256	230	286	15
1536	1536	256	286	280	18
1792	1536	256	339	277	21
2048	1536	256	395	273	24
2304	1536	256	472	277	27
2560	1536	256	589	289	33
2816	1536	256	711	288	37
3072	1536	256	823	273	39
3328	1536	256	937	251	39
3584	1536	256	1013	218	41
3840	1536	256	1023	248	93
4095	1536	256	1023	240	96
0	1792	256	10	348	149
256	1792	256	10	348	143
512	1792	256	10	349	119
768	1792	256	10	330	59
1024	1792	256	131	329	10
1280	1792	256	210	327	10
1536	1792	256	275	327	11
1792	1792	256	332	325	11
2048	1792	256	398	330	11
2304	1792	256	486	342	11
2560	1792	256	587	348	12
2816	1792	256	697	343	21
3072	1792	256	803	326	26
3328	1792	256	917	305	29
3584	1792	256	1006	273	27
3840	1792	256	1023	288	94
4095	1792	256	1023	278	100
0	2048	256	11	409	169
256	2048	256	11	409	165
512	2048	256	11	411	140
768	2048	256	10	374	91
1024	2048	256	85	379	11
1280	2048	256	194	378	11
1536	2048	256	270	384	11
1792	2048	256	340	393	12
2048	2048	256	411	401	12
2304	2048	256	487	404	12
2560	2048	256	576	403	12
2816	2048	256	671	394	12
3072	2048	256	776	376	11
3328	2048	256	891	354	11
3584	2048	256	998	324	10
3840	2048	256	1023	326	96
4095	2048	256	1023	314	104
0	2304	256	12	487	191
256	2304	256	12	487	187
512	2304	256	12	490	173
768	2304	256	12	494	135
1024	2304	256	11	455	50
1280	2304	256	181	461	12
1536	2304	256	271	465	12
1792	2304	256	342	465	12
2048	2304	256	407	464	12
2304	2304	256	476	461	12
2560	2304	256	556	454	12
2816	2304	256	647	443	12
3072	2304	256	743	425	11
3328	2304	256	860	405	10
3584	2304	256	983	381	9
3840	2304	256	1023	368	96
4095	2304	256	1023	352	110
0	2560	256	12	556	213
256	2560	256	12	556	209
512	2560	256	12	558	193
768	2560	256	12	562	161
1024	2560	256	12	532	100
1280	2560	256	140	536	12
1536	2560	256	250	535	12
1792	2560	256	325	532	12
2048	2560	256	390	525	11
2304	2560	256	453	518	11
2560	2560	256	529	509	11
2816	2560	256	614	494	11
3072	2560	256	709	476	11
3328	2560	256	829	462	10
3584	2560	256	967	443	10
3840	2560	256	1023	418	94
4095	2560	256	1023	397	116
0	2816	256	11	611	216
256	2816	256	11	612	212
512	2816	256	11	614	208
768	2816	256	11	617	178
1024	2816	256	11	621	135
1280	2816	256	12	597	15
1536	2816	256	211	593	11
1792	2816	256	295	588	11
2048	2816	256	361	582	11
2304	2816	256	424	575	11
2560	2816	256	493	565	11
2816	2816	256	578	553	10
3072	2816	256	679	540	10
3328	2816	256	800	529	10
3584	2816	256	948	517	10
3840	2816	256	1023	478	84
4095	2816	256	1023	448	121
0	3072	256	11	674	225
256	3072	256	11	675	221
512	3072	256	11	677	209
768	3072	256	10	681	192
1024	3072	256	11	688	153
1280	3072	256	11	652	84
1536	3072	256	162	654	10
1792	3072	256	259	649	10
2048	3072	256	329	643	10
2304	3072	256	392	638	10
2560	3072	256	462	633	10
2816	3072	256	547	624	10
3072	3072	256	648	615	10
3328	3072	256	772	606	10
3584	3072	256	920	596	10
3840	3072	256	1023	552	42
4095	3072	256	1023	507	115
0	3328	256	10	759	234
256	3328	256	10	760	231
512	3328	256	10	763	221
768	3328	256	10	768	201
1024	3328	256	10	776	173
1280	3328	256	10	787	124
1536	3328	256	86	738	10
1792	3328	256	224	734	10
2048	3328	256	302	730	10
2304	3328	256	367	726	10
2560	3328	256	436	721	10
2816	3328	256	518	715	10
3072	3328	256	619	707	9
3328	3328	256	740	698	9
3584	3328	256	868	676	9
3840	3328	256	1007	645	9
4095	3328	256	1023	579	94
0	3584	256	9	844	233
256	3584	256	9	845	230
512	3584	256	9	847	219
768	3584	256	9	851	213
1024	3584	256	9	857	181
1280	3584	256	9	865	144
1536	3584	256	10	828	66
1792	3584	256	181	829	9
2048	3584	256	271	826	9
2304	3584	256	340	824	9
2560	3584	256	407	817	9
2816	3584	256	485	808	9
3072	3584	256	577	797	8
3328	3584	256	686	780	8
3584	3584	256	813	762	8
3840	3584	256	977	751	8
4095	3584	256	1021	668	8
0	3840	256	9	945	241
256	3840	256	9	946	239
512	3840	256	9	950	232
768	3840	256	9	957	217
1024	3840	256	8	968	197
1280	3840	256	9	982	166
1536	3840	256	8	1000	111
1792	3840	256	118	926	8
2048	3840	256	232	921	8
2304	3840	256	305	916	8
2560	3840	256	368	909	8
2816	3840	256	444	905	8
3072	3840	256	535	900	8
3328	3840	256	645	894	8
3584	3840	256	782	889	8
3840	3840	256	948	882	8
4095	3840	256	1020	794	8
0	4095	256	8	1021	249
256	4095	256	9	1022	247
512	4095	256	8	1022	240
768	4095	256	8	1021	226
1024	4095	256	9	1021	208
1280	4095	256	8	1022	178
1536	4095	256	8	1022	136
1792	4095	256	8	1023	42
2048	4095	256	194	1022	8
2304	4095	256	279	1022	8
2560	4095	256	344	1023	8
2816	4095	256	416	1022	8
3072	4095	256	502	1021	8
3328	4095	256	611	1022	8
3584	4095	256	741	1022	8
3840	4095	256	930	1023	108
4095	4095	256	1023	955	8
0	0	512	17	37	144
256	0	512	74	16	144
512	0	512	156	16	141
768	0	512	219	15	140
1024	0	512	270	14	135
1280	0	512	307	13	130
1536	0	512	338	12	124
1792	0	512	367	11	120
2048	0	512	407	11	121
2304	0	512	455	11	122
2560	0	512	514	10	123
2816	0	512	612	11	130
3072	0	512	760	12	143
3328	0	512	881	12	147
3584	0	512	1016	9	135
3840	0	512	1023	8	130
4095	0	512	1023	22	121
0	256	512	16	80	141
256	256	512	61	67	145
512	256	512	153	57	141
768	256	512	223	37	137
1024	256	512	275	14	130
1280	256	512	311	13	125
1536	256	512	341	12	120
1792	256	512	370	11	117
2048	256	512	411	11	118
2304	256	512	459	11	119
2560	256	512	518	10	120
2816	256	512	619	11	128
3072	256	512	769	12	142
3328	256	512	887	12	145
3584	256	512	983	11	140
3840	256	512	1022	8	128
4095	256	512	1023	39	121
0	512	512	16	142	128
256	512	512	16	141	126
512	512	512	139	139	139
768	512	512	204	123	128
1024	512	512	260	106	121
1280	512	512	304	86	113
1536	512	512	341	60	105
1792	512	512	380	20	103
2048	512	512	424	11	107
2304	512	512	472	10	109
2560	512	512	534	10	113
2816	512	512	646	11	126
3072	512	512	799	12	135
3328	512	512	907	12	133
3584	512	512	993	11	124
3840	512	512	1023	8	118
4095	512	512	1023	83	122
0	768	512	14	189	134
256	768	512	14	188	127
512	768	512	95	184	121
768	768	512	178	176	112
1024	768	512	234	164	121
1280	768	512	281	150	115
1536	768	512	326	136	107
1792	768	512	373	125	101
2048	768	512	425	110	99
2304	768	512	483	87	98
2560	768	512	573	57	101
2816	768	512	709	11	111
3072	768	512	840	12	121
3328	768	512	940	11	120
3584	768	512	1005	10	113
3840	768	512	1023	13	107
4095	768	512	1023	125	123
0	1024	512	11	234	161
256	1024	512	12	221	134
512	1024	512	12	221	108
768	1024	512	144	212	103
1024	1024	512	207	203	98
1280	1024	512	263	197	105
1536	1024	512	315	191	99
1792	1024	512	363	183	98
2048	1024	512	413	173	98
2304	1024	512	474	163	95
2560	1024	512	573	156	101
2816	1024	512	722	152	110
3072	1024	512	855	132	111
3328	1024	512	965	97	106
3584	1024	512	1020	34	94
3840	1024	512	1023	166	125
4095	1024	512	1023	164	124
0	1280	512	11	272	160
256	1280	512	11	272	154
512	1280	512	11	253	118
768	1280	512	105	252	94
1024	1280	512	187	249	94
1280	1280	512	249	244	92
1536	1280	512	302	239	95
1792	1280	512	351	231	95
2048	1280	512	403	224	94
2304	1280	512	468	219	93
2560	1280	512	577	223	101
2816	1280	512	722	226	109
3072	1280	512	844	212	107
3328	1280	512	952	188	102
3584	1280	512	1017	154	91
3840	1280	512	1023	206	126
4095	1280	512	1023	201	126
0	1536	512	10	309	169
256	1536	512	10	309	164
512	1536	512	11	293	134
768	1536	512	23	295	89
1024	1536	512	161	290	87
1280	1536	512	229	286	87
1536	1536	512	285	280	86
1792	1536	512	339	277	88
2048	1536	512	395	273	88
2304	1536	512	473	278	89
2560	1536	512	588	289	100
2816	1536	512	711	288	104
3072	1536	512	823	273	102
3328	1536	512	936	251	97
3584	1536	512	1013	218	97
3840	1536	512	1023	247	127
4095	1536	512	1023	239	127
0	1792	512	10	347	179
256	1792	512	10	347	174
512	1792	512	10	348	157
768	1792	512	10	329	111
1024	1792	512	122	329	81
1280	1792	512	207	327	81
1536	1792	512	273	327	82
1792	1792	512	331	325	85
2048	1792	512	398	330	84
2304	1792	512	486	342	87
2560	1792	512	587	348	93
2816	1792	512	696	343	99
3072	1792	512	803	326	97
3328	1792	512	916	305	92
3584	1792	512	1006	273	84
3840	1792	512	1023	287	128
4095	1792	512	1023	277	131
0	2048	512	11	408	191
256	2048	512	11	409	188
512	2048	512	11	410	177
768	2048	512	10	374	135
1024	2048	512	37	380	77
1280	2048	512	184	380	78
1536	2048	512	265	384	82
1792	2048	512	337	393	84
2048	2048	512	410	401	89
2304	2048	512	486	404	86
2560	2048	512	576	403	91
2816	2048	512	673	393	93
3072	2048	512	778	375	90
3328	2048	512	892	353	86
3584	2048	512	998	324	80
3840	2048	512	1023	325	129
4095	2048	512	1023	313	134
0	2304	512	12	486	225
256	2304	512	12	487	222
512	2304	512	12	489	201
768	2304	512	12	493	178
1024	2304	512	11	454	118
1280	2304	512	155	462	75
1536	2304	512	258	467	78
1792	2304	512	335	466	79
2048	2304	512	402	464	79
2304	2304	512	474	461	81
2560	2304	512	556	454	83
2816	2304	512	648	442	84
3072	2304	512	747	423	80
3328	2304	512	866	402	78
3584	2304	512	986	377	75
3840	2304	512	1023	367	129
4095	2304	512	1023	351	138
0	2560	512	12	555	240
256	2560	512	12	555	236
512	2560	512	12	557	222
768	2560	512	12	561	199
1024	2560	512	12	531	147
1280	2560	512	57	538	64
1536	2560	512	226	537	65
1792	2560	512	312	534	65
2048	2560	512	381	527	66
2304	2560	512	448	519	67
2560	2560	512	525	509	67
2816	2560	512	614	494	70
3072	2560	512	712	475	70
3328	2560	512	836	460	68
3584	2560	512	972	438	67
3840	2560	512	1023	418	127
4095	2560	512	1023	396	142
0	2816	512	11	611	249
256	2816	512	11	611	245
512	2816	512	11	613	231
768	2816	512	11	616	205
1024	2816	512	11	621	172
1280	2816	512	12	597	106
1536	2816	512	171	598	48
1792	2816	512	274	592	45
2048	2816	512	348	586	47
2304	2816	512	414	578	48
2560	2816	512	486	567	50
2816	2816	512	574	554	51
3072	2816	512	679	540	54
3328	2816	512	804	527	55
3584	2816	512	953	512	56
3840	2816	512	1023	477	119
4095	2816	512	1023	447	144
0	3072	512	11	673	243
256	3072	512	11	673	240
512	3072	512	11	676	237
768	3072	512	11	680	216
1024	3072	512	10	687	188
1280	3072	512	11	651	131
1536	3072	512	67	661	20
1792	3072	512	227	656	22
2048	3072	512	309	649	25
2304	3072	512	377	643	27
2560	3072	512	450	637	30
2816	3072	512	537	627	33
3072	3072	512	643	617	35
3328	3072	512	771	606	38
3584	3072	512	925	595	40
3840	3072	512	1023	551	91
4095	3072	512	1023	508	141
0	3328	512	10	758	252
256	3328	512	10	758	250
512	3328	512	10	761	240
768	3328	512	10	767	227
1024	3328	512	10	775	199
1280	3328	512	10	786	159
1536	3328	512	10	740	78
1792	3328	512	182	743	10
2048	3328	512	278	738	10
2304	3328	512	350	733	10
2560	3328	512	421	727	10
2816	3328	512	505	720	10
3072	3328	512	606	711	9
3328	3328	512	733	700	9
3584	3328	512	866	677	12
3840	3328	512	1012	643	19
4095	3328	512	1023	579	124
0	3584	512	9	843	259
256	3584	512	9	844	256
512	3584	512	9	846	245
768	3584	512	9	850	226
1024	3584	512	9	856	211
1280	3584	512	9	864	179
1536	3584	512	10	828	114
1792	3584	512	120	836	9
2048	3584	512	243	832	9
2304	3584	512	321	829	9
2560	3584	512	389	823	9
2816	3584	512	469	814	9
3072	3584	512	563	802	9
3328	3584	512	674	784	8
3584	3584	512	806	765	8
3840	3584	512	975	752	8
4095	3584	512	1023	666	17
0	3840	512	9	944	257
256	3840	512	9	945	255
512	3840	512	9	949	250
768	3840	512	9	956	237
1024	3840	512	9	967	216
1280	3840	512	9	981	188
1536	3840	512	8	1000	144
1792	3840	512	9	933	43
2048	3840	512	199	932	8
2304	3840	512	285	926	8
2560	3840	512	352	919	8
2816	3840	512	427	913	8
3072	3840	512	520	908	8
3328	3840	512	632	901	8
3584	3840	512	769	893	8
3840	3840	512	940	885	8
4095	3840	512	1020	797	8
0	4095	512	9	1022	264
256	4095	512	8	1021	262
512	4095	512	8	1021	255
768	4095	512	8	1022	245
1024	4095	512	17	1023	225
1280	4095	512	9	1021	199
1536	4095	512	8	1022	162
1792	4095	512	8	1022	97
2048	4095	512	151	1022	8
2304	4095	512	255	1023	8
2560	4095	512	326	1022	8
2816	4095	512	398	1022	8
3072	4095	512	483	1023	8
3328	4095	512	593	1023	8
3584	4095	512	724	1022	8
3840	4095	512	928	1023	138
4095	4095	512	1023	965	8
0	0	768	16	46	204
256	0	768	65	16	210
512	0	768	152	16	201
768	0	768	217	15	195
1024	0	768	267	14	187
1280	0	768	305	13	179
1536	0	768	336	12	170
1792	0	768	365	11	165
2048	0	768	406	11	165
2304	0	768	454	11	166
2560	0	768	512	10	166
2816	0	768	611	11	174
3072	0	768	756	12	189
3328	0	768	879	12	192
3584	0	768	977	11	185
3840	0	768	1023	11	165
4095	0	768	1023	10	158
0	256	768	16	83	197
256	256	768	42	63	210
512	256	768	148	55	205
768	256	768	220	32	200
1024	256	768	271	14	187
1280	256	768	309	13	177
1536	256	768	338	12	168
1792	256	768	368	11	163
2048	256	768	409	11	163
2304	256	768	458	11	164
2560	256	768	517	10	164
2816	256	768	618	11	173
3072	256	768	766	12	188
3328	256	768	885	12	191
3584	256	768	981	11	183
3840	256	768	1022	8	167
4095	256	768	1023	33	158
0	512	768	16	143	187
256	512	768	16	141	197
512	512	768	130	135	200
768	512	768	201	121	188
1024	512	768	256	105	178
1280	512	768	302	84	167
1536	512	768	339	58	157
1792	512	768	379	16	154
2048	512	768	423	11	157
2304	512	768	471	10	157
2560	512	768	533	10	158
2816	512	768	644	11	173
3072	512	768	797	12	184
3328	512	768	905	12	180
3584	512	768	993	11	167
3840	512	768	1023	63	163
4095	512	768	1023	80	159
0	768	768	13	187	166
256	768	768	13	187	183
512	768	768	86	183	180
768	768	768	176	176	176
1024	768	768	232	162	166
1280	768	768	279	148	157
1536	768	768	324	136	153
1792	768	768	372	124	152
2048	768	768	424	108	150
2304	768	768	482	86	149
2560	768	768	572	56	152
2816	768	768	709	12	163
3072	768	768	839	12	172
3328	768	768	939	11	169
3584	768	768	1004	10	157
3840	768	768	1023	119	163
4095	768	768	1023	123	159
0	1024	768	12	219	170
256	1024	768	12	219	167
512	1024	768	12	219	152
768	1024	768	140	212	158
1024	1024	768	204	202	151
1280	1024	768	262	197	159
1536	1024	768	314	190	153
1792	1024	768	363	183	151
2048	1024	768	412	173	146
2304	1024	768	473	162	147
2560	1024	768	573	156	154
2816	1024	768	721	152	164
3072	1024	768	855	131	164
3328	1024	768	964	96	156
3584	1024	768	1020	33	139
3840	1024	768	1023	164	164
4095	1024	768	1023	163	160
0	1280	768	11	270	196
256	1280	768	11	270	192
512	1280	768	11	252	163
768	1280	768	100	252	149
1024	1280	768	185	248	149
1280	1280	768	248	244	147
1536	1280	768	301	238	150
1792	1280	768	350	231	149
2048	1280	768	402	224	147
2304	1280	768	467	218	146
2560	1280	768	577	223	156
2816	1280	768	721	226	164
3072	1280	768	842	211	160
3328	1280	768	951	188	154
3584	1280	768	1016	154	137
3840	1280	768	1023	205	164
4095	1280	768	1023	201	161
0	1536	768	10	307	201
256	1536	768	10	308	197
512	1536	768	11	292	173
768	1536	768	11	294	146
1024	1536	768	159	290	143
1280	1536	768	228	286	142
1536	1536	768	284	280	142
1792	1536	768	338	276	144
2048	1536	768	394	273	143
2304	1536	768	472	277	143
2560	1536	768	589	290	157
2816	1536	768	709	288	162
3072	1536	768	822	273	157
3328	1536	768	936	251	149
3584	1536	768	1012	218	136
3840	1536	768	1023	246	164
4095	1536	768	1023	238	163
0	1792	768	10	346	212
256	1792	768	10	346	209
512	1792	768	10	347	196
768	1792	768	10	329	159
1024	1792	768	119	329	138
1280	1792	768	206	327	139
1536	1792	768	272	327	140
1792	1792	768	330	325	142
2048	1792	768	398	330	140
2304	1792	768	487	342	143
2560	1792	768	586	348	150
2816	1792	768	695	343	158
3072	1792	768	801	326	154
3328	1792	768	915	305	147
3584	1792	768	1006	273	134
3840	1792	768	1023	286	165
4095	1792	768	1023	275	164
0	2048	768	11	406	229
256	2048	768	11	407	227
512	2048	768	11	409	219
768	2048	768	10	373	180
1024	2048	768	25	380	137
1280	2048	768	183	379	138
1536	2048	768	264	385	143
1792	2048	768	337	394	147
2048	2048	768	409	401	153
2304	2048	768	486	404	148
2560	2048	768	576	403	154
2816	2048	768	672	392	156
3072	2048	768	777	375	150
3328	2048	768	891	353	144
3584	2048	768	997	324	134
3840	2048	768	1023	324	165
4095	2048	768	1023	311	166
0	2304	768	12	484	265
256	2304	768	12	485	252
512	2304	768	12	488	243
768	2304	768	12	493	224
1024	2304	768	11	454	174
1280	2304	768	153	462	145
1536	2304	768	258	467	148
1792	2304	768	334	466	149
2048	2304	768	402	464	150
2304	2304	768	473	461	150
2560	2304	768	555	454	151
2816	2304	768	648	442	151
3072	2304	768	747	423	149
3328	2304	768	865	402	139
3584	2304	768	986	377	132
3840	2304	768	1023	366	165
4095	2304	768	1023	349	169
0	2560	768	12	554	273
256	2560	768	12	554	270
512	2560	768	12	556	265
768	2560	768	12	560	241
1024	2560	768	12	531	196
1280	2560	768	47	538	143
1536	2560	768	225	537	143
1792	2560	768	311	534	143
2048	2560	768	380	527	142
2304	2560	768	447	519	142
2560	2560	768	525	509	140
2816	2560	768	613	494	144
3072	2560	768	712	475	141
3328	2560	768	835	459	133
3584	2560	768	972	438	129
3840	2560	768	1023	417	162
4095	2560	768	1023	394	172
0	2816	768	11	609	277
256	2816	768	11	610	274
512	2816	768	11	612	262
768	2816	768	11	615	252
1024	2816	768	11	620	215
1280	2816	768	12	596	159
1536	2816	768	169	596	131
1792	2816	768	273	592	131
2048	2816	768	347	585	130
2304	2816	768	413	578	130
2560	2816	768	485	567	129
2816	2816	768	573	554	127
3072	2816	768	678	540	131
3328	2816	768	803	527	129
3584	2816	768	953	513	125
3840	2816	768	1023	476	155
4095	2816	768	1023	445	172
0	3072	768	11	672	280
256	3072	768	11	672	277
512	3072	768	11	675	267
768	3072	768	11	679	248
1024	3072	768	11	686	226
1280	3072	768	11	651	178
1536	3072	768	60	661	118
1792	3072	768	226	655	118
2048	3072	768	308	649	118
2304	3072	768	377	643	118
2560	3072	768	449	636	118
2816	3072	768	537	627	119
3072	3072	768	642	617	119
3328	3072	768	770	606	121
3584	3072	768	924	595	120
3840	3072	768	1023	550	136
4095	3072	768	1023	507	170
0	3328	768	10	756	278
256	3328	768	10	757	275
512	3328	768	10	760	273
768	3328	768	10	766	257
1024	3328	768	10	774	233
1280	3328	768	10	785	200
1536	3328	768	10	740	144
1792	3328	768	172	744	108
2048	3328	768	273	739	108
2304	3328	768	347	734	108
2560	3328	768	418	728	108
2816	3328	768	503	720	108
3072	3328	768	605	711	108
3328	3328	768	732	700	107
3584	3328	768	865	677	111
3840	3328	768	1011	644	108
4095	3328	768	1023	580	159
0	3584	768	9	842	279
256	3584	768	9	843	276
512	3584	768	9	845	267
768	3584	768	9	849	266
1024	3584	768	9	855	238
1280	3584	768	9	863	214
1536	3584	768	10	827	162
1792	3584	768	69	838	91
2048	3584	768	229	835	92
2304	3584	768	313	830	93
2560	3584	768	382	825	93
2816	3584	768	463	815	94
3072	3584	768	558	804	95
3328	3584	768	671	786	96
3584	3584	768	804	765	96
3840	3584	768	974	752	98
4095	3584	768	1023	663	74
0	3840	768	9	942	282
256	3840	768	9	943	281
512	3840	768	9	947	275
768	3840	768	9	955	263
1024	3840	768	9	965	247
1280	3840	768	9	980	219
1536	3840	768	9	998	183
1792	3840	768	9	932	120
2048	3840	768	172	939	81
2304	3840	768	271	932	82
2560	3840	768	341	925	83
2816	3840	768	418	918	84
3072	3840	768	510	912	85
3328	3840	768	625	904	86
3584	3840	768	763	896	87
3840	3840	768	935	887	89
4095	3840	768	985	773	28
0	4095	768	8	1021	287
256	4095	768	8	1022	286
512	4095	768	8	1022	280
768	4095	768	8	1021	268
1024	4095	768	8	1022	253
1280	4095	768	8	1021	227
1536	4095	768	8	1020	194
1792	4095	768	8	1021	146
2048	4095	768	8	1022	44
2304	4095	768	207	999	9
2560	4095	768	294	993	9
2816	4095	768	363	985	10
3072	4095	768	444	976	10
3328	4095	768	542	970	16
3584	4095	768	768	1023	178
3840	4095	768	924	1023	174
4095	4095	768	971	930	11
0	0	1024	16	51	259
256	0	1024	52	16	270
512	0	1024	148	16	258
768	0	1024	215	15	248
1024	0	1024	263	14	234
1280	0	1024	302	13	223
1536	0	1024	333	12	214
1792	0	1024	363	11	207
2048	0	1024	404	11	206
2304	0	1024	452	11	206
2560	0	1024	511	10	205
2816	0	1024	609	11	216
3072	0	1024	754	12	233
3328	0	1024	876	12	236
3584	0	1024	974	11	226
3840	0	1024	1019	9	206
4095	0	1024	1022	8	196
0	256	1024	16	84	250
256	256	1024	16	64	276
512	256	1024	140	50	269
768	256	1024	215	24	263
1024	256	1024	267	14	239
1280	256	1024	305	13	225
1536	256	1024	335	12	213
1792	256	1024	366	11	206
2048	256	1024	408	11	205
2304	256	1024	456	10	205
2560	256	1024	515	10	204
2816	256	1024	617	11	215
3072	256	1024	763	12	232
3328	256	1024	883	12	235
3584	256	1024	979	11	225
3840	256	1024	1021	9	204
4095	256	1024	1023	27	192
0	512	1024	15	144	233
256	512	1024	15	142	250
512	512	1024	118	132	260
768	512	1024	196	118	246
1024	512	1024	253	102	231
1280	512	1024	299	82	217
1536	512	1024	337	55	204
1792	512	1024	378	11	202
2048	512	1024	421	11	202
2304	512	1024	469	10	200
2560	512	1024	531	10	200
2816	512	1024	643	11	214
3072	512	1024	794	12	230
3328	512	1024	904	12	225
3584	512	1024	991	11	209
3840	512	1024	1023	58	199
4095	512	1024	1023	76	193
0	768	1024	13	185	214
256	768	1024	13	184	220
512	768	1024	73	181	214
768	768	1024	170	174	229
1024	768	1024	228	161	216
1280	768	1024	277	148	206
1536	768	1024	323	135	201
1792	768	1024	371	123	199
2048	768	1024	422	107	196
2304	768	1024	480	85	194
2560	768	1024	571	54	198
2816	768	1024	706	11	212
3072	768	1024	837	12	220
3328	768	1024	937	11	214
3584	768	1024	1003	10	198
3840	768	1024	1023	117	199
4095	768	1024	1023	121	193
0	1024	1024	12	217	210
256	1024	1024	12	217	211
512	1024	1024	12	217	213
768	1024	1024	135	210	206
1024	1024	1024	200	200	200
1280	1024	1024	260	197	200
1536	1024	1024	313	190	198
1792	1024	1024	362	182	196
2048	1024	1024	411	172	193
2304	1024	1024	472	162	192
2560	1024	1024	571	155	201
2816	1024	1024	720	151	213
3072	1024	1024	853	130	213
3328	1024	1024	963	95	203
3584	1024	1024	1020	32	181
3840	1024	1024	1023	163	199
4095	1024	1024	1023	162	194
0	1280	1024	11	269	228
256	1280	1024	11	250	207
512	1280	1024	11	251	202
768	1280	1024	94	251	199
1024	1280	1024	183	247	198
1280	1280	1024	246	244	194
1536	1280	1024	300	238	198
1792	1280	1024	348	230	196
2048	1280	1024	401	224	194
2304	1280	1024	465	218	191
2560	1280	1024	576	222	206
2816	1280	1024	719	225	214
3072	1280	1024	840	211	209
3328	1280	1024	949	188	201
3584	1280	1024	1016	154	180
3840	1280	1024	1023	204	200
4095	1280	1024	1023	200	195
0	1536	1024	10	306	237
256	1536	1024	10	306	235
512	1536	1024	11	291	208
768	1536	1024	11	293	195
1024	1536	1024	156	289	192
1280	1536	1024	226	285	190
1536	1536	1024	283	280	188
1792	1536	1024	337	277	190
2048	1536	1024	393	273	189
2304	1536	1024	472	277	190
2560	1536	1024	588	289	207
2816	1536	1024	708	287	213
3072	1536	1024	821	272	207
3328	1536	1024	933	251	198
3584	1536	1024	1011	218	180
3840	1536	1024	1023	246	201
4095	1536	1024	1023	238	196
0	1792	1024	10	345	243
256	1792	1024	10	345	241
512	1792	1024	10	346	234
768	1792	1024	10	327	202
1024	1792	1024	114	329	186
1280	1792	1024	203	327	187
1536	1792	1024	270	327	188
1792	1792	1024	329	324	192
2048	1792	1024	397	331	188
2304	1792	1024	486	343	190
2560	1792	1024	585	348	201
2816	1792	1024	694	343	211
3072	1792	1024	799	326	205
3328	1792	1024	914	304	196
3584	1792	1024	1005	273	178
3840	1792	1024	1023	285	201
4095	1792	1024	1023	275	198
0	2048	1024	11	405	266
256	2048	1024	11	406	265
512	2048	1024	11	408	260
768	2048	1024	10	372	223
1024	2048	1024	10	380	187
1280	2048	1024	180	379	187
1536	2048	1024	263	386	195
1792	2048	1024	336	394	199
2048	2048	1024	409	402	207
2304	2048	1024	485	404	199
2560	2048	1024	575	402	208
2816	2048	1024	671	392	209
3072	2048	1024	775	375	201
3328	2048	1024	890	353	193
3584	2048	1024	997	325	179
3840	2048	1024	1023	323	201
4095	2048	1024	1023	310	199
0	2304	1024	12	484	291
256	2304	1024	12	484	290
512	2304	1024	12	487	283
768	2304	1024	12	491	270
1024	2304	1024	11	455	225
1280	2304	1024	149	462	200
1536	2304	1024	256	467	203
1792	2304	1024	333	466	205
2048	2304	1024	400	464	205
2304	2304	1024	472	461	206
2560	2304	1024	554	454	206
2816	2304	1024	647	441	207
3072	2304	1024	746	423	202
3328	2304	1024	863	402	189
3584	2304	1024	985	377	180
3840	2304	1024	1023	365	200
4095	2304	1024	1023	348	201
0	2560	1024	12	553	313
256	2560	1024	12	554	310
512	2560	1024	12	556	301
768	2560	1024	12	559	282
1024	2560	1024	12	530	243
1280	2560	1024	29	538	201
1536	2560	1024	222	537	202
1792	2560	1024	310	533	201
2048	2560	1024	379	527	199
2304	2560	1024	445	519	199
2560	2560	1024	524	509	195
2816	2560	1024	612	494	200
3072	2560	1024	710	475	196
3328	2560	1024	833	459	185
3584	2560	1024	971	438	179
3840	2560	1024	1023	416	198
4095	2560	1024	1023	392	202
0	2816	1024	11	608	305
256	2816	1024	11	609	303
512	2816	1024	11	611	293
768	2816	1024	11	614	289
1024	2816	1024	11	619	258
1280	2816	1024	12	595	210
1536	2816	1024	166	596	191
1792	2816	1024	271	592	190
2048	2816	1024	345	585	188
2304	2816	1024	412	577	187
2560	2816	1024	483	566	186
2816	2816	1024	571	553	182
3072	2816	1024	677	539	187
3328	2816	1024	802	527	183
3584	2816	1024	952	513	177
3840	2816	1024	1023	475	192
4095	2816	1024	1023	444	202
0	3072	1024	10	670	308
256	3072	1024	11	671	306
512	3072	1024	11	673	297
768	3072	1024	10	678	281
1024	3072	1024	11	685	266
1280	3072	1024	11	649	224
1536	3072	1024	47	660	178
1792	3072	1024	224	654	177
2048	3072	1024	307	649	177
2304	3072	1024	376	642	176
2560	3072	1024	448	635	177
2816	3072	1024	536	627	176
3072	3072	1024	641	617	175
3328	3072	1024	769	606	177
3584	3072	1024	922	595	176
3840	3072	1024	1023	550	177
4095	3072	1024	1023	506	201
0	3328	1024	10	754	313
256	3328	1024	10	755	311
512	3328	1024	10	758	303
768	3328	1024	10	764	290
1024	3328	1024	10	772	274
1280	3328	1024	10	784	242
1536	3328	1024	10	738	192
1792	3328	1024	169	744	169
2048	3328	1024	272	739	169
2304	3328	1024	346	733	169
2560	3328	1024	417	727	168
2816	3328	1024	502	720	168
3072	3328	1024	604	710	167
3328	3328	1024	731	700	165
3584	3328	1024	865	677	169
3840	3328	1024	1010	644	165
4095	3328	1024	1023	579	190
0	3584	1024	9	841	301
256	3584	1024	9	842	298
512	3584	1024	9	844	310
768	3584	1024	9	848	294
1024	3584	1024	9	854	270
1280	3584	1024	9	862	251
1536	3584	1024	10	826	206
1792	3584	1024	60	838	157
2048	3584	1024	227	835	157
2304	3584	1024	312	830	157
2560	3584	1024	382	824	157
2816	3584	1024	462	815	156
3072	3584	1024	558	804	156
3328	3584	1024	669	786	154
3584	3584	1024	802	766	154
3840	3584	1024	972	752	154
4095	3584	1024	1023	665	143
0	3840	1024	9	939	308
256	3840	1024	9	940	307
512	3840	1024	9	945	301
768	3840	1024	9	952	294
1024	3840	1024	9	963	278
1280	3840	1024	8	978	257
1536	3840	1024	8	996	223
1792	3840	1024	9	931	173
2048	3840	1024	170	938	147
2304	3840	1024	269	932	147
2560	3840	1024	340	925	147
2816	3840	1024	417	918	147
3072	3840	1024	509	912	148
3328	3840	1024	624	904	148
3584	3840	1024	761	896	149
3840	3840	1024	934	886	150
4095	3840	1024	987	774	118
0	4095	1024	8	1021	312
256	4095	1024	8	1022	311
512	4095	1024	8	1021	305
768	4095	1024	8	1022	295
1024	4095	1024	8	1020	281
1280	4095	1024	8	1022	259
1536	4095	1024	8	1023	229
1792	4095	1024	11	1023	189
2048	4095	1024	8	1022	132
2304	4095	1024	201	986	114
2560	4095	1024	290	981	115
2816	4095	1024	361	978	116
3072	4095	1024	538	1023	222
3328	4095	1024	637	1023	216
3584	4095	1024	763	1023	215
3840	4095	1024	919	1023	211
4095	4095	1024	932	894	105
0	0	1280	16	48	310
256	0	1280	40	16	321
512	0	1280	145	16	312
768	0	1280	211	15	297
1024	0	1280	259	14	281
1280	0	1280	298	13	266
1536	0	1280	329	12	253
1792	0	1280	360	11	247
2048	0	1280	402	11	247
2304	0	1280	451	11	245
2560	0	1280	509	10	243
2816	0	1280	608	11	256
3072	0	1280	751	12	276
3328	0	1280	874	12	278
3584	0	1280	971	11	267
3840	0	1280	1018	9	242
4095	0	1280	1023	8	226
0	256	1280	16	81	302
256	256	1280	16	67	317
512	256	1280	127	44	330
768	256	1280	209	15	315
1024	256	1280	261	14	289
1280	256	1280	301	13	270
1536	256	1280	331	12	255
1792	256	1280	364	11	248
2048	256	1280	406	11	247
2304	256	1280	454	10	244
2560	256	1280	514	10	243
2816	256	1280	616	11	256
3072	256	1280	760	12	276
3328	256	1280	880	12	277
3584	256	1280	976	11	266
3840	256	1280	1020	9	240
4095	256	1280	1023	18	226
0	512	1280	15	143	278
256	512	1280	15	140	294
512	512	1280	103	128	315
768	512	1280	189	115	299
1024	512	1280	248	99	283
1280	512	1280	294	79	265
1536	512	1280	333	52	252
1792	512	1280	375	11	250
2048	512	1280	419	11	246
2304	512	1280	468	10	242
2560	512	1280	529	10	241
2816	512	1280	643	11	257
3072	512	1280	791	12	276
3328	512	1280	902	12	269
3584	512	1280	990	11	250
3840	512	1280	1023	53	234
4095	512	1280	1023	72	226
0	768	1280	13	183	249
256	768	1280	13	183	258
512	768	1280	52	180	263
768	768	1280	163	171	279
1024	768	1280	223	158	266
1280	768	1280	274	146	254
1536	768	1280	320	134	248
1792	768	1280	369	122	246
2048	768	1280	421	106	242
2304	768	1280	478	83	238
2560	768	1280	569	51	244
2816	768	1280	704	11	260
3072	768	1280	834	12	268
3328	768	1280	934	11	260
3584	768	1280	1002	10	240
3840	768	1280	1023	114	235
4095	768	1280	1023	119	227
0	1024	1280	12	215	238
256	1024	1280	12	215	241
512	1024	1280	12	215	255
768	1024	1280	128	208	247
1024	1024	1280	197	200	249
1280	1024	1280	258	196	247
1536	1024	1280	310	190	245
1792	1024	1280	360	181	242
2048	1024	1280	409	171	238
2304	1024	1280	470	161	237
2560	1024	1280	569	154	249
2816	1024	1280	719	150	263
3072	1024	1280	852	129	263
3328	1024	1280	960	92	250
3584	1024	1280	1019	29	222
3840	1024	1280	1023	161	235
4095	1024	1280	1023	161	228
0	1280	1280	11	249	241
256	1280	1280	11	249	241
512	1280	1280	11	250	244
768	1280	1280	83	250	246
1024	1280	1280	178	247	244
1280	1280	1280	244	244	244
1536	1280	1280	297	236	240
1792	1280	1280	347	229	237
2048	1280	1280	400	223	236
2304	1280	1280	464	217	237
2560	1280	1280	576	222	256
2816	1280	1280	717	225	265
3072	1280	1280	838	211	259
3328	1280	1280	948	187	247
3584	1280	1280	1015	154	221
3840	1280	1280	1023	203	236
4095	1280	1280	1023	199	229
0	1536	1280	10	305	265
256	1536	1280	10	305	264
512	1536	1280	11	290	242
768	1536	1280	11	292	242
1024	1536	1280	151	289	238
1280	1536	1280	222	284	235
1536	1536	1280	281	279	234
1792	1536	1280	336	276	237
2048	1536	1280	392	272	234
2304	1536	1280	471	277	235
2560	1536	1280	587	289	257
2816	1536	1280	706	287	265
3072	1536	1280	819	272	255
3328	1536	1280	931	251	243
3584	1536	1280	1010	218	223
3840	1536	1280	1023	245	237
4095	1536	1280	1023	237	230
0	1792	1280	10	343	273
256	1792	1280	10	344	272
512	1792	1280	10	345	268
768	1792	1280	10	327	243
1024	1792	1280	107	328	233
1280	1792	1280	201	327	233
1536	1792	1280	268	326	234
1792	1792	1280	328	324	240
2048	1792	1280	397	331	235
2304	1792	1280	485	343	237
2560	1792	1280	584	348	250
2816	1792	1280	692	342	263
3072	1792	1280	797	326	253
3328	1792	1280	912	304	242
3584	1792	1280	1005	273	223
3840	1792	1280	1023	284	237
4095	1792	1280	1023	275	231
0	2048	1280	11	404	305
256	2048	1280	11	405	304
512	2048	1280	11	407	279
768	2048	1280	10	371	265
1024	2048	1280	10	379	235
1280	2048	1280	177	380	234
1536	2048	1280	261	386	245
1792	2048	1280	335	395	251
2048	2048	1280	408	402	259
2304	2048	1280	484	403	250
2560	2048	1280	573	402	260
2816	2048	1280	670	392	262
3072	2048	1280	773	375	251
3328	2048	1280	888	353	241
3584	2048	1280	996	325	223
3840	2048	1280	1023	322	237
4095	2048	1280	1023	310	233
0	2304	1280	12	483	328
256	2304	1280	12	484	327
512	2304	1280	12	487	322
768	2304	1280	12	492	313
1024	2304	1280	12	454	274
1280	2304	1280	144	463	252
1536	2304	1280	253	467	256
1792	2304	1280	331	466	258
2048	2304	1280	399	463	259
2304	2304	1280	470	461	258
2560	2304	1280	552	453	260
2816	2304	1280	644	441	260
3072	2304	1280	744	422	253
3328	2304	1280	861	402	237
3584	2304	1280	984	377	224
3840	2304	1280	1023	364	236
4095	2304	1280	1023	347	233
0	2560	1280	12	552	344
256	2560	1280	12	552	342
512	2560	1280	12	554	335
768	2560	1280	12	558	321
1024	2560	1280	12	530	287
1280	2560	1280	12	537	257
1536	2560	1280	219	537	256
1792	2560	1280	308	532	256
2048	2560	1280	377	526	253
2304	2560	1280	444	518	251
2560	2560	1280	522	509	246
2816	2560	1280	610	494	252
3072	2560	1280	709	475	248
3328	2560	1280	831	459	233
3584	2560	1280	969	438	224
3840	2560	1280	1023	415	234
4095	2560	1280	1023	391	235
0	2816	1280	11	606	350
256	2816	1280	11	607	348
512	2816	1280	11	609	340
768	2816	1280	11	612	324
1024	2816	1280	11	618	299
1280	2816	1280	11	594	258
1536	2816	1280	162	596	244
1792	2816	1280	268	591	243
2048	2816	1280	343	584	240
2304	2816	1280	410	576	240
2560	2816	1280	482	566	237
2816	2816	1280	569	552	231
3072	2816	1280	674	539	238
3328	2816	1280	800	526	233
3584	2816	1280	951	513	224
3840	2816	1280	1023	475	229
4095	2816	1280	1023	443	235
0	3072	1280	11	668	335
256	3072	1280	11	669	333
512	3072	1280	11	672	327
768	3072	1280	11	676	324
1024	3072	1280	11	683	303
1280	3072	1280	11	648	267
1536	3072	1280	26	660	230
1792	3072	1280	221	654	229
2048	3072	1280	305	648	227
2304	3072	1280	374	642	227
2560	3072	1280	447	635	227
2816	3072	1280	534	627	226
3072	3072	1280	639	616	223
3328	3072	1280	768	606	227
3584	3072	1280	920	595	224
3840	3072	1280	1023	549	216
4095	3072	1280	1023	504	232
0	3328	1280	10	753	341
256	3328	1280	10	753	339
512	3328	1280	10	756	333
768	3328	1280	10	762	322
1024	3328	1280	10	771	310
1280	3328	1280	10	782	283
1536	3328	1280	10	737	238
1792	3328	1280	166	744	219
2048	3328	1280	270	739	219
2304	3328	1280	345	733	219
2560	3328	1280	416	727	219
2816	3328	1280	501	719	218
3072	3328	1280	602	710	217
3328	3328	1280	729	700	213
3584	3328	1280	863	676	218
3840	3328	1280	1008	643	214
4095	3328	1280	1023	579	223
0	3584	1280	9	839	344
256	3584	1280	9	840	342
512	3584	1280	9	842	335
768	3584	1280	9	846	321
1024	3584	1280	9	853	300
1280	3584	1280	9	861	288
1536	3584	1280	9	826	248
1792	3584	1280	45	838	208
2048	3584	1280	225	835	208
2304	3584	1280	310	830	208
2560	3584	1280	380	823	207
2816	3584	1280	461	815	206
3072	3584	1280	556	804	205
3328	3584	1280	667	786	201
3584	3584	1280	801	765	200
3840	3584	1280	970	752	205
4095	3584	1280	1023	664	183
0	3840	1280	9	937	334
256	3840	1280	9	938	333
512	3840	1280	9	942	331
768	3840	1280	9	950	322
1024	3840	1280	9	961	309
1280	3840	1280	9	976	291
1536	3840	1280	8	995	263
1792	3840	1280	9	930	216
2048	3840	1280	167	938	196
2304	3840	1280	268	931	196
2560	3840	1280	339	924	196
2816	3840	1280	415	918	196
3072	3840	1280	508	911	196
3328	3840	1280	622	904	197
3584	3840	1280	759	896	197
3840	3840	1280	932	886	198
4095	3840	1280	990	776	171
0	4095	1280	8	1022	338
256	4095	1280	8	1021	336
512	4095	1280	8	1021	331
768	4095	1280	8	1022	325
1024	4095	1280	8	1021	311
1280	4095	1280	8	1023	292
1536	4095	1280	9	1021	267
1792	4095	1280	8	1022	232
2048	4095	1280	8	1021	184
2304	4095	1280	199	986	171
2560	4095	1280	290	980	171
2816	4095	1280	446	1023	258
3072	4095	1280	529	1023	254
3328	4095	1280	633	1023	254
3584	4095	1280	758	1023	252
3840	4095	1280	908	1023	242
4095	4095	1280	945	906	165
0	0	1536	16	44	359
256	0	1536	35	16	370
512	0	1536	141	16	361
768	0	1536	205	15	343
1024	0	1536	254	13	325
1280	0	1536	295	13	308
1536	0	1536	325	12	293
1792	0	1536	358	11	286
2048	0	1536	401	11	285
2304	0	1536	449	11	282
2560	0	1536	508	10	281
2816	0	1536	608	11	295
3072	0	1536	749	12	317
3328	0	1536	871	12	319
3584	0	1536	968	11	305
3840	0	1536	1018	9	277
4095	0	1536	1023	8	261
0	256	1536	16	77	349
256	256	1536	16	67	363
512	256	1536	108	33	389
768	256	1536	199	14	357
1024	256	1536	254	13	334
1280	256	1536	296	13	313
1536	256	1536	327	11	295
1792	256	1536	361	11	288
2048	256	1536	405	11	286
2304	256	1536	453	11	283
2560	256	1536	512	10	281
2816	256	1536	616	11	296
3072	256	1536	758	12	317
3328	256	1536	877	12	318
3584	256	1536	973	11	304
3840	256	1536	1019	9	276
4095	256	1536	1023	12	259
0	512	1536	15	140	319
256	512	1536	15	137	333
512	512	1536	80	123	366
768	512	1536	179	111	349
1024	512	1536	242	96	332
1280	512	1536	289	75	311
1536	512	1536	329	47	297
1792	512	1536	372	11	293
2048	512	1536	417	11	290
2304	512	1536	465	10	283
2560	512	1536	527	10	282
2816	512	1536	642	11	300
3072	512	1536	788	12	320
3328	512	1536	899	12	312
3584	512	1536	987	11	291
3840	512	1536	1023	45	270
4095	512	1536	1023	70	260
0	768	1536	13	182	285
256	768	1536	13	181	295
512	768	1536	13	178	307
768	768	1536	153	168	328
1024	768	1536	217	156	311
1280	768	1536	269	143	298
1536	768	1536	317	132	293
1792	768	1536	367	120	291
2048	768	1536	418	104	285
2304	768	1536	476	81	282
2560	768	1536	567	47	288
2816	768	1536	701	12	306
3072	768	1536	831	12	315
3328	768	1536	931	11	304
3584	768	1536	1000	10	281
3840	768	1536	1023	112	270
4095	768	1536	1023	118	260
0	1024	1536	12	213	269
256	1024	1536	12	213	274
512	1024	1536	12	213	293
768	1024	1536	117	207	292
1024	1024	1536	193	199	295
1280	1024	1536	254	194	292
1536	1024	1536	308	188	291
1792	1024	1536	358	180	286
2048	1024	1536	407	170	281
2304	1024	1536	468	160	281
2560	1024	1536	566	153	296
2816	1024	1536	718	149	312
3072	1024	1536	849	128	311
3328	1024	1536	958	90	295
3584	1024	1536	1018	25	263
3840	1024	1536	1023	160	271
4095	1024	1536	1023	160	261
0	1280	1536	11	248	270
256	1280	1536	11	248	272
512	1280	1536	11	249	279
768	1280	1536	68	249	287
1024	1280	1536	174	247	284
1280	1280	1536	240	243	289
1536	1280	1536	295	236	284
1792	1280	1536	345	229	280
2048	1280	1536	398	223	280
2304	1280	1536	462	217	280
2560	1280	1536	574	222	303
2816	1280	1536	715	224	313
3072	1280	1536	835	210	308
3328	1280	1536	946	187	293
3584	1280	1536	1015	153	264
3840	1280	1536	1023	202	271
4095	1280	1536	1023	198	262
0	1536	1536	11	287	277
256	1536	1536	11	288	277
512	1536	1536	11	289	280
768	1536	1536	11	291	284
1024	1536	1536	144	288	284
1280	1536	1536	218	283	280
1536	1536	1536	278	278	278
1792	1536	1536	334	276	279
2048	1536	1536	390	272	279
2304	1536	1536	471	277	292
2560	1536	1536	585	289	312
2816	1536	1536	704	287	313
3072	1536	1536	816	272	303
3328	1536	1536	929	250	289
3584	1536	1536	1010	218	265
3840	1536	1536	1023	244	272
4095	1536	1536	1023	237	263
0	1792	1536	10	342	302
256	1792	1536	10	343	302
512	1792	1536	10	323	283
768	1792	1536	10	325	281
1024	1792	1536	97	328	277
1280	1792	1536	198	327	278
1536	1792	1536	266	326	278
1792	1792	1536	325	323	287
2048	1792	1536	397	332	279
2304	1792	1536	484	343	281
2560	1792	1536	582	347	299
2816	1792	1536	689	342	311
3072	1792	1536	796	325	300
3328	1792	1536	909	304	287
3584	1792	1536	1003	274	265
3840	1792	1536	1023	284	273
4095	1792	1536	1023	274	265
0	2048	1536	11	404	319
256	2048	1536	11	404	318
512	2048	1536	11	407	317
768	2048	1536	10	370	307
1024	2048	1536	10	378	279
1280	2048	1536	172	380	280
1536	2048	1536	260	387	293
1792	2048	1536	334	396	299
2048	2048	1536	407	403	309
2304	2048	1536	482	403	298
2560	2048	1536	571	401	309
2816	2048	1536	667	391	311
3072	2048	1536	772	374	298
3328	2048	1536	885	352	285
3584	2048	1536	995	325	266
3840	2048	1536	1023	321	273
4095	2048	1536	1023	310	266
0	2304	1536	12	483	364
256	2304	1536	12	483	364
512	2304	1536	12	486	348
768	2304	1536	12	491	343
1024	2304	1536	12	455	320
1280	2304	1536	136	463	301
1536	2304	1536	249	467	306
1792	2304	1536	328	465	308
2048	2304	1536	397	463	309
2304	2304	1536	468	460	308
2560	2304	1536	549	453	310
2816	2304	1536	642	440	309
3072	2304	1536	741	422	302
3328	2304	1536	858	402	282
3584	2304	1536	983	377	267
3840	2304	1536	1023	363	272
4095	2304	1536	1023	347	267
0	2560	1536	12	550	373
256	2560	1536	12	551	372
512	2560	1536	12	553	367
768	2560	1536	12	557	357
1024	2560	1536	12	530	329
1280	2560	1536	12	538	309
1536	2560	1536	214	537	307
1792	2560	1536	305	532	306
2048	2560	1536	375	525	303
2304	2560	1536	442	518	301
2560	2560	1536	520	509	295
2816	2560	1536	608	493	302
3072	2560	1536	707	475	296
3328	2560	1536	829	459	286
3584	2560	1536	967	439	268
3840	2560	1536	1023	414	270
4095	2560	1536	1023	390	267
0	2816	1536	11	605	375
256	2816	1536	11	606	374
512	2816	1536	11	607	367
768	2816	1536	11	611	355
1024	2816	1536	11	616	335
1280	2816	1536	12	593	303
1536	2816	1536	155	595	295
1792	2816	1536	265	591	293
2048	2816	1536	341	584	292
2304	2816	1536	409	575	288
2560	2816	1536	480	566	285
2816	2816	1536	567	552	279
3072	2816	1536	672	539	286
3328	2816	1536	797	526	279
3584	2816	1536	949	514	268
3840	2816	1536	1023	474	266
4095	2816	1536	1023	442	267
0	3072	1536	11	667	373
256	3072	1536	11	668	371
512	3072	1536	11	670	366
768	3072	1536	11	675	355
1024	3072	1536	10	682	339
1280	3072	1536	11	647	307
1536	3072	1536	11	659	280
1792	3072	1536	217	654	277
2048	3072	1536	303	647	276
2304	3072	1536	372	642	275
2560	3072	1536	445	635	273
2816	3072	1536	532	626	272
3072	3072	1536	637	616	269
3328	3072	1536	765	605	273
3584	3072	1536	918	594	270
3840	3072	1536	1023	549	255
4095	3072	1536	1023	504	265
0	3328	1536	10	751	368
256	3328	1536	10	752	367
512	3328	1536	10	755	362
768	3328	1536	10	761	359
1024	3328	1536	10	769	344
1280	3328	1536	10	781	323
1536	3328	1536	10	736	283
1792	3328	1536	161	743	267
2048	3328	1536	267	738	267
2304	3328	1536	343	733	266
2560	3328	1536	414	726	265
2816	3328	1536	498	718	264
3072	3328	1536	600	710	264
3328	3328	1536	727	700	259
3584	3328	1536	860	675	264
3840	3328	1536	1006	643	259
4095	3328	1536	1023	577	256
0	3584	1536	9	838	368
256	3584	1536	9	839	366
512	3584	1536	9	841	359
768	3584	1536	9	845	347
1024	3584	1536	9	852	350
1280	3584	1536	9	860	323
1536	3584	1536	10	825	289
1792	3584	1536	20	837	256
2048	3584	1536	222	833	256
2304	3584	1536	308	830	256
2560	3584	1536	379	822	255
2816	3584	1536	458	815	253
3072	3584	1536	554	803	252
3328	3584	1536	665	785	246
3584	3584	1536	798	765	245
3840	3584	1536	967	751	250
4095	3584	1536	1023	666	229
0	3840	1536	9	935	367
256	3840	1536	9	936	365
512	3840	1536	9	940	361
768	3840	1536	9	947	353
1024	3840	1536	8	959	339
1280	3840	1536	9	973	325
1536	3840	1536	8	993	301
1792	3840	1536	9	929	260
2048	3840	1536	163	938	241
2304	3840	1536	266	931	241
2560	3840	1536	337	924	241
2816	3840	1536	414	917	241
3072	3840	1536	506	911	241
3328	3840	1536	620	903	242
3584	3840	1536	757	895	242
3840	3840	1536	929	886	242
4095	3840	1536	991	778	216
0	4095	1536	8	1021	370
256	4095	1536	8	1022	369
512	4095	1536	8	1022	364
768	4095	1536	8	1021	355
1024	4095	1536	9	1022	341
1280	4095	1536	8	1020	325
1536	4095	1536	8	1021	302
1792	4095	1536	18	1023	271
2048	4095	1536	8	1022	230
2304	4095	1536	197	985	216
2560	4095	1536	370	1023	292
2816	4095	1536	439	1023	290
3072	4095	1536	525	1023	290
3328	4095	1536	625	1023	286
3584	4095	1536	748	1023	284
3840	4095	1536	902	1023	280
4095	4095	1536	946	908	211
0	0	1792	16	43	407
256	0	1792	18	16	419
512	0	1792	135	15	414
768	0	1792	198	14	386
1024	0	1792	248	13	368
1280	0	1792	290	12	348
1536	0	1792	321	11	330
1792	0	1792	356	11	323
2048	0	1792	400	11	322
2304	0	1792	448	10	319
2560	0	1792	506	10	318
2816	0	1792	607	11	335
3072	0	1792	747	12	357
3328	0	1792	869	12	359
3584	0	1792	966	11	343
3840	0	1792	1017	9	311
4095	0	1792	1023	11	293
0	256	1792	15	78	390
256	256	1792	16	69	404
512	256	1792	80	15	442
768	256	1792	189	14	419
1024	256	1792	247	13	378
1280	256	1792	290	12	354
1536	256	1792	323	11	334
1792	256	1792	359	11	326
2048	256	1792	403	11	324
2304	256	1792	451	10	320
2560	256	1792	510	10	319
2816	256	1792	615	11	335
3072	256	1792	755	12	359
3328	256	1792	875	12	358
3584	256	1792	970	11	342
3840	256	1792	1018	9	310
4095	256	1792	1022	8	300
0	512	1792	14	138	356
256	512	1792	14	135	369
512	512	1792	41	119	417
768	512	1792	168	106	399
1024	512	1792	233	91	378
1280	512	1792	283	70	354
1536	512	1792	326	42	347
1792	512	1792	369	11	336
2048	512	1792	415	11	332
2304	512	1792	463	10	324
2560	512	1792	525	10	322
2816	512	1792	642	11	342
3072	512	1792	785	12	363
3328	512	1792	895	12	356
3584	512	1792	986	11	332
3840	512	1792	1023	35	303
4095	512	1792	1023	66	292
0	768	1792	13	181	319
256	768	1792	13	180	329
512	768	1792	13	176	372
768	768	1792	141	165	374
1024	768	1792	210	153	356
1280	768	1792	264	141	342
1536	768	1792	315	130	337
1792	768	1792	364	118	334
2048	768	1792	415	102	328
2304	768	1792	472	78	324
2560	768	1792	564	42	330
2816	768	1792	698	12	352
3072	768	1792	827	12	361
3328	768	1792	927	11	347
3584	768	1792	999	10	321
3840	768	1792	1023	108	304
4095	768	1792	1023	116	292
0	1024	1792	12	212	301
256	1024	1792	12	212	307
512	1024	1792	11	210	328
768	1024	1792	105	204	336
1024	1024	1792	188	198	339
1280	1024	1792	251	193	336
1536	1024	1792	305	187	333
1792	1024	1792	354	179	329
2048	1024	1792	405	169	324
2304	1024	1792	465	159	324
2560	1024	1792	561	151	341
2816	1024	1792	715	148	359
3072	1024	1792	846	126	357
3328	1024	1792	956	88	339
3584	1024	1792	1017	19	303
3840	1024	1792	1023	158	305
4095	1024	1792	1023	159	293
0	1280	1792	11	248	300
256	1280	1792	11	248	303
512	1280	1792	11	249	314
768	1280	1792	43	249	329
1024	1280	1792	167	245	326
1280	1280	1792	235	241	332
1536	1280	1792	292	235	328
1792	1280	1792	342	228	324
2048	1280	1792	396	222	323
2304	1280	1792	460	216	324
2560	1280	1792	573	222	350
2816	1280	1792	711	223	361
3072	1280	1792	832	209	356
3328	1280	1792	944	186	337
3584	1280	1792	1014	152	304
3840	1280	1792	1023	201	305
4095	1280	1792	1023	198	294
0	1536	1792	11	287	303
256	1536	1792	11	287	305
512	1536	1792	10	288	311
768	1536	1792	10	289	323
1024	1536	1792	136	287	322
1280	1536	1792	214	283	322
1536	1536	1792	275	278	322
1792	1536	1792	333	275	323
2048	1536	1792	389	272	323
2304	1536	1792	469	277	337
2560	1536	1792	582	288	358
2816	1536	1792	701	286	361
3072	1536	1792	812	271	348
3328	1536	1792	926	250	332
3584	1536	1792	1009	217	307
3840	1536	1792	1023	243	306
4095	1536	1792	1023	236	296
0	1792	1792	10	342	332
256	1792	1792	10	342	332
512	1792	1792	10	322	313
768	1792	1792	10	325	317
1024	1792	1792	83	327	321
1280	1792	1792	193	327	322
1536	1792	1792	263	326	322
1792	1792	1792	322	322	322
2048	1792	1792	396	333	337
2304	1792	1792	481	343	353
2560	1792	1792	579	347	360
2816	1792	1792	686	341	358
3072	1792	1792	792	325	346
3328	1792	1792	906	304	330
3584	1792	1792	1002	274	307
3840	1792	1792	1023	283	307
4095	1792	1792	1023	274	297
0	2048	1792	11	404	358
256	2048	1792	11	404	358
512	2048	1792	11	407	358
768	2048	1792	10	369	349
1024	2048	1792	10	377	322
1280	2048	1792	167	380	326
1536	2048	1792	256	388	339
1792	2048	1792	332	397	347
2048	2048	1792	406	404	357
2304	2048	1792	479	403	345
2560	2048	1792	568	400	358
2816	2048	1792	665	391	359
3072	2048	1792	767	373	344
3328	2048	1792	882	352	327
3584	2048	1792	993	325	309
3840	2048	1792	1023	321	307
4095	2048	1792	1023	310	298
0	2304	1792	12	483	388
256	2304	1792	12	484	388
512	2304	1792	12	486	387
768	2304	1792	12	448	369
1024	2304	1792	11	455	365
1280	2304	1792	125	464	350
1536	2304	1792	245	467	355
1792	2304	1792	325	465	357
2048	2304	1792	395	463	359
2304	2304	1792	466	461	356
2560	2304	1792	546	452	358
2816	2304	1792	638	440	358
3072	2304	1792	738	421	349
3328	2304	1792	855	402	326
3584	2304	1792	981	378	309
3840	2304	1792	1023	363	307
4095	2304	1792	1023	347	299
0	2560	1792	12	550	401
256	2560	1792	12	550	400
512	2560	1792	12	552	407
768	2560	1792	12	556	401
1024	2560	1792	12	529	368
1280	2560	1792	12	537	360
1536	2560	1792	209	536	356
1792	2560	1792	302	531	355
2048	2560	1792	373	525	352
2304	2560	1792	439	517	349
2560	2560	1792	517	508	342
2816	2560	1792	604	492	350
3072	2560	1792	704	474	342
3328	2560	1792	826	459	331
3584	2560	1792	966	439	311
3840	2560	1792	1023	413	305
4095	2560	1792	1023	390	299
0	2816	1792	11	604	400
256	2816	1792	11	605	399
512	2816	1792	11	606	394
768	2816	1792	11	609	385
1024	2816	1792	11	614	392
1280	2816	1792	12	591	344
1536	2816	1792	147	595	343
1792	2816	1792	262	590	341
2048	2816	1792	339	582	339
2304	2816	1792	406	575	334
2560	2816	1792	478	565	331
2816	2816	1792	564	551	324
3072	2816	1792	669	539	331
3328	2816	1792	795	526	324
3584	2816	1792	948	514	311
3840	2816	1792	1023	473	302
4095	2816	1792	1023	441	299
0	3072	1792	10	666	401
256	3072	1792	11	667	400
512	3072	1792	11	669	395
768	3072	1792	11	673	387
1024	3072	1792	10	680	373
1280	3072	1792	11	645	345
1536	3072	1792	11	658	327
1792	3072	1792	212	652	323
2048	3072	1792	300	647	321
2304	3072	1792	370	641	320
2560	3072	1792	443	635	319
2816	3072	1792	529	626	318
3072	3072	1792	634	616	314
3328	3072	1792	763	605	318
3584	3072	1792	913	594	314
3840	3072	1792	1023	548	293
4095	3072	1792	1023	503	297
0	3328	1792	10	750	405
256	3328	1792	10	751	404
512	3328	1792	10	754	400
768	3328	1792	10	760	392
1024	3328	1792	10	768	380
1280	3328	1792	10	779	361
1536	3328	1792	10	734	326
1792	3328	1792	155	743	313
2048	3328	1792	264	737	312
2304	3328	1792	340	732	311
2560	3328	1792	411	726	310
2816	3328	1792	496	718	310
3072	3328	1792	598	710	309
3328	3328	1792	723	698	303
3584	3328	1792	858	675	310
3840	3328	1792	1004	643	304
4095	3328	1792	1023	577	290
0	3584	1792	9	837	392
256	3584	1792	9	838	390
512	3584	1792	9	840	384
768	3584	1792	9	844	399
1024	3584	1792	9	850	382
1280	3584	1792	9	858	357
1536	3584	1792	10	824	326
1792	3584	1792	9	837	304
2048	3584	1792	219	833	302
2304	3584	1792	306	829	302
2560	3584	1792	377	822	300
2816	3584	1792	456	815	297
3072	3584	1792	552	802	296
3328	3584	1792	663	785	293
3584	3584	1792	795	764	286
3840	3584	1792	965	751	293
4095	3584	1792	1023	665	267
0	3840	1792	9	933	400
256	3840	1792	8	934	398
512	3840	1792	8	938	394
768	3840	1792	9	945	386
1024	3840	1792	9	956	376
1280	3840	1792	9	971	360
1536	3840	1792	8	991	338
1792	3840	1792	9	926	300
2048	3840	1792	158	937	284
2304	3840	1792	263	931	284
2560	3840	1792	335	923	283
2816	3840	1792	412	917	284
3072	3840	1792	503	910	284
3328	3840	1792	618	902	284
3584	3840	1792	754	894	284
3840	3840	1792	926	885	285
4095	3840	1792	993	780	260
0	4095	1792	8	1022	404
256	4095	1792	8	1023	401
512	4095	1792	8	1021	397
768	4095	1792	8	1022	388
1024	4095	1792	8	1021	376
1280	4095	1792	8	1021	359
1536	4095	1792	9	1022	335
1792	4095	1792	8	1021	310
2048	4095	1792	8	1021	275
2304	4095	1792	195	986	261
2560	4095	1792	367	1023	325
2816	4095	1792	432	1023	321
3072	4095	1792	517	1023	321
3328	4095	1792	620	1023	320
3584	4095	1792	740	1023	316
3840	4095	1792	896	1023	315
4095	4095	1792	947	910	256
0	0	2048	15	48	452
256	0	2048	16	29	461
512	0	2048	125	15	454
768	0	2048	191	14	426
1024	0	2048	242	13	408
1280	0	2048	283	12	386
1536	0	2048	317	11	368
1792	0	2048	354	11	362
2048	0	2048	399	11	360
2304	0	2048	446	10	355
2560	0	2048	504	10	354
2816	0	2048	607	11	375
3072	0	2048	747	12	399
3328	0	2048	866	12	399
3584	0	2048	963	11	382
3840	0	2048	1016	9	345
4095	0	2048	1022	8	331
0	256	2048	15	79	425
256	256	2048	15	71	438
512	256	2048	59	15	493
768	256	2048	178	14	456
1024	256	2048	240	13	418
1280	256	2048	283	12	392
1536	256	2048	318	11	373
1792	256	2048	356	11	365
2048	256	2048	402	11	363
2304	256	2048	449	10	357
2560	256	2048	508	10	355
2816	256	2048	615	11	376
3072	256	2048	755	12	400
3328	256	2048	872	12	399
3584	256	2048	968	11	381
3840	256	2048	1018	9	343
4095	256	2048	1023	8	330
0	512	2048	14	136	392
256	512	2048	14	132	403
512	512	2048	14	116	480
768	512	2048	153	101	446
1024	512	2048	225	85	422
1280	512	2048	276	64	397
1536	512	2048	320	35	391
1792	512	2048	365	11	379
2048	512	2048	412	11	373
2304	512	2048	459	10	363
2560	512	2048	523	10	360
2816	512	2048	642	11	380
3072	512	2048	783	12	402
3328	512	2048	892	12	398
3584	512	2048	983	11	377
3840	512	2048	1023	28	337
4095	512	2048	1023	60	322
0	768	2048	13	179	351
256	768	2048	13	178	361
512	768	2048	13	173	401
768	768	2048	127	162	417
1024	768	2048	202	150	399
1280	768	2048	258	139	386
1536	768	2048	311	128	382
1792	768	2048	361	116	377
2048	768	2048	412	99	371
2304	768	2048	469	74	366
2560	768	2048	560	36	372
2816	768	2048	695	12	399
3072	768	2048	824	12	407
3328	768	2048	923	12	392
3584	768	2048	997	10	362
3840	768	2048	1023	105	338
4095	768	2048	1023	113	323
0	1024	2048	11	210	335
256	1024	2048	11	210	341
512	1024	2048	11	208	363
768	1024	2048	85	202	390
1024	1024	2048	181	197	384
1280	1024	2048	246	192	381
1536	1024	2048	301	186	377
1792	1024	2048	351	177	372
2048	1024	2048	402	167	367
2304	1024	2048	463	158	366
2560	1024	2048	556	149	388
2816	1024	2048	714	146	408
3072	1024	2048	843	124	405
3328	1024	2048	952	85	385
3584	1024	2048	1016	9	342
3840	1024	2048	1023	156	338
4095	1024	2048	1023	157	324
0	1280	2048	11	248	332
256	1280	2048	11	248	335
512	1280	2048	11	248	349
768	1280	2048	11	248	377
1024	1280	2048	160	245	370
1280	1280	2048	230	241	375
1536	1280	2048	287	234	370
1792	1280	2048	340	227	367
2048	1280	2048	394	221	365
2304	1280	2048	459	216	369
2560	1280	2048	571	221	398
2816	1280	2048	708	222	409
3072	1280	2048	829	208	403
3328	1280	2048	940	184	383
3584	1280	2048	1012	152	344
3840	1280	2048	1023	199	339
4095	1280	2048	1023	197	325
0	1536	2048	10	286	331
256	1536	2048	10	286	334
512	1536	2048	10	287	342
768	1536	2048	10	288	360
1024	1536	2048	125	286	364
1280	1536	2048	209	282	364
1536	1536	2048	272	277	365
1792	1536	2048	330	275	365
2048	1536	2048	388	272	367
2304	1536	2048	468	278	385
2560	1536	2048	579	287	406
2816	1536	2048	698	286	410
3072	1536	2048	809	270	396
3328	1536	2048	923	249	377
3584	1536	2048	1007	217	347
3840	1536	2048	1023	242	340
4095	1536	2048	1023	235	326
0	1792	2048	10	320	343
256	1792	2048	10	321	344
512	1792	2048	10	322	345
768	1792	2048	10	324	352
1024	1792	2048	62	327	364
1280	1792	2048	187	327	373
1536	1792	2048	259	325	385
1792	1792	2048	322	324	368
2048	1792	2048	395	333	384
2304	1792	2048	479	342	400
2560	1792	2048	576	347	407
2816	1792	2048	683	341	406
3072	1792	2048	789	324	393
3328	1792	2048	902	303	374
3584	1792	2048	1000	274	347
3840	1792	2048	1023	282	341
4095	1792	2048	1023	273	328
0	2048	2048	11	404	400
256	2048	2048	11	405	401
512	2048	2048	10	364	361
768	2048	2048	10	369	362
1024	2048	2048	10	376	363
1280	2048	2048	160	380	372
1536	2048	2048	253	389	387
1792	2048	2048	331	397	395
2048	2048	2048	404	404	408
2304	2048	2048	476	402	406
2560	2048	2048	565	400	407
2816	2048	2048	660	390	401
3072	2048	2048	764	373	388
3328	2048	2048	877	352	372
3584	2048	2048	991	326	350
3840	2048	2048	1023	320	342
4095	2048	2048	1023	309	329
0	2304	2048	12	483	426
256	2304	2048	12	484	426
512	2304	2048	12	486	427
768	2304	2048	12	449	397
1024	2304	2048	12	456	397
1280	2304	2048	111	464	400
1536	2304	2048	239	467	404
1792	2304	2048	322	465	406
2048	2304	2048	393	463	407
2304	2304	2048	464	461	404
2560	2304	2048	544	451	406
2816	2304	2048	635	439	405
3072	2304	2048	734	421	396
3328	2304	2048	851	402	370
3584	2304	2048	979	378	352
3840	2304	2048	1023	362	342
4095	2304	2048	1023	347	330
0	2560	2048	12	549	442
256	2560	2048	12	550	442
512	2560	2048	12	551	440
768	2560	2048	12	555	438
1024	2560	2048	12	528	406
1280	2560	2048	12	535	408
1536	2560	2048	202	536	406
1792	2560	2048	297	531	403
2048	2560	2048	369	524	400
2304	2560	2048	436	516	397
2560	2560	2048	514	507	388
2816	2560	2048	601	491	398
3072	2560	2048	701	474	389
3328	2560	2048	824	459	376
3584	2560	2048	964	440	352
3840	2560	2048	1023	413	341
4095	2560	2048	1023	434	370
0	2816	2048	11	603	425
256	2816	2048	11	604	447
512	2816	2048	11	605	444
768	2816	2048	11	608	439
1024	2816	2048	11	613	430
1280	2816	2048	12	590	386
1536	2816	2048	136	594	392
1792	2816	2048	257	590	388
2048	2816	2048	335	582	386
2304	2816	2048	403	574	380
2560	2816	2048	475	564	377
2816	2816	2048	561	551	368
3072	2816	2048	667	538	377
3328	2816	2048	791	525	368
3584	2816	2048	945	514	362
3840	2816	2048	1023	472	337
4095	2816	2048	1023	488	376
0	3072	2048	10	665	430
256	3072	2048	10	666	429
512	3072	2048	11	668	426
768	3072	2048	11	672	420
1024	3072	2048	11	679	424
1280	3072	2048	11	643	383
1536	3072	2048	11	655	374
1792	3072	2048	207	652	368
2048	3072	2048	297	646	366
2304	3072	2048	368	641	366
2560	3072	2048	440	634	363
2816	3072	2048	527	626	362
3072	3072	2048	631	616	357
3328	3072	2048	759	605	362
3584	3072	2048	910	593	358
3840	3072	2048	1023	547	329
4095	3072	2048	1023	557	385
0	3328	2048	10	749	439
256	3328	2048	10	750	438
512	3328	2048	10	753	435
768	3328	2048	10	758	428
1024	3328	2048	10	767	418
1280	3328	2048	10	778	409
1536	3328	2048	10	733	367
1792	3328	2048	147	742	356
2048	3328	2048	261	736	356
2304	3328	2048	338	731	355
2560	3328	2048	408	725	354
2816	3328	2048	494	717	354
3072	3328	2048	596	709	352
3328	3328	2048	720	698	346
3584	3328	2048	854	675	352
3840	3328	2048	1001	644	346
4095	3328	2048	1023	638	395
0	3584	2048	9	837	447
256	3584	2048	9	837	445
512	3584	2048	9	839	440
768	3584	2048	9	843	431
1024	3584	2048	9	849	416
1280	3584	2048	9	857	395
1536	3584	2048	10	822	364
1792	3584	2048	9	835	349
2048	3584	2048	214	833	345
2304	3584	2048	303	829	345
2560	3584	2048	374	822	344
2816	3584	2048	453	813	340
3072	3584	2048	549	801	337
3328	3584	2048	660	784	333
3584	3584	2048	791	763	326
3840	3584	2048	961	751	334
4095	3584	2048	1023	732	407
0	3840	2048	8	931	435
256	3840	2048	8	933	434
512	3840	2048	8	936	430
768	3840	2048	8	944	426
1024	3840	2048	9	955	416
1280	3840	2048	8	969	401
1536	3840	2048	8	988	379
1792	3840	2048	9	924	339
2048	3840	2048	152	937	324
2304	3840	2048	260	929	324
2560	3840	2048	332	923	323
2816	3840	2048	410	916	323
3072	3840	2048	501	909	323
3328	3840	2048	615	902	324
3584	3840	2048	751	894	324
3840	3840	2048	922	885	324
4095	3840	2048	993	782	301
0	4095	2048	8	1021	440
256	4095	2048	8	1022	439
512	4095	2048	13	1023	434
768	4095	2048	8	1021	427
1024	4095	2048	8	1021	415
1280	4095	2048	8	1021	397
1536	4095	2048	8	1022	376
1792	4095	2048	8	1022	348
2048	4095	2048	9	1021	317
2304	4095	2048	191	986	302
2560	4095	2048	364	1023	363
2816	4095	2048	429	1023	359
3072	4095	2048	510	1023	357
3328	4095	2048	613	1023	356
3584	4095	2048	735	1023	353
3840	4095	2048	887	1023	349
4095	4095	2048	955	919	299
0	0	2304	15	52	487
256	0	2304	15	37	496
512	0	2304	112	14	490
768	0	2304	183	13	471
1024	0	2304	236	13	447
1280	0	2304	277	12	423
1536	0	2304	312	11	407
1792	0	2304	351	11	402
2048	0	2304	397	11	400
2304	0	2304	444	10	395
2560	0	2304	502	10	394
2816	0	2304	607	11	418
3072	0	2304	745	12	443
3328	0	2304	864	12	442
3584	0	2304	961	11	423
3840	0	2304	1015	9	385
4095	0	2304	1023	14	358
0	256	2304	15	80	484
256	256	2304	15	72	468
512	256	2304	26	14	526
768	256	2304	167	14	494
1024	256	2304	231	13	457
1280	256	2304	276	12	430
1536	256	2304	313	11	413
1792	256	2304	354	11	407
2048	256	2304	399	11	403
2304	256	2304	446	10	397
2560	256	2304	506	10	396
2816	256	2304	615	11	420
3072	256	2304	753	12	444
3328	256	2304	869	12	442
3584	256	2304	965	11	424
3840	256	2304	1017	9	382
4095	256	2304	1023	8	363
0	512	2304	13	133	451
256	512	2304	13	130	432
512	512	2304	14	116	506
768	512	2304	135	95	493
1024	512	2304	213	78	467
1280	512	2304	268	57	443
1536	512	2304	315	25	438
1792	512	2304	361	11	425
2048	512	2304	407	11	416
2304	512	2304	456	10	406
2560	512	2304	520	10	403
2816	512	2304	642	11	426
3072	512	2304	779	12	449
3328	512	2304	888	12	445
3584	512	2304	981	11	425
3840	512	2304	1023	15	375
4095	512	2304	1023	58	356
0	768	2304	12	176	416
256	768	2304	12	175	391
512	768	2304	12	170	429
768	768	2304	106	157	464
1024	768	2304	191	146	445
1280	768	2304	252	135	434
1536	768	2304	306	125	430
1792	768	2304	358	113	425
2048	768	2304	409	95	423
2304	768	2304	465	70	414
2560	768	2304	555	28	421
2816	768	2304	691	12	449
3072	768	2304	819	12	456
3328	768	2304	919	12	439
3584	768	2304	995	10	407
3840	768	2304	1023	102	376
4095	768	2304	1023	112	357
0	1024	2304	11	208	381
256	1024	2304	11	208	387
512	1024	2304	11	205	399
768	1024	2304	55	199	437
1024	1024	2304	171	196	433
1280	1024	2304	239	190	429
1536	1024	2304	297	184	426
1792	1024	2304	347	176	419
2048	1024	2304	398	166	415
2304	1024	2304	460	156	415
2560	1024	2304	554	149	423
2816	1024	2304	710	145	460
3072	1024	2304	838	122	456
3328	1024	2304	949	81	435
3584	1024	2304	1014	9	389
3840	1024	2304	1023	154	377
4095	1024	2304	1023	156	358
0	1280	2304	11	248	371
256	1280	2304	11	248	375
512	1280	2304	11	248	384
768	1280	2304	11	246	418
1024	1280	2304	149	244	427
1280	1280	2304	223	238	423
1536	1280	2304	283	232	417
1792	1280	2304	336	226	414
2048	1280	2304	391	220	414
2304	1280	2304	458	216	420
2560	1280	2304	569	221	452
2816	1280	2304	703	222	461
3072	1280	2304	823	206	454
3328	1280	2304	936	183	431
3584	1280	2304	1011	151	390
3840	1280	2304	1023	198	378
4095	1280	2304	1023	195	359
0	1536	2304	10	285	369
256	1536	2304	10	285	364
512	1536	2304	10	286	376
768	1536	2304	10	287	398
1024	1536	2304	110	284	412
1280	1536	2304	203	280	413
1536	1536	2304	268	277	412
1792	1536	2304	327	274	414
2048	1536	2304	386	272	417
2304	1536	2304	467	278	436
2560	1536	2304	577	287	456
2816	1536	2304	695	285	462
3072	1536	2304	805	270	446
3328	1536	2304	919	249	426
3584	1536	2304	1006	217	394
3840	1536	2304	1023	240	380
4095	1536	2304	1023	234	361
0	1792	2304	10	320	371
256	1792	2304	10	321	373
512	1792	2304	10	322	378
768	1792	2304	10	324	391
1024	1792	2304	23	326	413
1280	1792	2304	180	326	424
1536	1792	2304	254	324	437
1792	1792	2304	321	326	420
2048	1792	2304	393	335	437
2304	1792	2304	477	343	452
2560	1792	2304	573	346	460
2816	1792	2304	679	340	457
3072	1792	2304	785	323	443
3328	1792	2304	897	302	423
3584	1792	2304	999	274	393
3840	1792	2304	1023	281	381
4095	1792	2304	1023	273	363
0	2048	2304	11	404	411
256	2048	2304	10	362	382
512	2048	2304	10	364	386
768	2048	2304	10	368	407
1024	2048	2304	10	374	410
1280	2048	2304	151	383	454
1536	2048	2304	248	390	457
1792	2048	2304	328	398	458
2048	2048	2304	401	404	455
2304	2048	2304	474	403	459
2560	2048	2304	562	400	459
2816	2048	2304	657	390	453
3072	2048	2304	760	372	437
3328	2048	2304	873	351	420
3584	2048	2304	989	326	397
3840	2048	2304	1023	320	382
4095	2048	2304	1023	309	365
0	2304	2304	12	484	467
256	2304	2304	12	485	468
512	2304	2304	12	487	470
768	2304	2304	12	451	439
1024	2304	2304	12	457	444
1280	2304	2304	90	465	451
1536	2304	2304	233	466	456
1792	2304	2304	318	464	458
2048	2304	2304	389	462	459
2304	2304	2304	460	460	449
2560	2304	2304	540	450	453
2816	2304	2304	630	438	445
3072	2304	2304	731	420	431
3328	2304	2304	846	401	417
3584	2304	2304	977	379	400
3840	2304	2304	1023	362	383
4095	2304	2304	1023	386	402
0	2560	2304	12	549	477
256	2560	2304	12	549	478
512	2560	2304	12	551	479
768	2560	2304	12	554	480
1024	2560	2304	12	527	457
1280	2560	2304	12	534	458
1536	2560	2304	194	535	458
1792	2560	2304	292	529	455
2048	2560	2304	365	523	451
2304	2560	2304	433	515	448
2560	2560	2304	511	507	438
2816	2560	2304	597	490	448
3072	2560	2304	698	473	439
3328	2560	2304	819	458	425
3584	2560	2304	962	440	398
3840	2560	2304	1023	412	382
4095	2560	2304	1023	434	408
0	2816	2304	11	603	480
256	2816	2304	11	603	480
512	2816	2304	11	605	479
768	2816	2304	11	607	477
1024	2816	2304	12	582	435
1280	2816	2304	12	588	429
1536	2816	2304	121	593	443
1792	2816	2304	252	588	440
2048	2816	2304	331	581	436
2304	2816	2304	400	574	431
2560	2816	2304	471	563	426
2816	2816	2304	557	550	415
3072	2816	2304	663	538	427
3328	2816	2304	788	525	417
3584	2816	2304	941	514	410
3840	2816	2304	1023	471	379
4095	2816	2304	1023	489	414
0	3072	2304	11	664	477
256	3072	2304	11	664	477
512	3072	2304	11	667	475
768	3072	2304	10	671	472
1024	3072	2304	11	677	466
1280	3072	2304	11	642	425
1536	3072	2304	11	653	423
1792	3072	2304	200	650	416
2048	3072	2304	293	645	414
2304	3072	2304	364	639	413
2560	3072	2304	438	633	412
2816	3072	2304	524	625	409
3072	3072	2304	627	615	404
3328	3072	2304	756	604	410
3584	3072	2304	906	592	405
3840	3072	2304	1022	547	396
4095	3072	2304	1023	557	422
0	3328	2304	10	748	476
256	3328	2304	10	749	475
512	3328	2304	10	751	473
768	3328	2304	10	757	468
1024	3328	2304	10	765	460
1280	3328	2304	10	776	456
1536	3328	2304	10	731	413
1792	3328	2304	136	741	405
2048	3328	2304	256	736	404
2304	3328	2304	335	730	403
2560	3328	2304	405	725	402
2816	3328	2304	491	717	401
3072	3328	2304	592	709	400
3328	3328	2304	716	698	392
3584	3328	2304	850	675	400
3840	3328	2304	997	644	393
4095	3328	2304	1023	638	431
0	3584	2304	9	835	478
256	3584	2304	9	836	477
512	3584	2304	9	838	473
768	3584	2304	9	842	465
1024	3584	2304	9	848	453
1280	3584	2304	9	856	435
1536	3584	2304	10	821	406
1792	3584	2304	10	834	399
2048	3584	2304	209	832	393
2304	3584	2304	300	827	393
2560	3584	2304	371	821	390
2816	3584	2304	451	813	386
3072	3584	2304	546	801	383
3328	3584	2304	656	784	378
3584	3584	2304	788	763	369
3840	3584	2304	957	750	380
4095	3584	2304	1023	733	442
0	3840	2304	8	930	477
256	3840	2304	8	931	477
512	3840	2304	8	935	474
768	3840	2304	8	942	468
1024	3840	2304	8	953	459
1280	3840	2304	8	968	446
1536	3840	2304	8	986	426
1792	3840	2304	9	921	384
2048	3840	2304	144	935	368
2304	3840	2304	256	928	368
2560	3840	2304	330	922	367
2816	3840	2304	407	916	367
3072	3840	2304	497	909	367
3328	3840	2304	612	901	367
3584	3840	2304	747	893	368
3840	3840	2304	918	883	368
4095	3840	2304	1023	848	465
0	4095	2304	8	1021	481
256	4095	2304	8	1021	480
512	4095	2304	8	1022	476
768	4095	2304	8	1023	467
1024	4095	2304	8	1021	456
1280	4095	2304	11	1023	439
1536	4095	2304	8	1020	419
1792	4095	2304	8	1022	392
2048	4095	2304	8	1022	360
2304	4095	2304	309	1023	412
2560	4095	2304	363	1023	408
2816	4095	2304	425	1023	402
3072	4095	2304	504	1023	399
3328	4095	2304	606	1023	398
3584	4095	2304	728	1023	395
3840	4095	2304	881	1023	393
4095	4095	2304	955	920	338
0	0	2560	14	54	531
256	0	2560	14	42	538
512	0	2560	99	14	529
768	0	2560	174	13	513
1024	0	2560	228	12	487
1280	0	2560	270	12	463
1536	0	2560	308	11	449
1792	0	2560	349	11	446
2048	0	2560	394	11	444
2304	0	2560	441	10	439
2560	0	2560	501	10	439
2816	0	2560	608	11	468
3072	0	2560	745	12	495
3328	0	2560	861	12	493
3584	0	2560	957	11	472
3840	0	2560	1014	9	431
4095	0	2560	1023	8	403
0	256	2560	14	80	514
256	256	2560	14	73	524
512	256	2560	14	29	559
768	256	2560	156	13	537
1024	256	2560	221	12	511
1280	256	2560	268	12	472
1536	256	2560	308	11	457
1792	256	2560	351	11	452
2048	256	2560	396	11	449
2304	256	2560	443	10	442
2560	256	2560	505	10	442
2816	256	2560	615	11	471
3072	256	2560	752	12	498
3328	256	2560	866	12	495
3584	256	2560	962	11	473
3840	256	2560	1016	9	431
4095	256	2560	1023	8	397
0	512	2560	13	131	484
256	512	2560	13	128	494
512	512	2560	13	115	538
768	512	2560	110	86	547
1024	512	2560	198	70	520
1280	512	2560	257	47	495
1536	512	2560	308	11	491
1792	512	2560	356	11	477
2048	512	2560	403	11	466
2304	512	2560	452	10	455
2560	512	2560	518	10	452
2816	512	2560	642	11	482
3072	512	2560	776	12	505
3328	512	2560	884	11	499
3584	512	2560	976	11	476
3840	512	2560	1022	8	433
4095	512	2560	1023	51	396
0	768	2560	12	173	446
256	768	2560	12	171	455
512	768	2560	12	166	462
768	768	2560	74	152	517
1024	768	2560	179	142	499
1280	768	2560	244	132	492
1536	768	2560	301	122	488
1792	768	2560	353	109	482
2048	768	2560	404	91	479
2304	768	2560	462	65	471
2560	768	2560	551	11	480
2816	768	2560	689	12	512
3072	768	2560	814	12	509
3328	768	2560	914	11	482
3584	768	2560	992	10	437
3840	768	2560	1023	97	422
4095	768	2560	1023	109	397
0	1024	2560	11	206	417
256	1024	2560	11	206	422
512	1024	2560	11	203	438
768	1024	2560	11	198	488
1024	1024	2560	161	194	490
1280	1024	2560	233	189	487
1536	1024	2560	291	182	482
1792	1024	2560	343	173	475
2048	1024	2560	395	164	471
2304	1024	2560	457	155	472
2560	1024	2560	555	147	485
2816	1024	2560	706	142	525
3072	1024	2560	834	118	518
3328	1024	2560	944	76	495
3584	1024	2560	1011	9	445
3840	1024	2560	1023	151	424
4095	1024	2560	1023	154	398
0	1280	2560	11	247	409
256	1280	2560	11	247	413
512	1280	2560	11	246	423
768	1280	2560	11	245	463
1024	1280	2560	135	242	484
1280	1280	2560	216	236	479
1536	1280	2560	278	230	473
1792	1280	2560	332	224	470
2048	1280	2560	387	219	470
2304	1280	2560	458	216	482
2560	1280	2560	570	222	515
2816	1280	2560	700	220	527
3072	1280	2560	817	205	517
3328	1280	2560	930	182	491
3584	1280	2560	1009	150	446
3840	1280	2560	1023	196	425
4095	1280	2560	1023	195	399
0	1536	2560	11	285	404
256	1536	2560	10	285	407
512	1536	2560	11	285	413
768	1536	2560	10	285	441
1024	1536	2560	91	283	469
1280	1536	2560	195	279	468
1536	1536	2560	263	276	469
1792	1536	2560	323	273	469
2048	1536	2560	383	272	476
2304	1536	2560	467	279	500
2560	1536	2560	574	286	521
2816	1536	2560	690	284	527
3072	1536	2560	799	268	508
3328	1536	2560	913	247	484
3584	1536	2560	1004	217	450
3840	1536	2560	1023	239	427
4095	1536	2560	1023	234	401
0	1792	2560	10	321	411
256	1792	2560	10	321	413
512	1792	2560	10	322	417
768	1792	2560	10	324	435
1024	1792	2560	10	326	463
1280	1792	2560	171	326	487
1536	1792	2560	249	324	501
1792	1792	2560	320	328	481
2048	1792	2560	393	336	500
2304	1792	2560	475	344	517
2560	1792	2560	569	345	525
2816	1792	2560	673	339	521
3072	1792	2560	779	323	504
3328	1792	2560	892	301	481
3584	1792	2560	997	274	450
3840	1792	2560	1023	280	429
4095	1792	2560	1023	272	404
0	2048	2560	10	362	416
256	2048	2560	10	363	418
512	2048	2560	10	365	424
768	2048	2560	10	369	460
1024	2048	2560	10	376	468
1280	2048	2560	139	385	519
1536	2048	2560	245	393	521
1792	2048	2560	326	401	523
2048	2048	2560	398	403	520
2304	2048	2560	470	402	523
2560	2048	2560	557	399	524
2816	2048	2560	652	389	515
3072	2048	2560	755	372	497
3328	2048	2560	867	350	477
3584	2048	2560	987	326	452
3840	2048	2560	1023	319	430
4095	2048	2560	1023	308	406
0	2304	2560	12	486	508
256	2304	2560	12	486	509
512	2304	2560	12	448	459
768	2304	2560	12	453	489
1024	2304	2560	12	459	500
1280	2304	2560	52	466	525
1536	2304	2560	225	466	522
1792	2304	2560	313	463	519
2048	2304	2560	386	462	515
2304	2304	2560	456	459	524
2560	2304	2560	535	449	517
2816	2304	2560	626	437	506
3072	2304	2560	726	419	489
3328	2304	2560	841	400	474
3584	2304	2560	975	379	456
3840	2304	2560	1023	361	432
4095	2304	2560	1023	386	443
0	2560	2560	12	549	517
256	2560	2560	12	550	518
512	2560	2560	12	551	521
768	2560	2560	12	523	498
1024	2560	2560	12	528	507
1280	2560	2560	12	534	518
1536	2560	2560	183	534	521
1792	2560	2560	285	528	518
2048	2560	2560	361	522	512
2304	2560	2560	429	514	510
2560	2560	2560	505	505	484
2816	2560	2560	592	489	493
3072	2560	2560	692	472	480
3328	2560	2560	815	457	470
3584	2560	2560	960	441	459
3840	2560	2560	1023	411	432
4095	2560	2560	1023	434	450
0	2816	2560	11	602	515
256	2816	2560	11	602	515
512	2816	2560	11	604	517
768	2816	2560	11	606	519
1024	2816	2560	12	582	501
1280	2816	2560	12	587	505
1536	2816	2560	101	592	505
1792	2816	2560	245	586	500
2048	2816	2560	327	579	495
2304	2816	2560	396	571	488
2560	2816	2560	467	561	483
2816	2816	2560	553	549	472
3072	2816	2560	658	537	484
3328	2816	2560	783	525	474
3584	2816	2560	936	513	466
3840	2816	2560	1023	470	430
4095	2816	2560	1023	489	458
0	3072	2560	11	663	517
256	3072	2560	11	663	517
512	3072	2560	10	665	517
768	3072	2560	10	669	516
1024	3072	2560	11	675	515
1280	3072	2560	11	640	471
1536	3072	2560	11	651	479
1792	3072	2560	193	649	474
2048	3072	2560	288	644	472
2304	3072	2560	361	639	471
2560	3072	2560	434	633	468
2816	3072	2560	519	624	466
3072	3072	2560	622	614	461
3328	3072	2560	751	604	467
3584	3072	2560	899	592	462
3840	3072	2560	1020	547	450
4095	3072	2560	1023	558	465
0	3328	2560	10	747	525
256	3328	2560	10	748	525
512	3328	2560	10	751	524
768	3328	2560	10	756	521
1024	3328	2560	10	764	517
1280	3328	2560	10	715	476
1536	3328	2560	10	728	465
1792	3328	2560	122	739	460
2048	3328	2560	250	735	459
2304	3328	2560	331	729	459
2560	3328	2560	402	724	458
2816	3328	2560	487	716	457
3072	3328	2560	589	708	455
3328	3328	2560	712	697	447
3584	3328	2560	846	674	456
3840	3328	2560	993	643	447
4095	3328	2560	1023	638	474
0	3584	2560	9	835	510
256	3584	2560	9	835	510
512	3584	2560	9	837	507
768	3584	2560	9	841	502
1024	3584	2560	9	846	493
1280	3584	2560	9	853	515
1536	3584	2560	10	820	453
1792	3584	2560	9	832	456
2048	3584	2560	203	831	449
2304	3584	2560	296	827	448
2560	3584	2560	368	820	445
2816	3584	2560	447	811	441
3072	3584	2560	542	799	437
3328	3584	2560	652	784	432
3584	3584	2560	783	762	422
3840	3584	2560	952	749	433
4095	3584	2560	1023	734	483
0	3840	2560	8	929	523
256	3840	2560	8	930	523
512	3840	2560	8	934	520
768	3840	2560	8	941	516
1024	3840	2560	8	952	508
1280	3840	2560	8	965	496
1536	3840	2560	8	984	483
1792	3840	2560	8	919	436
2048	3840	2560	134	934	421
2304	3840	2560	252	927	420
2560	3840	2560	327	921	420
2816	3840	2560	404	914	420
3072	3840	2560	493	908	420
3328	3840	2560	608	900	420
3584	3840	2560	743	892	420
3840	3840	2560	913	883	420
4095	3840	2560	1023	850	501
0	4095	2560	13	1023	526
256	4095	2560	8	1021	526
512	4095	2560	8	1022	522
768	4095	2560	8	1022	515
1024	4095	2560	8	1020	502
1280	4095	2560	8	1022	488
1536	4095	2560	8	1022	468
1792	4095	2560	17	1023	441
2048	4095	2560	8	1022	412
2304	4095	2560	306	1023	460
2560	4095	2560	360	1023	457
2816	4095	2560	424	1023	454
3072	4095	2560	500	1023	449
3328	4095	2560	600	1023	447
3584	4095	2560	722	1023	445
3840	4095	2560	873	1023	441
4095	4095	2560	1023	982	541
0	0	2816	14	57	566
256	0	2816	14	47	574
512	0	2816	83	13	574
768	0	2816	165	13	558
1024	0	2816	218	12	531
1280	0	2816	262	11	509
1536	0	2816	302	11	498
1792	0	2816	346	11	497
2048	0	2816	391	11	494
2304	0	2816	438	10	490
2560	0	2816	500	10	492
2816	0	2816	609	11	526
3072	0	2816	745	12	557
3328	0	2816	858	12	552
3584	0	2816	954	11	529
3840	0	2816	1012	9	483
4095	0	2816	1023	16	443
0	256	2816	14	80	550
256	256	2816	13	74	560
512	256	2816	13	38	596
768	256	2816	144	13	581
1024	256	2816	210	12	554
1280	256	2816	259	11	521
1536	256	2816	302	11	510
1792	256	2816	348	11	506
2048	256	2816	392	11	501
2304	256	2816	440	10	495
2560	256	2816	503	10	496
2816	256	2816	616	11	531
3072	256	2816	752	12	560
3328	256	2816	863	12	554
3584	256	2816	959	11	530
3840	256	2816	1014	9	484
4095	256	2816	1023	8	446
0	512	2816	13	128	520
256	512	2816	13	126	531
512	512	2816	13	113	573
768	512	2816	69	76	601
1024	512	2816	181	59	578
1280	512	2816	245	37	571
1536	512	2816	301	11	555
1792	512	2816	351	11	539
2048	512	2816	398	11	525
2304	512	2816	448	10	513
2560	512	2816	516	10	511
2816	512	2816	642	11	548
3072	512	2816	774	12	571
3328	512	2816	879	12	560
3584	512	2816	973	11	534
3840	512	2816	1021	8	486
4095	512	2816	1023	47	441
0	768	2816	12	169	482
256	768	2816	12	168	492
512	768	2816	12	162	502
768	768	2816	11	145	575
1024	768	2816	165	136	566
1280	768	2816	236	129	561
1536	768	2816	295	119	557
1792	768	2816	347	105	549
2048	768	2816	398	86	545
2304	768	2816	458	58	540
2560	768	2816	542	10	546
2816	768	2816	687	12	592
3072	768	2816	810	12	576
3328	768	2816	907	11	547
3584	768	2816	990	10	497
3840	768	2816	1023	93	476
4095	768	2816	1023	108	442
0	1024	2816	11	205	459
256	1024	2816	11	205	466
512	1024	2816	11	202	484
768	1024	2816	11	196	555
1024	1024	2816	147	191	561
1280	1024	2816	224	186	556
1536	1024	2816	285	179	550
1792	1024	2816	337	171	542
2048	1024	2816	390	162	539
2304	1024	2816	453	153	542
2560	1024	2816	557	146	564
2816	1024	2816	702	140	601
3072	1024	2816	827	114	592
3328	1024	2816	938	69	565
3584	1024	2816	1009	9	511
3840	1024	2816	1023	149	477
4095	1024	2816	1023	153	443
0	1280	2816	11	247	451
256	1280	2816	11	247	456
512	1280	2816	11	246	477
768	1280	2816	11	244	513
1024	1280	2816	117	239	552
1280	1280	2816	207	233	545
1536	1280	2816	271	228	541
1792	1280	2816	327	223	538
2048	1280	2816	383	218	540
2304	1280	2816	456	216	558
2560	1280	2816	569	222	594
2816	1280	2816	694	219	602
3072	1280	2816	812	203	591
3328	1280	2816	925	180	563
3584	1280	2816	1007	148	512
3840	1280	2816	1023	195	479
4095	1280	2816	1023	193	445
0	1536	2816	10	284	445
256	1536	2816	10	284	449
512	1536	2816	10	284	464
768	1536	2816	10	283	491
1024	1536	2816	59	281	538
1280	1536	2816	185	277	538
1536	1536	2816	257	275	538
1792	1536	2816	319	272	540
2048	1536	2816	383	274	551
2304	1536	2816	468	281	579
2560	1536	2816	573	286	598
2816	1536	2816	685	284	601
3072	1536	2816	793	267	581
3328	1536	2816	908	245	554
3584	1536	2816	1001	216	517
3840	1536	2816	1023	238	481
4095	1536	2816	1023	233	448
0	1792	2816	10	322	446
256	1792	2816	10	322	450
512	1792	2816	10	323	460
768	1792	2816	10	324	489
1024	1792	2816	10	326	525
1280	1792	2816	161	325	566
1536	1792	2816	244	324	580
1792	1792	2816	320	332	560
2048	1792	2816	393	339	579
2304	1792	2816	474	345	596
2560	1792	2816	566	345	601
2816	1792	2816	667	337	595
3072	1792	2816	773	321	576
3328	1792	2816	885	300	551
3584	1792	2816	994	274	516
3840	1792	2816	1023	279	483
4095	1792	2816	1023	271	450
0	2048	2816	10	366	456
256	2048	2816	10	366	457
512	2048	2816	11	368	464
768	2048	2816	11	373	523
1024	2048	2816	11	380	538
1280	2048	2816	124	389	594
1536	2048	2816	240	397	597
1792	2048	2816	324	403	599
2048	2048	2816	394	403	595
2304	2048	2816	466	402	599
2560	2048	2816	553	398	599
2816	2048	2816	646	387	588
3072	2048	2816	748	370	570
3328	2048	2816	860	349	547
3584	2048	2816	983	326	520
3840	2048	2816	1023	318	486
4095	2048	2816	1023	308	453
0	2304	2816	12	487	564
256	2304	2816	12	487	566
512	2304	2816	12	451	519
768	2304	2816	12	455	544
1024	2304	2816	12	460	563
1280	2304	2816	12	466	592
1536	2304	2816	217	465	595
1792	2304	2816	308	463	592
2048	2304	2816	382	462	589
2304	2304	2816	450	456	598
2560	2304	2816	530	448	590
2816	2304	2816	620	436	579
3072	2304	2816	719	418	561
3328	2304	2816	836	400	544
3584	2304	2816	971	379	524
3840	2304	2816	1023	359	488
4095	2304	2816	1023	386	490
0	2560	2816	12	549	580
256	2560	2816	12	549	582
512	2560	2816	12	551	587
768	2560	2816	12	523	553
1024	2560	2816	12	527	562
1280	2560	2816	12	532	584
1536	2560	2816	170	531	577
1792	2560	2816	278	525	573
2048	2560	2816	355	519	568
2304	2560	2816	424	513	562
2560	2560	2816	500	503	577
2816	2560	2816	587	488	565
3072	2560	2816	687	471	551
3328	2560	2816	810	457	539
3584	2560	2816	957	442	528
3840	2560	2816	1023	410	490
4095	2560	2816	1023	434	498
0	2816	2816	11	601	554
256	2816	2816	11	601	555
512	2816	2816	11	602	559
768	2816	2816	11	605	566
1024	2816	2816	12	581	550
1280	2816	2816	12	585	563
1536	2816	2816	69	590	577
1792	2816	2816	237	585	573
2048	2816	2816	321	577	567
2304	2816	2816	390	569	559
2560	2816	2816	463	560	554
2816	2816	2816	547	547	535
3072	2816	2816	653	536	540
3328	2816	2816	779	524	533
3584	2816	2816	931	511	527
3840	2816	2816	1023	469	489
4095	2816	2816	1023	490	507
0	3072	2816	11	662	561
256	3072	2816	11	662	562
512	3072	2816	10	664	564
768	3072	2816	10	668	566
1024	3072	2816	10	674	570
1280	3072	2816	11	637	541
1536	3072	2816	11	647	545
1792	3072	2816	183	648	543
2048	3072	2816	283	642	541
2304	3072	2816	357	637	540
2560	3072	2816	430	630	537
2816	3072	2816	515	623	534
3072	3072	2816	618	613	529
3328	3072	2816	744	603	534
3584	3072	2816	893	590	530
3840	3072	2816	1016	548	516
4095	3072	2816	1023	559	517
0	3328	2816	10	748	575
256	3328	2816	10	748	575
512	3328	2816	10	751	575
768	3328	2816	10	756	575
1024	3328	2816	10	763	575
1280	3328	2816	10	714	529
1536	3328	2816	10	726	526
1792	3328	2816	104	738	528
2048	3328	2816	244	734	527
2304	3328	2816	327	728	527
2560	3328	2816	399	722	527
2816	3328	2816	483	715	524
3072	3328	2816	584	708	524
3328	3328	2816	708	697	512
3584	3328	2816	840	672	524
3840	3328	2816	988	643	513
4095	3328	2816	1023	639	526
0	3584	2816	9	835	586
256	3584	2816	9	835	586
512	3584	2816	9	837	585
768	3584	2816	9	841	583
1024	3584	2816	9	846	579
1280	3584	2816	9	853	572
1536	3584	2816	10	818	505
1792	3584	2816	9	829	523
2048	3584	2816	195	830	516
2304	3584	2816	291	825	513
2560	3584	2816	365	819	511
2816	3584	2816	442	810	509
3072	3584	2816	537	799	501
3328	3584	2816	648	782	494
3584	3584	2816	777	761	483
3840	3584	2816	946	749	495
4095	3584	2816	1023	736	537
0	3840	2816	8	929	574
256	3840	2816	8	930	573
512	3840	2816	8	934	572
768	3840	2816	8	940	569
1024	3840	2816	8	950	563
1280	3840	2816	8	964	559
1536	3840	2816	8	982	548
1792	3840	2816	8	915	495
2048	3840	2816	121	933	482
2304	3840	2816	247	926	481
2560	3840	2816	324	920	480
2816	3840	2816	400	914	480
3072	3840	2816	489	907	481
3328	3840	2816	603	900	481
3584	3840	2816	739	891	481
3840	3840	2816	907	882	481
4095	3840	2816	1023	851	548
0	4095	2816	15	1023	577
256	4095	2816	8	1021	576
512	4095	2816	8	1022	573
768	4095	2816	8	1022	566
1024	4095	2816	8	1023	556
1280	4095	2816	8	1023	543
1536	4095	2816	8	1023	524
1792	4095	2816	8	1020	498
2048	4095	2816	8	1022	471
2304	4095	2816	306	1023	520
2560	4095	2816	356	1023	515
2816	4095	2816	420	1023	512
3072	4095	2816	497	1023	510
3328	4095	2816	594	1023	505
3584	4095	2816	716	1023	503
3840	4095	2816	867	1023	499
4095	4095	2816	1023	990	576
0	0	3072	12	61	651
256	0	3072	13	50	615
512	0	3072	64	13	624
768	0	3072	152	12	608
1024	0	3072	208	11	589
1280	0	3072	253	11	560
1536	0	3072	299	11	558
1792	0	3072	343	11	557
2048	0	3072	387	11	554
2304	0	3072	434	10	550
2560	0	3072	499	10	555
2816	0	3072	611	11	596
3072	0	3072	745	12	627
3328	0	3072	854	12	620
3584	0	3072	950	11	595
3840	0	3072	1012	9	545
4095	0	3072	1023	8	496
0	256	3072	12	83	650
256	256	3072	13	74	597
512	256	3072	13	44	635
768	256	3072	129	12	625
1024	256	3072	198	11	601
1280	256	3072	250	11	579
1536	256	3072	298	11	573
1792	256	3072	344	11	568
2048	256	3072	388	10	562
2304	256	3072	436	10	556
2560	256	3072	502	10	562
2816	256	3072	618	11	603
3072	256	3072	751	12	632
3328	256	3072	857	12	623
3584	256	3072	955	11	596
3840	256	3072	1013	9	546
4095	256	3072	1023	8	495
0	512	3072	11	129	621
256	512	3072	12	122	566
512	512	3072	12	110	605
768	512	3072	11	68	656
1024	512	3072	163	48	651
1280	512	3072	234	22	649
1536	512	3072	295	11	627
1792	512	3072	345	11	608
2048	512	3072	392	10	591
2304	512	3072	444	10	581
2560	512	3072	516	10	585
2816	512	3072	643	11	627
3072	512	3072	770	12	646
3328	512	3072	872	12	632
3584	512	3072	969	11	602
3840	512	3072	1020	9	549
4095	512	3072	1023	37	492
0	768	3072	11	166	526
256	768	3072	11	164	535
512	768	3072	11	158	565
768	768	3072	11	142	642
1024	768	3072	149	132	647
1280	768	3072	226	124	643
1536	768	3072	288	114	635
1792	768	3072	339	100	626
2048	768	3072	391	80	624
2304	768	3072	454	50	622
2560	768	3072	543	11	633
2816	768	3072	685	12	678
3072	768	3072	802	12	658
3328	768	3072	899	11	623
3584	768	3072	987	10	569
3840	768	3072	1023	88	541
4095	768	3072	1023	104	493
0	1024	3072	11	205	510
256	1024	3072	11	204	518
512	1024	3072	11	202	545
768	1024	3072	11	195	609
1024	1024	3072	128	188	641
1280	1024	3072	213	182	634
1536	1024	3072	276	175	627
1792	1024	3072	331	168	621
2048	1024	3072	385	160	621
2304	1024	3072	452	151	635
2560	1024	3072	561	146	661
2816	1024	3072	696	136	694
3072	1024	3072	818	109	679
3328	1024	3072	930	62	650
3584	1024	3072	1006	9	591
3840	1024	3072	1023	146	543
4095	1024	3072	1023	151	495
0	1280	3072	11	247	499
256	1280	3072	11	246	506
512	1280	3072	11	245	530
768	1280	3072	11	242	569
1024	1280	3072	92	235	630
1280	1280	3072	196	230	624
1536	1280	3072	264	226	621
1792	1280	3072	323	222	621
2048	1280	3072	381	218	626
2304	1280	3072	460	218	654
2560	1280	3072	570	222	687
2816	1280	3072	689	217	696
3072	1280	3072	803	201	679
3328	1280	3072	916	178	646
3584	1280	3072	1004	147	592
3840	1280	3072	1023	192	545
4095	1280	3072	1023	192	498
0	1536	3072	10	283	493
256	1536	3072	10	283	498
512	1536	3072	10	283	516
768	1536	3072	10	281	550
1024	1536	3072	10	278	615
1280	1536	3072	175	277	620
1536	1536	3072	252	274	620
1792	1536	3072	315	273	624
2048	1536	3072	385	278	649
2304	1536	3072	469	283	677
2560	1536	3072	570	287	692
2816	1536	3072	680	282	690
3072	1536	3072	787	265	668
3328	1536	3072	899	244	641
3584	1536	3072	998	216	599
3840	1536	3072	1023	236	548
4095	1536	3072	1023	232	501
0	1792	3072	10	322	502
256	1792	3072	10	323	505
512	1792	3072	10	323	517
768	1792	3072	10	324	557
1024	1792	3072	10	326	599
1280	1792	3072	148	325	663
1536	1792	3072	243	330	636
1792	1792	3072	321	338	658
2048	1792	3072	395	344	677
2304	1792	3072	471	346	689
2560	1792	3072	562	344	693
2816	1792	3072	660	336	684
3072	1792	3072	765	319	662
3328	1792	3072	876	299	633
3584	1792	3072	990	274	597
3840	1792	3072	1023	278	552
4095	1792	3072	1023	271	505
0	2048	3072	11	371	509
256	2048	3072	11	371	512
512	2048	3072	11	374	542
768	2048	3072	11	378	595
1024	2048	3072	11	386	620
1280	2048	3072	103	394	686
1536	2048	3072	234	401	690
1792	2048	3072	319	405	693
2048	2048	3072	391	404	688
2304	2048	3072	462	402	691
2560	2048	3072	546	397	690
2816	2048	3072	640	386	678
3072	2048	3072	740	368	655
3328	2048	3072	853	348	629
3584	2048	3072	980	327	601
3840	2048	3072	1023	316	555
4095	2048	3072	1023	307	508
0	2304	3072	12	450	541
256	2304	3072	12	450	542
512	2304	3072	12	453	546
768	2304	3072	12	456	604
1024	2304	3072	12	460	632
1280	2304	3072	12	465	676
1536	2304	3072	206	464	685
1792	2304	3072	301	463	681
2048	2304	3072	377	461	677
2304	2304	3072	444	454	687
2560	2304	3072	523	446	678
2816	2304	3072	612	434	666
3072	2304	3072	712	416	644
3328	2304	3072	829	399	627
3584	2304	3072	967	380	605
3840	2304	3072	1023	358	559
4095	2304	3072	1023	386	547
0	2560	3072	12	547	635
256	2560	3072	12	547	638
512	2560	3072	12	548	646
768	2560	3072	12	522	613
1024	2560	3072	12	525	623
1280	2560	3072	12	528	658
1536	2560	3072	155	529	663
1792	2560	3072	270	523	657
2048	2560	3072	349	517	651
2304	2560	3072	419	510	646
2560	2560	3072	494	501	664
2816	2560	3072	580	486	649
3072	2560	3072	681	469	633
3328	2560	3072	803	455	621
3584	2560	3072	951	442	610
3840	2560	3072	1023	408	562
4095	2560	3072	1023	434	555
0	2816	3072	11	599	634
256	2816	3072	11	599	636
512	2816	3072	11	600	642
768	2816	3072	11	602	654
1024	2816	3072	12	578	604
1280	2816	3072	11	582	628
1536	2816	3072	11	587	628
1792	2816	3072	227	581	626
2048	2816	3072	315	575	624
2304	2816	3072	385	566	624
2560	2816	3072	457	557	620
2816	2816	3072	541	545	630
3072	2816	3072	647	534	622
3328	2816	3072	772	523	614
3584	2816	3072	923	511	608
3840	2816	3072	1023	468	563
4095	2816	3072	1023	490	565
0	3072	3072	11	661	612
256	3072	3072	10	662	613
512	3072	3072	10	664	616
768	3072	3072	10	667	623
1024	3072	3072	11	628	620
1280	3072	3072	11	634	604
1536	3072	3072	11	644	618
1792	3072	3072	171	646	625
2048	3072	3072	277	640	622
2304	3072	3072	352	636	622
2560	3072	3072	425	629	617
2816	3072	3072	510	621	615
3072	3072	3072	611	611	604
3328	3072	3072	739	602	607
3584	3072	3072	886	589	600
3840	3072	3072	1012	549	566
4095	3072	3072	1023	560	576
0	3328	3072	10	748	629
256	3328	3072	10	748	630
512	3328	3072	10	751	632
768	3328	3072	10	755	635
1024	3328	3072	10	762	639
1280	3328	3072	10	713	600
1536	3328	3072	10	724	605
1792	3328	3072	76	736	609
2048	3328	3072	238	732	607
2304	3328	3072	322	727	606
2560	3328	3072	395	720	606
2816	3328	3072	478	714	603
3072	3328	3072	579	706	602
3328	3328	3072	702	697	590
3584	3328	3072	834	671	602
3840	3328	3072	983	643	591
4095	3328	3072	1023	641	588
0	3584	3072	9	834	632
256	3584	3072	9	835	632
512	3584	3072	9	837	633
768	3584	3072	9	840	634
1024	3584	3072	9	845	635
1280	3584	3072	9	851	635
1536	3584	3072	10	817	566
1792	3584	3072	9	828	600
2048	3584	3072	187	829	595
2304	3584	3072	286	823	592
2560	3584	3072	360	817	589
2816	3584	3072	439	809	587
3072	3584	3072	532	797	577
3328	3584	3072	642	780	571
3584	3584	3072	770	758	558
3840	3584	3072	940	748	572
4095	3584	3072	1023	737	598
0	3840	3072	8	929	633
256	3840	3072	8	930	633
512	3840	3072	8	933	632
768	3840	3072	8	940	632
1024	3840	3072	8	949	630
1280	3840	3072	8	962	627
1536	3840	3072	8	891	576
1792	3840	3072	8	912	567
2048	3840	3072	103	930	558
2304	3840	3072	241	924	555
2560	3840	3072	320	919	556
2816	3840	3072	396	913	556
3072	3840	3072	485	906	556
3328	3840	3072	598	898	556
3584	3840	3072	733	890	557
3840	3840	3072	900	881	557
4095	3840	3072	1023	854	607
0	4095	3072	8	1021	635
256	4095	3072	8	1022	634
512	4095	3072	8	1022	632
768	4095	3072	8	1022	626
1024	4095	3072	8	1022	618
1280	4095	3072	8	1021	606
1536	4095	3072	8	1021	589
1792	4095	3072	8	1021	567
2048	4095	3072	246	1023	588
2304	4095	3072	303	1023	586
2560	4095	3072	356	1023	585
2816	4095	3072	417	1023	581
3072	4095	3072	493	1023	579
3328	4095	3072	591	1023	577
3584	4095	3072	710	1023	574
3840	4095	3072	860	1023	571
4095	4095	3072	1023	997	625
0	0	3328	11	62	704
256	0	3328	11	54	716
512	0	3328	40	12	674
768	0	3328	139	11	654
1024	0	3328	195	11	639
1280	0	3328	248	11	628
1536	0	3328	295	11	627
1792	0	3328	340	11	622
2048	0	3328	382	10	617
2304	0	3328	431	10	618
2560	0	3328	501	10	633
2816	0	3328	615	11	678
3072	0	3328	743	12	709
3328	0	3328	847	12	699
3584	0	3328	946	11	671
3840	0	3328	1010	9	618
4095	0	3328	1023	16	557
0	256	3328	11	82	702
256	256	3328	11	76	714
512	256	3328	12	47	679
768	256	3328	114	11	678
1024	256	3328	186	11	660
1280	256	3328	244	11	651
1536	256	3328	294	11	644
1792	256	3328	340	11	638
2048	256	3328	383	10	630
2304	256	3328	433	10	628
2560	256	3328	505	10	642
2816	256	3328	621	11	688
3072	256	3328	747	12	714
3328	256	3328	851	12	702
3584	256	3328	950	11	674
3840	256	3328	1012	9	619
4095	256	3328	1022	8	570
0	512	3328	11	127	685
256	512	3328	11	124	697
512	512	3328	11	106	643
768	512	3328	11	71	722
1024	512	3328	142	36	750
1280	512	3328	224	11	737
1536	512	3328	288	11	714
1792	512	3328	337	10	686
2048	512	3328	385	10	670
2304	512	3328	440	10	662
2560	512	3328	521	11	678
2816	512	3328	643	12	719
3072	512	3328	763	12	733
3328	512	3328	865	12	714
3584	512	3328	964	11	683
3840	512	3328	1019	8	623
4095	512	3328	1023	32	555
0	768	3328	11	173	666
256	768	3328	11	172	678
512	768	3328	11	155	623
768	768	3328	11	142	700
1024	768	3328	128	127	742
1280	768	3328	214	119	735
1536	768	3328	277	108	727
1792	768	3328	331	93	725
2048	768	3328	385	73	721
2304	768	3328	452	40	723
2560	768	3328	552	11	750
2816	768	3328	680	12	769
3072	768	3328	791	12	750
3328	768	3328	890	11	713
3584	768	3328	984	10	654
3840	768	3328	1023	80	617
4095	768	3328	1023	102	557
0	1024	3328	11	217	643
256	1024	3328	11	204	577
512	1024	3328	11	201	607
768	1024	3328	11	194	673
1024	1024	3328	102	184	733
1280	1024	3328	200	178	725
1536	1024	3328	267	172	720
1792	1024	3328	324	165	721
2048	1024	3328	382	158	724
2304	1024	3328	456	151	753
2560	1024	3328	568	147	780
2816	1024	3328	691	132	805
3072	1024	3328	808	103	790
3328	1024	3328	921	52	750
3584	1024	3328	1002	9	687
3840	1024	3328	1023	143	619
4095	1024	3328	1023	150	559
0	1280	3328	11	246	555
256	1280	3328	11	245	562
512	1280	3328	10	244	589
768	1280	3328	10	239	634
1024	1280	3328	50	231	722
1280	1280	3328	183	228	719
1536	1280	3328	256	224	720
1792	1280	3328	318	221	722
2048	1280	3328	381	219	740
2304	1280	3328	464	221	776
2560	1280	3328	571	222	800
2816	1280	3328	684	216	802
3072	1280	3328	793	198	783
3328	1280	3328	906	174	746
3584	1280	3328	1001	145	688
3840	1280	3328	1023	190	623
4095	1280	3328	1023	191	561
0	1536	3328	10	282	551
256	1536	3328	10	282	556
512	1536	3328	10	281	577
768	1536	3328	10	280	617
1024	1536	3328	10	278	698
1280	1536	3328	163	276	720
1536	1536	3328	246	275	725
1792	1536	3328	318	280	747
2048	1536	3328	389	284	772
2304	1536	3328	472	287	795
2560	1536	3328	567	286	803
2816	1536	3328	670	278	796
3072	1536	3328	777	263	769
3328	1536	3328	888	242	743
3584	1536	3328	995	215	695
3840	1536	3328	1023	234	627
4095	1536	3328	1023	231	565
0	1792	3328	10	323	570
256	1792	3328	10	323	574
512	1792	3328	10	324	588
768	1792	3328	10	324	609
1024	1792	3328	11	327	693
1280	1792	3328	134	332	786
1536	1792	3328	242	339	760
1792	1792	3328	322	345	780
2048	1792	3328	395	348	794
2304	1792	3328	468	346	800
2560	1792	3328	556	343	801
2816	1792	3328	652	333	788
3072	1792	3328	755	316	764
3328	1792	3328	867	297	732
3584	1792	3328	987	274	693
3840	1792	3328	1023	276	631
4095	1792	3328	1023	269	569
0	2048	3328	11	378	576
256	2048	3328	11	379	579
512	2048	3328	11	381	622
768	2048	3328	11	386	641
1024	2048	3328	11	394	713
1280	2048	3328	64	403	799
1536	2048	3328	227	407	802
1792	2048	3328	314	405	797
2048	2048	3328	386	403	800
2304	2048	3328	457	402	804
2560	2048	3328	538	394	794
2816	2048	3328	630	383	780
3072	2048	3328	730	365	754
3328	2048	3328	844	346	730
3584	2048	3328	976	327	698
3840	2048	3328	1023	315	636
4095	2048	3328	1023	306	574
0	2304	3328	12	452	617
256	2304	3328	12	452	619
512	2304	3328	12	454	627
768	2304	3328	12	457	672
1024	2304	3328	12	460	711
1280	2304	3328	12	465	773
1536	2304	3328	192	465	789
1792	2304	3328	295	463	785
2048	2304	3328	370	458	780
2304	2304	3328	438	451	792
2560	2304	3328	514	443	783
2816	2304	3328	604	431	768
3072	2304	3328	702	414	744
3328	2304	3328	822	397	726
3584	2304	3328	963	380	704
3840	2304	3328	1023	357	642
4095	2304	3328	1023	386	612
0	2560	3328	12	544	698
256	2560	3328	12	544	702
512	2560	3328	12	517	664
768	2560	3328	12	519	679
1024	2560	3328	12	522	691
1280	2560	3328	12	524	741
1536	2560	3328	132	525	763
1792	2560	3328	261	519	755
2048	2560	3328	342	513	751
2304	2560	3328	412	507	744
2560	2560	3328	485	496	764
2816	2560	3328	570	482	748
3072	2560	3328	672	467	732
3328	2560	3328	795	454	720
3584	2560	3328	945	441	709
3840	2560	3328	1023	407	647
4095	2560	3328	1023	434	621
0	2816	3328	11	597	692
256	2816	3328	11	597	695
512	2816	3328	11	598	704
768	2816	3328	12	572	674
1024	2816	3328	11	575	666
1280	2816	3328	11	578	703
1536	2816	3328	11	582	754
1792	2816	3328	216	577	727
2048	2816	3328	307	570	723
2304	2816	3328	378	562	722
2560	2816	3328	450	553	718
2816	2816	3328	536	543	728
3072	2816	3328	639	533	721
3328	2816	3328	765	522	712
3584	2816	3328	917	510	705
3840	2816	3328	1023	466	652
4095	2816	3328	1023	489	632
0	3072	3328	10	661	692
256	3072	3328	10	661	693
512	3072	3328	10	663	699
768	3072	3328	10	666	709
1024	3072	3328	11	626	681
1280	3072	3328	11	633	678
1536	3072	3328	11	641	706
1792	3072	3328	158	643	707
2048	3072	3328	269	639	706
2304	3072	3328	347	633	705
2560	3072	3328	419	626	704
2816	3072	3328	504	619	703
3072	3072	3328	606	611	709
3328	3072	3328	733	601	704
3584	3072	3328	879	587	695
3840	3072	3328	1008	549	658
4095	3072	3328	1023	560	643
0	3328	3328	10	748	701
256	3328	3328	10	748	702
512	3328	3328	10	751	706
768	3328	3328	10	755	701
1024	3328	3328	10	761	711
1280	3328	3328	10	711	672
1536	3328	3328	10	722	687
1792	3328	3328	20	735	705
2048	3328	3328	229	729	704
2304	3328	3328	317	725	704
2560	3328	3328	390	719	703
2816	3328	3328	473	712	700
3072	3328	3328	575	705	699
3328	3328	3328	697	697	661
3584	3328	3328	826	670	675
3840	3328	3328	976	642	654
4095	3328	3328	1023	642	656
0	3584	3328	9	833	681
256	3584	3328	9	834	682
512	3584	3328	9	835	685
768	3584	3328	9	838	689
1024	3584	3328	9	843	696
1280	3584	3328	9	849	705
1536	3584	3328	10	816	678
1792	3584	3328	9	826	688
2048	3584	3328	176	826	690
2304	3584	3328	280	821	686
2560	3584	3328	354	814	681
2816	3584	3328	433	805	679
3072	3584	3328	526	794	669
3328	3584	3328	636	778	660
3584	3584	3328	762	756	647
3840	3584	3328	933	747	660
4095	3584	3328	1023	739	670
0	3840	3328	8	929	698
256	3840	3328	8	930	698
512	3840	3328	8	933	699
768	3840	3328	8	939	700
1024	3840	3328	8	949	702
1280	3840	3328	8	961	703
1536	3840	3328	8	888	650
1792	3840	3328	8	908	649
2048	3840	3328	79	928	646
2304	3840	3328	234	923	644
2560	3840	3328	316	917	644
2816	3840	3328	392	912	644
3072	3840	3328	480	905	644
3328	3840	3328	593	897	645
3584	3840	3328	728	889	645
3840	3840	3328	893	879	645
4095	3840	3328	1023	856	679
0	4095	3328	8	1022	698
256	4095	3328	8	1023	698
512	4095	3328	8	1023	696
768	4095	3328	8	1023	691
1024	4095	3328	8	1023	685
1280	4095	3328	17	1023	676
1536	4095	3328	8	1023	663
1792	4095	3328	8	1022	647
2048	4095	3328	240	1023	661
2304	4095	3328	299	1023	661
2560	4095	3328	352	1023	661
2816	4095	3328	415	1023	661
3072	4095	3328	491	1023	661
3328	4095	3328	587	1023	659
3584	4095	3328	705	1023	657
3840	4095	3328	854	1023	655
4095	4095	3328	1023	1004	689
0	0	3584	11	65	779
256	0	3584	11	58	793
512	0	3584	11	18	725
768	0	3584	127	11	719
1024	0	3584	189	11	714
1280	0	3584	242	11	712
1536	0	3584	291	11	704
1792	0	3584	333	10	698
2048	0	3584	377	10	697
2304	0	3584	429	10	702
2560	0	3584	505	11	738
2816	0	3584	621	12	777
3072	0	3584	738	12	801
3328	0	3584	840	11	788
3584	0	3584	941	11	760
3840	0	3584	1009	9	702
4095	0	3584	1022	8	643
0	256	3584	11	83	776
256	256	3584	11	78	790
512	256	3584	11	50	719
768	256	3584	99	11	748
1024	256	3584	179	11	739
1280	256	3584	238	11	735
1536	256	3584	289	11	720
1792	256	3584	333	10	711
2048	256	3584	377	10	708
2304	256	3584	430	10	712
2560	256	3584	510	11	740
2816	256	3584	627	12	789
3072	256	3584	742	12	808
3328	256	3584	843	11	792
3584	256	3584	944	11	764
3840	256	3584	1010	9	703
4095	256	3584	1023	8	642
0	512	3584	11	126	765
256	512	3584	11	123	778
512	512	3584	11	104	706
768	512	3584	11	74	790
1024	512	3584	118	14	861
1280	512	3584	213	10	826
1536	512	3584	277	10	801
1792	512	3584	329	10	776
2048	512	3584	379	10	763
2304	512	3584	439	10	763
2560	512	3584	528	11	793
2816	512	3584	645	12	829
3072	512	3584	756	12	832
3328	512	3584	855	11	808
3584	512	3584	958	11	776
3840	512	3584	1017	9	709
4095	512	3584	1023	19	628
0	768	3584	11	172	747
256	768	3584	11	170	758
512	768	3584	11	155	693
768	768	3584	11	142	771
1024	768	3584	99	120	846
1280	768	3584	199	112	841
1536	768	3584	265	101	836
1792	768	3584	324	87	837
2048	768	3584	382	66	842
2304	768	3584	457	28	860
2560	768	3584	562	12	885
2816	768	3584	674	12	895
3072	768	3584	780	12	877
3328	768	3584	876	11	816
3584	768	3584	978	10	754
3840	768	3584	1023	71	706
4095	768	3584	1023	97	629
0	1024	3584	10	215	722
256	1024	3584	10	214	735
512	1024	3584	11	199	675
768	1024	3584	11	192	745
1024	1024	3584	63	178	839
1280	1024	3584	187	173	835
1536	1024	3584	258	169	838
1792	1024	3584	320	163	844
2048	1024	3584	382	157	864
2304	1024	3584	463	153	878
2560	1024	3584	569	145	919
2816	1024	3584	684	127	934
3072	1024	3584	793	96	910
3328	1024	3584	909	40	872
3584	1024	3584	996	10	798
3840	1024	3584	1023	139	710
4095	1024	3584	1023	147	632
0	1280	3584	10	257	710
256	1280	3584	10	257	719
512	1280	3584	10	241	658
768	1280	3584	10	236	712
1024	1280	3584	10	229	821
1280	1280	3584	171	227	838
1536	1280	3584	250	224	844
1792	1280	3584	319	223	863
2048	1280	3584	388	225	892
2304	1280	3584	471	225	919
2560	1280	3584	567	222	932
2816	1280	3584	673	212	930
3072	1280	3584	780	194	904
3328	1280	3584	894	171	861
3584	1280	3584	997	143	800
3840	1280	3584	1023	188	714
4095	1280	3584	1023	189	635
0	1536	3584	10	302	702
256	1536	3584	10	281	626
512	1536	3584	10	281	651
768	1536	3584	10	280	698
1024	1536	3584	10	278	786
1280	1536	3584	150	279	848
1536	1536	3584	245	284	873
1792	1536	3584	322	287	897
2048	1536	3584	395	290	919
2304	1536	3584	470	288	927
2560	1536	3584	559	285	930
2816	1536	3584	657	274	918
3072	1536	3584	764	260	886
3328	1536	3584	875	239	858
3584	1536	3584	990	214	810
3840	1536	3584	1023	232	720
4095	1536	3584	1023	229	639
0	1792	3584	10	324	655
256	1792	3584	10	324	660
512	1792	3584	10	325	677
768	1792	3584	10	327	704
1024	1792	3584	11	334	811
1280	1792	3584	114	344	890
1536	1792	3584	238	349	910
1792	1792	3584	320	350	921
2048	1792	3584	391	348	926
2304	1792	3584	461	345	930
2560	1792	3584	546	340	926
2816	1792	3584	640	329	910
3072	1792	3584	741	313	882
3328	1792	3584	855	294	848
3584	1792	3584	981	273	806
3840	1792	3584	1023	274	726
4095	1792	3584	1023	268	644
0	2048	3584	11	386	661
256	2048	3584	11	387	664
512	2048	3584	11	390	712
768	2048	3584	12	395	742
1024	2048	3584	12	401	818
1280	2048	3584	12	408	925
1536	2048	3584	215	407	931
1792	2048	3584	306	404	928
2048	2048	3584	380	402	931
2304	2048	3584	448	398	926
2560	2048	3584	528	390	916
2816	2048	3584	619	378	899
3072	2048	3584	718	361	871
3328	2048	3584	834	345	845
3584	2048	3584	971	327	813
3840	2048	3584	1023	314	733
4095	2048	3584	1023	305	650
0	2304	3584	12	454	702
256	2304	3584	12	454	705
512	2304	3584	12	456	717
768	2304	3584	12	458	757
1024	2304	3584	12	461	799
1280	2304	3584	12	464	881
1536	2304	3584	176	463	911
1792	2304	3584	284	458	907
2048	2304	3584	359	453	920
2304	2304	3584	429	446	913
2560	2304	3584	505	439	905
2816	2304	3584	592	427	885
3072	2304	3584	692	410	860
3328	2304	3584	812	395	841
3584	2304	3584	957	381	820
3840	2304	3584	1023	355	741
4095	2304	3584	1023	385	686
0	2560	3584	12	541	770
256	2560	3584	11	542	774
512	2560	3584	12	515	741
768	2560	3584	12	517	763
1024	2560	3584	12	519	768
1280	2560	3584	12	520	833
1536	2560	3584	101	519	879
1792	2560	3584	249	514	873
2048	2560	3584	332	509	867
2304	2560	3584	403	500	858
2560	2560	3584	474	490	880
2816	2560	3584	560	478	862
3072	2560	3584	662	464	848
3328	2560	3584	786	452	833
3584	2560	3584	937	440	823
3840	2560	3584	1023	405	750
4095	2560	3584	1023	433	697
0	2816	3584	11	594	760
256	2816	3584	11	595	763
512	2816	3584	11	595	775
768	2816	3584	11	569	767
1024	2816	3584	11	571	738
1280	2816	3584	11	573	787
1536	2816	3584	11	576	856
1792	2816	3584	201	571	840
2048	2816	3584	298	565	838
2304	2816	3584	369	557	836
2560	2816	3584	442	549	833
2816	2816	3584	528	541	845
3072	2816	3584	630	531	835
3328	2816	3584	757	519	826
3584	2816	3584	909	508	818
3840	2816	3584	1021	465	762
4095	2816	3584	1023	489	709
0	3072	3584	10	659	763
256	3072	3584	10	660	765
512	3072	3584	10	661	773
768	3072	3584	10	664	788
1024	3072	3584	11	625	751
1280	3072	3584	10	630	761
1536	3072	3584	11	637	803
1792	3072	3584	140	641	821
2048	3072	3584	261	636	820
2304	3072	3584	340	631	819
2560	3072	3584	412	624	817
2816	3072	3584	498	617	816
3072	3072	3584	599	608	822
3328	3072	3584	725	600	819
3584	3072	3584	870	586	806
3840	3072	3584	1003	549	767
4095	3072	3584	1023	559	722
0	3328	3584	10	746	775
256	3328	3584	10	747	777
512	3328	3584	10	748	782
768	3328	3584	10	752	792
1024	3328	3584	10	757	808
1280	3328	3584	10	709	753
1536	3328	3584	10	719	780
1792	3328	3584	10	730	815
2048	3328	3584	220	728	800
2304	3328	3584	311	722	795
2560	3328	3584	385	716	791
2816	3328	3584	466	709	786
3072	3328	3584	568	703	779
3328	3328	3584	687	692	807
3584	3328	3584	817	668	784
3840	3328	3584	969	641	762
4095	3328	3584	1023	641	736
0	3584	3584	9	831	787
256	3584	3584	9	831	788
512	3584	3584	9	833	793
768	3584	3584	9	836	800
1024	3584	3584	9	840	765
1280	3584	3584	10	804	740
1536	3584	3584	10	811	760
1792	3584	3584	9	819	784
2048	3584	3584	162	823	798
2304	3584	3584	272	816	793
2560	3584	3584	349	810	788
2816	3584	3584	427	801	785
3072	3584	3584	518	791	773
3328	3584	3584	628	775	766
3584	3584	3584	752	752	752
3840	3584	3584	925	746	753
4095	3584	3584	1023	741	752
0	3840	3584	8	929	772
256	3840	3584	8	930	772
512	3840	3584	8	933	775
768	3840	3584	8	939	779
1024	3840	3584	8	948	784
1280	3840	3584	8	960	792
1536	3840	3584	8	886	734
1792	3840	3584	8	905	742
2048	3840	3584	32	927	749
2304	3840	3584	227	922	749
2560	3840	3584	311	916	749
2816	3840	3584	387	910	749
3072	3840	3584	475	903	750
3328	3840	3584	587	896	750
3584	3840	3584	722	887	750
3840	3840	3584	885	878	750
4095	3840	3584	1023	860	767
0	4095	3584	8	1023	768
256	4095	3584	8	1021	767
512	4095	3584	8	1021	766
768	4095	3584	8	1021	763
1024	4095	3584	8	1020	758
1280	4095	3584	8	1023	754
1536	4095	3584	8	1021	745
1792	4095	3584	175	1023	748
2048	4095	3584	243	1023	749
2304	4095	3584	300	1023	750
2560	4095	3584	352	1023	752
2816	4095	3584	412	1023	751
3072	4095	3584	486	1023	753
3328	4095	3584	583	1023	754
3584	4095	3584	700	1023	755
3840	4095	3584	848	1023	754
4095	4095	3584	1023	1010	769
0	0	3840	11	68	869
256	0	3840	11	62	883
512	0	3840	11	30	795
768	0	3840	117	11	806
1024	0	3840	182	11	802
1280	0	3840	235	11	797
1536	0	3840	284	10	790
1792	0	3840	328	10	788
2048	0	3840	373	10	793
2304	0	3840	430	10	813
2560	0	3840	517	11	865
2816	0	3840	628	12	904
3072	0	3840	733	12	906
3328	0	3840	830	11	890
3584	0	3840	993	9	890
3840	0	3840	1022	8	819
4095	0	3840	1023	14	713
0	256	3840	11	85	867
256	256	3840	11	80	880
512	256	3840	11	54	792
768	256	3840	85	11	841
1024	256	3840	171	11	831
1280	256	3840	230	10	822
1536	256	3840	280	10	815
1792	256	3840	326	10	806
2048	256	3840	374	10	809
2304	256	3840	433	10	828
2560	256	3840	521	11	881
2816	256	3840	632	12	915
3072	256	3840	736	12	916
3328	256	3840	833	11	895
3584	256	3840	936	11	866
3840	256	3840	1008	9	801
4095	256	3840	1022	8	724
0	512	3840	10	125	853
256	512	3840	10	122	868
512	512	3840	11	105	782
768	512	3840	11	77	869
1024	512	3840	100	10	956
1280	512	3840	202	10	930
1536	512	3840	269	10	907
1792	512	3840	324	10	887
2048	512	3840	377	10	884
2304	512	3840	444	11	892
2560	512	3840	533	11	921
2816	512	3840	638	12	943
3072	512	3840	742	12	939
3328	512	3840	842	11	914
3584	512	3840	949	11	883
3840	512	3840	1015	9	810
4095	512	3840	1023	8	724
0	768	3840	10	169	834
256	768	3840	10	168	849
512	768	3840	11	154	769
768	768	3840	10	140	849
1024	768	3840	52	112	965
1280	768	3840	183	105	967
1536	768	3840	254	95	967
1792	768	3840	315	79	967
2048	768	3840	380	57	999
2304	768	3840	458	11	1018
2560	768	3840	546	11	1010
2816	768	3840	644	11	999
3072	768	3840	755	11	986
3328	768	3840	860	11	955
3584	768	3840	972	10	872
3840	768	3840	1023	60	813
4095	768	3840	1023	94	715
0	1024	3840	10	213	822
256	1024	3840	10	212	830
512	1024	3840	10	197	752
768	1024	3840	10	190	833
1024	1024	3840	10	177	958
1280	1024	3840	171	170	967
1536	1024	3840	249	166	981
1792	1024	3840	318	163	1009
2048	1024	3840	386	158	1023
2304	1024	3840	455	148	1023
2560	1024	3840	536	134	1023
2816	1024	3840	635	114	1023
3072	1024	3840	756	84	1020
3328	1024	3840	882	22	993
3584	1024	3840	990	10	931
3840	1024	3840	1023	135	817
4095	1024	3840	1023	145	717
0	1280	3840	10	257	808
256	1280	3840	10	256	817
512	1280	3840	10	239	741
768	1280	3840	10	235	803
1024	1280	3840	10	230	925
1280	1280	3840	157	227	990
1536	1280	3840	247	229	1014
1792	1280	3840	318	226	1021
2048	1280	3840	382	222	1023
2304	1280	3840	449	215	1023
2560	1280	3840	529	207	1023
2816	1280	3840	628	197	1023
3072	1280	3840	748	185	1021
3328	1280	3840	868	165	985
3584	1280	3840	986	139	930
3840	1280	3840	1023	185	823
4095	1280	3840	1023	188	722
0	1536	3840	11	308	810
256	1536	3840	11	309	816
512	1536	3840	10	282	747
768	1536	3840	10	281	801
1024	1536	3840	11	286	905
1280	1536	3840	132	286	1019
1536	1536	3840	237	285	1021
1792	1536	3840	310	282	1023
2048	1536	3840	374	277	1023
2304	1536	3840	440	272	1023
2560	1536	3840	521	267	1023
2816	1536	3840	619	260	1023
3072	1536	3840	735	251	1011
3328	1536	3840	853	232	983
3584	1536	3840	978	212	940
3840	1536	3840	1023	229	830
4095	1536	3840	1023	227	727
0	1792	3840	12	370	847
256	1792	3840	12	370	854
512	1792	3840	11	331	787
768	1792	3840	11	337	830
1024	1792	3840	11	342	934
1280	1792	3840	70	336	1023
1536	1792	3840	217	334	1023
1792	1792	3840	298	331	1023
2048	1792	3840	364	328	1023
2304	1792	3840	430	324	1023
2560	1792	3840	510	320	1023
2816	1792	3840	608	314	1023
3072	1792	3840	716	304	1004
3328	1792	3840	835	289	976
3584	1792	3840	970	271	938
3840	1792	3840	1023	272	840
4095	1792	3840	1023	267	733
0	2048	3840	12	430	881
256	2048	3840	12	397	792
512	2048	3840	12	399	813
768	2048	3840	12	402	853
1024	2048	3840	12	406	930
1280	2048	3840	11	392	1008
1536	2048	3840	189	383	1023
1792	2048	3840	281	381	1023
2048	2048	3840	351	378	1023
2304	2048	3840	419	374	1023
2560	2048	3840	497	371	1023
2816	2048	3840	592	365	1018
3072	2048	3840	696	353	996
3328	2048	3840	816	339	976
3584	2048	3840	959	325	945
3840	2048	3840	1023	312	850
4095	2048	3840	1023	304	740
0	2304	3840	12	485	892
256	2304	3840	12	457	801
512	2304	3840	12	458	818
768	2304	3840	12	459	852
1024	2304	3840	12	461	915
1280	2304	3840	12	451	978
1536	2304	3840	147	436	1023
1792	2304	3840	259	434	1023
2048	2304	3840	336	431	1023
2304	2304	3840	406	428	1023
2560	2304	3840	482	424	1023
2816	2304	3840	572	416	1009
3072	2304	3840	674	402	987
3328	2304	3840	797	390	969
3584	2304	3840	945	378	951
3840	2304	3840	1023	353	862
4095	2304	3840	1023	341	748
0	2560	3840	11	538	885
256	2560	3840	11	538	891
512	2560	3840	12	513	827
768	2560	3840	12	514	857
1024	2560	3840	12	514	887
1280	2560	3840	12	511	932
1536	2560	3840	41	500	1005
1792	2560	3840	230	497	999
2048	2560	3840	317	494	993
2304	2560	3840	388	488	1017
2560	2560	3840	459	479	1005
2816	2560	3840	544	469	991
3072	2560	3840	647	458	978
3328	2560	3840	772	447	965
3584	2560	3840	922	436	954
3840	2560	3840	1023	402	877
4095	2560	3840	1023	433	784
0	2816	3840	11	591	837
256	2816	3840	11	591	841
512	2816	3840	11	592	858
768	2816	3840	11	565	849
1024	2816	3840	11	566	855
1280	2816	3840	11	568	883
1536	2816	3840	11	569	971
1792	2816	3840	185	561	974
2048	2816	3840	285	554	970
2304	2816	3840	359	549	968
2560	2816	3840	431	541	964
2816	2816	3840	517	534	976
3072	2816	3840	618	525	967
3328	2816	3840	744	515	958
3584	2816	3840	895	504	950
3840	2816	3840	1016	466	893
4095	2816	3840	1023	488	798
0	3072	3840	10	658	845
256	3072	3840	10	659	848
512	3072	3840	10	660	859
768	3072	3840	10	663	880
1024	3072	3840	10	622	865
1280	3072	3840	11	627	856
1536	3072	3840	10	633	915
1792	3072	3840	114	635	955
2048	3072	3840	251	630	953
2304	3072	3840	332	625	952
2560	3072	3840	404	618	950
2816	3072	3840	489	612	949
3072	3072	3840	590	604	956
3328	3072	3840	713	595	950
3584	3072	3840	857	581	936
3840	3072	3840	995	549	896
4095	3072	3840	1023	558	814
0	3328	3840	10	744	857
256	3328	3840	10	744	859
512	3328	3840	10	746	867
768	3328	3840	10	749	883
1024	3328	3840	10	754	906
1280	3328	3840	10	707	843
1536	3328	3840	10	716	885
1792	3328	3840	10	725	941
2048	3328	3840	208	723	928
2304	3328	3840	303	717	923
2560	3328	3840	377	712	919
2816	3328	3840	458	707	914
3072	3328	3840	560	700	904
3328	3328	3840	675	685	933
3584	3328	3840	805	663	910
3840	3328	3840	959	640	887
4095	3328	3840	1023	640	831
0	3584	3840	9	829	859
256	3584	3840	9	829	861
512	3584	3840	9	831	868
768	3584	3840	9	834	881
1024	3584	3840	9	838	900
1280	3584	3840	10	799	850
1536	3584	3840	10	806	853
1792	3584	3840	9	814	896
2048	3584	3840	146	818	878
2304	3584	3840	265	811	878
2560	3584	3840	341	805	877
2816	3584	3840	419	798	878
3072	3584	3840	509	786	878
3328	3584	3840	619	769	878
3584	3584	3840	747	752	880
3840	3584	3840	917	745	879
4095	3584	3840	1023	740	850
0	3840	3840	8	931	858
256	3840	3840	8	932	859
512	3840	3840	8	935	862
768	3840	3840	8	940	869
1024	3840	3840	8	949	878
1280	3840	3840	8	960	893
1536	3840	3840	8	885	832
1792	3840	3840	8	902	851
2048	3840	3840	8	923	873
2304	3840	3840	218	920	875
2560	3840	3840	306	915	875
2816	3840	3840	381	909	875
3072	3840	3840	470	902	876
3328	3840	3840	581	894	876
3584	3840	3840	715	886	876
3840	3840	3840	877	877	876
4095	3840	3840	1023	863	869
0	4095	3840	8	1021	849
256	4095	3840	8	1022	850
512	4095	3840	8	1022	849
768	4095	3840	8	1022	849
1024	4095	3840	8	1021	847
1280	4095	3840	8	1021	846
1536	4095	3840	8	1022	844
1792	4095	3840	165	1023	847
2048	4095	3840	237	1023	850
2304	4095	3840	295	1023	853
2560	4095	3840	348	1023	857
2816	4095	3840	410	1023	860
3072	4095	3840	484	1023	864
3328	4095	3840	580	1023	867
3584	4095	3840	696	1023	871
3840	4095	3840	843	1023	874
4095	4095	3840	1023	1016	879
0	0	4095	10	70	962
256	0	4095	10	64	969
512	0	4095	9	35	996
768	0	4095	106	10	903
1024	0	4095	174	10	899
1280	0	4095	228	10	897
1536	0	4095	278	10	898
1792	0	4095	325	10	899
2048	0	4095	374	11	923
2304	0	4095	441	11	954
2560	0	4095	518	11	983
2816	0	4095	599	9	1023
3072	0	4095	700	9	1019
3328	0	4095	815	9	1013
3584	0	4095	947	8	1000
3840	0	4095	1022	8	935
4095	0	4095	1023	8	820
0	256	4095	10	86	960
256	256	4095	10	80	968
512	256	4095	9	58	994
768	256	4095	67	10	938
1024	256	4095	162	10	930
1280	256	4095	222	10	925
1536	256	4095	275	10	925
1792	256	4095	324	10	923
2048	256	4095	375	10	947
2304	256	4095	444	11	976
2560	256	4095	521	11	996
2816	256	4095	608	11	1007
3072	256	4095	707	11	1011
3328	256	4095	814	11	1001
3584	256	4095	926	10	981
3840	256	4095	1023	8	931
4095	256	4095	1023	8	810
0	512	4095	10	125	957
256	512	4095	10	121	964
512	512	4095	9	107	989
768	512	4095	10	79	957
1024	512	4095	74	9	1010
1280	512	4095	184	9	998
1536	512	4095	252	9	989
1792	512	4095	310	9	982
2048	512	4095	367	10	992
2304	512	4095	440	11	1017
2560	512	4095	516	11	1023
2816	512	4095	602	11	1023
3072	512	4095	703	11	1023
3328	512	4095	810	11	1010
3584	512	4095	924	10	985
3840	512	4095	1009	9	923
4095	512	4095	1023	16	811
0	768	4095	10	169	947
256	768	4095	10	167	961
512	768	4095	10	157	983
768	768	4095	10	140	943
1024	768	4095	8	103	1019
1280	768	4095	158	94	1023
1536	768	4095	227	86	1023
1792	768	4095	285	72	1023
2048	768	4095	336	51	1023
2304	768	4095	394	16	1023
2560	768	4095	475	9	1023
2816	768	4095	568	9	1023
3072	768	4095	676	10	1023
3328	768	4095	793	10	1014
3584	768	4095	921	9	998
3840	768	4095	1023	43	939
4095	768	4095	1023	90	814
0	1024	4095	10	213	939
256	1024	4095	10	212	949
512	1024	4095	10	205	979
768	1024	4095	10	189	928
1024	1024	4095	9	166	1005
1280	1024	4095	147	155	1023
1536	1024	4095	220	150	1023
1792	1024	4095	280	145	1023
2048	1024	4095	332	138	1023
2304	1024	4095	390	129	1023
2560	1024	4095	460	118	1023
2816	1024	4095	545	103	1023
3072	1024	4095	647	84	1023
3328	1024	4095	775	52	1023
3584	1024	4095	926	8	1019
3840	1024	4095	1023	129	945
4095	1024	4095	1023	142	817
0	1280	4095	11	264	941
256	1280	4095	11	264	949
512	1280	4095	10	260	1017
768	1280	4095	10	236	928
1024	1280	4095	9	219	993
1280	1280	4095	129	203	1023
1536	1280	4095	211	200	1023
1792	1280	4095	273	196	1023
2048	1280	4095	326	192	1023
2304	1280	4095	384	187	1023
2560	1280	4095	454	181	1023
2816	1280	4095	539	174	1023
3072	1280	4095	641	165	1023
3328	1280	4095	767	155	1023
3584	1280	4095	920	143	1023
3840	1280	4095	1023	181	953
4095	1280	4095	1023	186	823
0	1536	4095	11	317	963
256	1536	4095	11	317	975
512	1536	4095	11	319	1023
768	1536	4095	11	290	939
1024	1536	4095	10	284	1012
1280	1536	4095	98	249	1023
1536	1536	4095	198	247	1023
1792	1536	4095	265	244	1023
2048	1536	4095	320	240	1023
2304	1536	4095	376	236	1023
2560	1536	4095	446	231	1023
2816	1536	4095	531	226	1023
3072	1536	4095	633	220	1023
3328	1536	4095	756	213	1023
3584	1536	4095	909	206	1023
3840	1536	4095	1023	226	963
4095	1536	4095	1023	226	829
0	1792	4095	11	368	972
256	1792	4095	11	367	979
512	1792	4095	11	344	915
768	1792	4095	11	344	950
1024	1792	4095	11	339	1023
1280	1792	4095	22	292	1023
1536	1792	4095	180	290	1023
1792	1792	4095	253	288	1023
2048	1792	4095	311	285	1023
2304	1792	4095	368	282	1023
2560	1792	4095	437	278	1023
2816	1792	4095	521	274	1023
3072	1792	4095	623	270	1023
3328	1792	4095	744	265	1023
3584	1792	4095	895	259	1023
3840	1792	4095	1023	269	975
4095	1792	4095	1023	265	837
0	2048	4095	12	420	981
256	2048	4095	11	419	986
512	2048	4095	12	406	916
768	2048	4095	12	401	957
1024	2048	4095	11	391	1012
1280	2048	4095	9	349	1023
1536	2048	4095	155	330	1023
1792	2048	4095	238	328	1023
2048	2048	4095	301	326	1023
2304	2048	4095	358	324	1023
2560	2048	4095	426	321	1023
2816	2048	4095	508	318	1023
3072	2048	4095	610	314	1023
3328	2048	4095	731	310	1023
3584	2048	4095	878	306	1023
3840	2048	4095	1023	309	991
4095	2048	4095	1023	302	847
0	2304	4095	11	473	982
256	2304	4095	12	472	987
512	2304	4095	12	458	927
768	2304	4095	12	453	946
1024	2304	4095	11	444	999
1280	2304	4095	10	413	1023
1536	2304	4095	115	377	1023
1792	2304	4095	218	374	1023
2048	2304	4095	288	372	1023
2304	2304	4095	347	370	1023
2560	2304	4095	414	367	1023
2816	2304	4095	494	364	1023
3072	2304	4095	595	360	1023
3328	2304	4095	716	356	1023
3584	2304	4095	861	352	1023
3840	2304	4095	1023	351	1009
4095	2304	4095	1023	339	858
0	2560	4095	11	529	977
256	2560	4095	11	529	983
512	2560	4095	12	509	918
768	2560	4095	12	506	949
1024	2560	4095	11	503	981
1280	2560	4095	10	484	1011
1536	2560	4095	8	434	1023
1792	2560	4095	193	430	1023
2048	2560	4095	272	428	1023
2304	2560	4095	333	425	1023
2560	2560	4095	400	422	1023
2816	2560	4095	479	418	1023
3072	2560	4095	578	415	1023
3328	2560	4095	698	411	1023
3584	2560	4095	842	406	1023
3840	2560	4095	1016	401	1023
4095	2560	4095	1023	432	883
0	2816	4095	11	587	967
256	2816	4095	11	588	973
512	2816	4095	11	588	990
768	2816	4095	11	560	936
1024	2816	4095	11	561	953
1280	2816	4095	11	554	980
1536	2816	4095	9	517	1014
1792	2816	4095	157	496	1023
2048	2816	4095	251	493	1023
2304	2816	4095	318	490	1023
2560	2816	4095	384	486	1023
2816	2816	4095	463	482	1023
3072	2816	4095	559	478	1023
3328	2816	4095	677	474	1023
3584	2816	4095	820	469	1023
3840	2816	4095	993	464	1023
4095	2816	4095	1023	487	901
0	3072	4095	10	657	960
256	3072	4095	10	657	963
512	3072	4095	10	656	955
768	3072	4095	10	650	968
1024	3072	4095	10	620	960
1280	3072	4095	10	620	957
1536	3072	4095	9	600	993
1792	3072	4095	91	578	1023
2048	3072	4095	224	575	1023
2304	3072	4095	301	571	1023
2560	3072	4095	366	567	1023
2816	3072	4095	445	562	1023
3072	3072	4095	539	557	1023
3328	3072	4095	654	553	1023
3584	3072	4095	796	547	1023
3840	3072	4095	967	542	1023
4095	3072	4095	1023	557	920
0	3328	4095	10	736	942
256	3328	4095	10	736	943
512	3328	4095	9	734	951
768	3328	4095	9	732	963
1024	3328	4095	10	700	946
1280	3328	4095	10	700	938
1536	3328	4095	9	690	974
1792	3328	4095	9	677	1013
2048	3328	4095	187	670	1023
2304	3328	4095	279	666	1023
2560	3328	4095	348	661	1023
2816	3328	4095	424	656	1023
3072	3328	4095	517	650	1023
3328	3328	4095	630	645	1023
3584	3328	4095	768	639	1023
3840	3328	4095	937	633	1023
4095	3328	4095	1023	638	942
0	3584	4095	9	820	935
256	3584	4095	9	820	938
512	3584	4095	9	821	945
768	3584	4095	9	822	959
1024	3584	4095	9	824	979
1280	3584	4095	9	788	947
1536	3584	4095	9	786	949
1792	3584	4095	9	785	994
2048	3584	4095	129	785	1023
2304	3584	4095	250	781	1023
2560	3584	4095	326	776	1023
2816	3584	4095	402	770	1023
3072	3584	4095	491	764	1023
3328	3584	4095	604	757	1023
3584	3584	4095	739	750	1023
3840	3584	4095	904	743	1023
4095	3584	4095	1023	738	966
0	3840	4095	8	932	958
256	3840	4095	8	933	959
512	3840	4095	8	936	964
768	3840	4095	8	941	975
1024	3840	4095	8	949	989
1280	3840	4095	8	960	1009
1536	3840	4095	8	884	944
1792	3840	4095	8	900	976
2048	3840	4095	8	919	1016
2304	3840	4095	209	918	1023
2560	3840	4095	301	913	1023
2816	3840	4095	376	906	1023
3072	3840	4095	465	900	1023
3328	3840	4095	574	892	1023
3584	3840	4095	708	883	1023
3840	3840	4095	868	875	1023
4095	3840	4095	1023	861	992
0	4095	4095	12	1023	944
256	4095	4095	8	1021	942
512	4095	4095	8	1021	943
768	4095	4095	8	1023	947
1024	4095	4095	8	1022	948
1280	4095	4095	8	1021	950
1536	4095	4095	8	1021	955
1792	4095	4095	174	1023	962
2048	4095	4095	241	1023	967
2304	4095	4095	297	1023	972
2560	4095	4095	348	1023	978
2816	4095	4095	409	1023	985
3072	4095	4095	481	1023	991
3328	4095	4095	575	1023	998
3584	4095	4095	691	1023	1006
3840	4095	4095	837	1023	1014
4095	4095	4095	1023	1023	1023