0	0	0	0	0	0
62	0	0	93	0	5
123	0	0	150	0	6
185	0	0	205	0	7
254	0	0	270	0	4
308	0	0	336	0	8
386	0	0	458	0	17
451	0	0	585	0	22
482	0	0	659	0	23
513	0	0	738	0	25
544	0	0	825	0	26
575	0	0	922	0	27
606	0	0	999	0	27
637	0	0	1023	0	22
668	0	0	1023	0	22
800	0	0	1023	0	5
924	0	0	1023	0	4
0	62	0	0	66	0
62	62	0	62	60	0
123	62	0	137	37	0
185	62	0	203	13	3
254	62	0	278	0	1
308	62	0	345	0	2
386	62	0	469	0	7
451	62	0	598	0	16
482	62	0	671	0	18
513	62	0	751	0	20
544	62	0	838	0	22
575	62	0	938	0	23
606	62	0	1006	0	24
637	62	0	1023	0	20
668	62	0	1023	0	21
800	62	0	1023	0	5
924	62	0	1023	0	4
0	123	0	0	111	22
62	123	0	10	109	0
123	123	0	103	100	0
185	123	0	182	79	0
254	123	0	267	54	0
308	123	0	346	35	0
386	123	0	487	8	1
451	123	0	638	0	1
482	123	0	714	0	1
513	123	0	800	0	2
544	123	0	886	0	3
575	123	0	984	0	8
606	123	0	1023	0	11
637	123	0	1023	0	13
668	123	0	1023	0	14
800	123	0	1023	0	5
924	123	0	1023	0	3
0	185	0	0	158	32
62	185	0	0	156	6
123	185	0	51	152	0
185	185	0	148	143	0
254	185	0	242	123	0
308	185	0	328	108	0
386	185	0	475	86	0
451	185	0	628	68	0
482	185	0	713	60	0
513	185	0	810	51	1
544	185	0	915	40	1
575	185	0	1001	29	1
606	185	0	1023	16	1
637	185	0	1023	2	1
668	185	0	1023	0	1
800	185	0	1023	0	3
924	185	0	1023	0	2
0	254	0	0	217	61
62	254	0	0	216	47
123	254	0	0	211	0
185	254	0	102	206	0
254	254	0	204	196	0
308	254	0	296	185	0
386	254	0	452	166	0
451	254	0	607	147	0
482	254	0	692	139	0
513	254	0	791	130	0
544	254	0	894	120	0
575	254	0	993	110	0
606	254	0	1023	100	0
637	254	0	1023	91	0
668	254	0	1023	80	1
800	254	0	1023	18	1
924	254	0	1023	21	2
0	308	0	0	275	61
62	308	0	0	274	55
123	308	0	0	273	13
185	308	0	65	270	0
254	308	0	173	264	0
308	308	0	268	256	0
386	308	0	425	235	0
451	308	0	583	216	0
482	308	0	669	206	0
513	308	0	767	198	0
544	308	0	871	188	0
575	308	0	980	177	0
606	308	0	1023	165	0
637	308	0	1023	155	0
668	308	0	1023	144	0
800	308	0	1023	86	1
924	308	0	1023	72	2
0	386	0	0	377	71
62	386	0	0	377	64
123	386	0	0	377	40
185	386	0	1	378	0
254	386	0	128	374	0
308	386	0	217	368	0
386	386	0	373	355	0
451	386	0	533	338	0
482	386	0	621	327	0
513	386	0	721	319	0
544	386	0	823	307	0
575	386	0	942	294	0
606	386	0	1021	281	0
637	386	0	1023	267	0
668	386	0	1023	254	0
800	386	0	1023	177	0
924	386	0	1023	134	1
0	451	0	0	481	80
62	451	0	0	481	75
123	451	0	0	482	53
185	451	0	0	488	7
254	451	0	87	488	0
308	451	0	178	484	0
386	451	0	327	471	0
451	451	0	486	459	0
482	451	0	573	449	0
513	451	0	665	438	0
544	451	0	769	428	0
575	451	0	887	416	0
606	451	0	991	399	0
637	451	0	1023	383	0
668	451	0	1023	367	0
800	451	0	1023	273	0
924	451	0	1023	195	1
0	482	0	0	539	85
62	482	0	0	539	79
123	482	0	0	541	60
185	482	0	0	547	20
254	482	0	67	549	0
308	482	0	160	547	0
386	482	0	308	537	0
451	482	0	461	523	0
482	482	0	545	514	0
513	482	0	640	502	0
544	482	0	742	494	0
575	482	0	855	478	0
606	482	0	972	462	0
637	482	0	1023	446	0
668	482	0	1023	429	0
800	482	0	1023	326	0
924	482	0	1023	228	0
0	513	0	0	599	87
62	513	0	0	599	83
123	513	0	0	601	66
185	513	0	0	607	31
254	513	0	45	614	0
308	513	0	141	612	0
386	513	0	287	601	0
451	513	0	435	589	0
482	513	0	519	583	0
513	513	0	613	573	0
544	513	0	713	563	0
575	513	0	820	550	0
606	513	0	944	534	0
637	513	0	1023	517	0
668	513	0	1023	497	0
800	513	0	1023	389	0
924	513	0	1023	265	0
0	544	0	0	664	92
62	544	0	0	664	87
123	544	0	0	669	72
185	544	0	0	676	41
254	544	0	17	685	0
308	544	0	123	680	0
386	544	0	267	673	0
451	544	0	411	661	0
482	544	0	491	655	0
513	544	0	580	646	0
544	544	0	679	633	0
575	544	0	786	621	0
606	544	0	909	608	0
637	544	0	1017	592	0
668	544	0	1019	573	0
800	544	0	1023	456	0
924	544	0	1023	313	0
0	575	0	0	733	97
62	575	0	0	733	93
123	575	0	0	738	78
185	575	0	0	745	47
254	575	0	0	757	0
308	575	0	103	755	0
386	575	0	243	746	0
451	575	0	384	738	0
482	575	0	461	729	0
513	575	0	548	723	0
544	575	0	647	713	0
575	575	0	755	702	0
606	575	0	874	692	0
637	575	0	1005	677	0
668	575	0	1011	653	0
800	575	0	1023	532	0
924	575	0	1023	369	0
0	606	0	0	803	104
62	606	0	0	806	98
123	606	0	0	811	82
185	606	0	0	820	56
254	606	0	0	834	2
308	606	0	79	836	0
386	606	0	220	829	0
451	606	0	359	821	0
482	606	0	433	813	0
513	606	0	519	806	0
544	606	0	614	798	0
575	606	0	723	791	0
606	606	0	840	780	0
637	606	0	979	770	0
668	606	0	1000	743	0
800	606	0	1023	613	0
924	606	0	1023	430	0
0	637	0	0	887	111
62	637	0	0	890	105
123	637	0	0	894	90
185	637	0	0	907	65
254	637	0	0	923	16
308	637	0	54	933	0
386	637	0	196	926	0
451	637	0	332	917	0
482	637	0	406	912	0
513	637	0	489	903	0
544	637	0	584	896	0
575	637	0	689	888	0
606	637	0	808	880	0
637	637	0	938	866	0
668	637	0	986	841	0
800	637	0	1023	699	0
924	637	0	1023	497	0
0	668	0	0	985	119
62	668	0	0	988	113
123	668	0	0	988	86
185	668	0	0	989	72
254	668	0	0	991	24
308	668	0	22	992	0
386	668	0	173	991	0
451	668	0	304	990	0
482	668	0	377	986	0
513	668	0	460	985	0
544	668	0	550	983	0
575	668	0	649	978	0
606	668	0	763	968	0
637	668	0	887	956	0
668	668	0	958	933	0
800	668	0	1023	792	0
924	668	0	1023	576	0
0	800	0	0	1021	141
62	800	0	0	1022	136
123	800	0	0	1022	117
185	800	0	0	1023	92
254	800	0	0	1023	57
308	800	0	0	1023	12
386	800	0	63	1023	0
451	800	0	177	1023	0
482	800	0	233	1023	0
513	800	0	295	1023	0
544	800	0	367	1023	0
575	800	0	446	1023	0
606	800	0	537	1023	0
637	800	0	636	1023	0
668	800	0	749	1023	0
800	800	0	1023	1023	0
924	800	0	1023	924	0
0	924	0	0	1023	154
62	924	0	0	1023	151
123	924	0	0	1023	140
185	924	0	0	1023	128
254	924	0	0	1023	93
308	924	0	0	1023	66
386	924	0	0	1023	3
451	924	0	86	1023	0
482	924	0	142	1023	0
513	924	0	200	1023	0
544	924	0	263	1023	0
575	924	0	331	1023	0
606	924	0	411	1023	0
637	924	0	501	1023	0
668	924	0	601	1023	0
800	924	0	1008	1023	0
924	924	0	1023	1023	0
0	0	62	0	0	156
62	0	62	86	0	78
123	0	62	148	0	47
185	0	62	203	0	27
254	0	62	269	0	24
308	0	62	336	0	27
386	0	62	458	0	31
451	0	62	585	0	33
482	0	62	657	0	34
513	0	62	738	0	35
544	0	62	825	0	35
575	0	62	922	0	35
606	0	62	999	0	35
637	0	62	1023	0	26
668	0	62	1023	0	26
800	0	62	1023	0	19
924	0	62	1023	0	7
0	62	62	0	65	64
62	62	62	60	60	60
123	62	62	136	36	49
185	62	62	202	12	21
254	62	62	276	0	6
308	62	62	345	0	16
386	62	62	469	0	24
451	62	62	596	0	28
482	62	62	671	0	30
513	62	62	751	0	31
544	62	62	838	0	32
575	62	62	935	0	32
606	62	62	1006	0	33
637	62	62	1023	0	24
668	62	62	1023	0	25
800	62	62	1023	0	17
924	62	62	1023	0	6
0	123	62	0	110	25
62	123	62	3	109	33
123	123	62	103	99	15
185	123	62	182	79	26
254	123	62	267	54	4
308	123	62	346	35	4
386	123	62	487	7	5
451	123	62	638	0	6
482	123	62	714	0	10
513	123	62	800	0	15
544	123	62	886	0	18
575	123	62	983	0	21
606	123	62	1023	0	19
637	123	62	1023	0	20
668	123	62	1023	0	20
800	123	62	1023	0	5
924	123	62	1023	0	4
0	185	62	0	157	49
62	185	62	0	156	29
123	185	62	50	152	4
185	185	62	148	143	4
254	185	62	242	123	4
308	185	62	328	108	4
386	185	62	475	86	3
451	185	62	628	68	4
482	185	62	713	60	3
513	185	62	810	51	4
544	185	62	912	40	5
575	185	62	1001	29	5
606	185	62	1023	16	5
637	185	62	1023	2	6
668	185	62	1023	0	6
800	185	62	1023	0	4
924	185	62	1023	0	3
0	254	62	0	217	63
62	254	62	0	215	58
123	254	62	0	211	2
185	254	62	101	206	2
254	254	62	204	196	2
308	254	62	296	185	3
386	254	62	452	166	3
451	254	62	605	147	3
482	254	62	692	139	2
513	254	62	791	130	2
544	254	62	894	120	2
575	254	62	993	110	2
606	254	62	1023	100	2
637	254	62	1023	91	3
668	254	62	1023	80	3
800	254	62	1023	18	2
924	254	62	1023	21	3
0	308	62	0	274	69
62	308	62	0	274	60
123	308	62	0	273	28
185	308	62	64	270	2
254	308	62	172	264	2
308	308	62	267	255	2
386	308	62	425	235	2
451	308	62	583	216	2
482	308	62	669	206	2
513	308	62	767	198	2
544	308	62	871	188	2
575	308	62	980	177	2
606	308	62	1023	165	2
637	308	62	1023	155	2
668	308	62	1023	144	2
800	308	62	1023	86	2
924	308	62	1023	71	2
0	386	62	0	375	81
62	386	62	0	375	74
123	386	62	0	377	48
185	386	62	0	380	1
254	386	62	120	376	0
308	386	62	212	369	0
386	386	62	371	355	1
451	386	62	533	336	1
482	386	62	624	327	1
513	386	62	723	317	1
544	386	62	826	305	1
575	386	62	946	293	1
606	386	62	1023	279	1
637	386	62	1023	266	1
668	386	62	1023	252	1
800	386	62	1023	177	1
924	386	62	1023	133	2
0	451	62	0	479	90
62	451	62	0	481	84
123	451	62	0	482	64
185	451	62	0	486	22
254	451	62	71	490	0
308	451	62	167	486	0
386	451	62	320	473	0
451	451	62	482	459	0
482	451	62	570	450	0
513	451	62	665	438	0
544	451	62	773	426	0
575	451	62	890	414	0
606	451	62	996	397	0
637	451	62	1023	381	0
668	451	62	1023	364	0
800	451	62	1023	269	1
924	451	62	1023	195	1
0	482	62	0	537	92
62	482	62	0	539	89
123	482	62	0	541	71
185	482	62	0	547	34
254	482	62	46	553	0
308	482	62	146	549	0
386	482	62	299	539	0
451	482	62	455	524	0
482	482	62	540	514	0
513	482	62	637	502	0
544	482	62	742	492	0
575	482	62	858	476	0
606	482	62	975	459	0
637	482	62	1023	442	0
668	482	62	1023	425	0
800	482	62	1023	319	0
924	482	62	1023	228	1
0	513	62	0	597	98
62	513	62	0	599	93
123	513	62	0	601	77
185	513	62	0	607	43
254	513	62	15	618	0
308	513	62	126	614	0
386	513	62	276	604	0
451	513	62	425	592	0
482	513	62	510	584	0
513	513	62	605	573	0
544	513	62	711	561	0
575	513	62	821	548	0
606	513	62	948	532	0
637	513	62	1023	512	0
668	513	62	1023	492	0
800	513	62	1023	380	0
924	513	62	1023	265	1
0	544	62	0	662	104
62	544	62	0	664	99
123	544	62	0	666	84
185	544	62	0	673	52
254	544	62	0	687	0
308	544	62	105	685	0
386	544	62	253	676	0
451	544	62	400	664	0
482	544	62	480	658	0
513	544	62	572	646	0
544	544	62	674	634	0
575	544	62	783	621	0
606	544	62	910	605	0
637	544	62	1017	589	0
668	544	62	1019	570	0
800	544	62	1023	446	0
924	544	62	1023	306	0
0	575	62	0	731	109
62	575	62	0	733	104
123	575	62	0	736	87
185	575	62	0	745	60
254	575	62	0	757	2
308	575	62	82	759	0
386	575	62	227	749	0
451	575	62	372	740	0
482	575	62	449	733	0
513	575	62	538	726	0
544	575	62	636	714	0
575	575	62	749	705	0
606	575	62	871	692	0
637	575	62	1005	677	0
668	575	62	1011	650	0
800	575	62	1023	521	0
924	575	62	1023	356	0
0	606	62	0	803	115
62	606	62	0	806	111
123	606	62	0	808	95
185	606	62	0	820	68
254	606	62	0	834	18
308	606	62	57	842	0
386	606	62	202	832	0
451	606	62	343	824	0
482	606	62	419	819	0
513	606	62	506	810	0
544	606	62	600	802	0
575	606	62	714	792	0
606	606	62	834	783	0
637	606	62	972	770	0
668	606	62	1000	743	0
800	606	62	1023	605	0
924	606	62	1023	416	0
0	637	62	0	887	122
62	637	62	0	890	117
123	637	62	0	894	102
185	637	62	0	907	76
254	637	62	0	923	29
308	637	62	27	936	0
386	637	62	180	929	0
451	637	62	317	920	0
482	637	62	391	916	0
513	637	62	475	910	0
544	637	62	571	900	0
575	637	62	677	892	0
606	637	62	798	880	0
637	637	62	934	869	0
668	637	62	985	842	0
800	637	62	1023	694	0
924	637	62	1023	488	0
0	668	62	0	985	130
62	668	62	0	985	125
123	668	62	0	988	101
185	668	62	0	989	67
254	668	62	0	991	18
308	668	62	0	992	0
386	668	62	157	992	0
451	668	62	288	991	0
482	668	62	363	987	0
513	668	62	443	986	0
544	668	62	535	984	0
575	668	62	638	979	0
606	668	62	749	970	0
637	668	62	877	957	0
668	668	62	957	934	0
800	668	62	1023	788	0
924	668	62	1023	565	0
0	800	62	0	1021	156
62	800	62	0	1022	152
123	800	62	0	1022	132
185	800	62	0	1023	128
254	800	62	0	1023	66
308	800	62	0	1023	25
386	800	62	41	1023	0
451	800	62	164	1023	0
482	800	62	219	1023	0
513	800	62	284	1023	0
544	800	62	353	1023	0
575	800	62	433	1023	0
606	800	62	523	1023	0
637	800	62	626	1023	0
668	800	62	738	1023	0
800	800	62	1023	1023	0
924	800	62	1023	922	0
0	924	62	0	1023	163
62	924	62	0	1023	159
123	924	62	0	1023	149
185	924	62	0	1023	137
254	924	62	0	1023	101
308	924	62	0	1023	73
386	924	62	0	1023	4
451	924	62	72	1023	0
482	924	62	129	1023	0
513	924	62	188	1023	0
544	924	62	251	1023	0
575	924	62	317	1023	0
606	924	62	397	1023	0
637	924	62	484	1023	0
668	924	62	584	1023	0
800	924	62	1000	1023	0
924	924	62	1023	1023	0
0	0	123	0	0	193
62	0	123	69	0	167
123	0	123	141	0	122
185	0	123	202	0	95
254	0	123	268	0	79
308	0	123	334	0	72
386	0	123	456	0	67
451	0	123	582	0	65
482	0	123	654	0	65
513	0	123	735	0	64
544	0	123	822	0	64
575	0	123	919	0	64
606	0	123	998	0	62
637	0	123	1023	0	56
668	0	123	1023	0	56
800	0	123	1023	0	41
924	0	123	1023	0	35
0	62	123	0	61	154
62	62	123	49	53	146
123	62	123	131	35	116
185	62	123	200	11	92
254	62	123	275	0	72
308	62	123	344	0	67
386	62	123	467	0	63
451	62	123	596	0	62
482	62	123	669	0	62
513	62	123	748	0	62
544	62	123	836	0	61
575	62	123	935	0	61
606	62	123	1005	0	60
637	62	123	1023	0	54
668	62	123	1023	0	54
800	62	123	1023	0	40
924	62	123	1023	0	34
0	123	123	0	108	82
62	123	123	0	107	105
123	123	123	98	98	98
185	123	123	179	79	96
254	123	123	266	52	70
308	123	123	344	35	61
386	123	123	485	6	55
451	123	123	636	0	50
482	123	123	711	0	51
513	123	123	797	0	52
544	123	123	883	0	52
575	123	123	983	0	52
606	123	123	1023	0	49
637	123	123	1023	0	48
668	123	123	1023	0	48
800	123	123	1023	0	34
924	123	123	1023	0	28
0	185	123	0	156	85
62	185	123	0	155	74
123	185	123	46	152	75
185	185	123	146	143	67
254	185	123	241	123	74
308	185	123	326	108	62
386	185	123	473	86	55
451	185	123	626	68	49
482	185	123	710	59	48
513	185	123	808	50	47
544	185	123	912	40	45
575	185	123	1001	29	43
606	185	123	1023	16	40
637	185	123	1023	2	38
668	185	123	1023	0	34
800	185	123	1023	0	23
924	185	123	1023	0	18
0	254	123	0	214	99
62	254	123	0	213	89
123	254	123	0	211	59
185	254	123	100	206	58
254	254	123	202	196	54
308	254	123	295	185	59
386	254	123	449	165	53
451	254	123	605	147	48
482	254	123	692	138	47
513	254	123	788	130	46
544	254	123	891	120	42
575	254	123	993	110	41
606	254	123	1023	100	39
637	254	123	1023	90	36
668	254	123	1023	80	33
800	254	123	1023	18	11
924	254	123	1023	21	13
0	308	123	0	273	105
62	308	123	0	273	97
123	308	123	0	271	67
185	308	123	61	270	49
254	308	123	171	263	49
308	308	123	265	255	47
386	308	123	422	234	49
451	308	123	581	216	45
482	308	123	669	206	45
513	308	123	767	198	43
544	308	123	868	187	42
575	308	123	980	177	39
606	308	123	1023	166	31
637	308	123	1023	154	30
668	308	123	1023	144	29
800	308	123	1023	86	10
924	308	123	1023	70	12
0	386	123	0	373	110
62	386	123	0	373	103
123	386	123	0	375	86
185	386	123	0	378	44
254	386	123	119	374	40
308	386	123	211	369	40
386	386	123	371	355	40
451	386	123	533	336	42
482	386	123	621	326	39
513	386	123	721	317	39
544	386	123	826	305	38
575	386	123	943	293	37
606	386	123	1023	279	34
637	386	123	1023	266	32
668	386	123	1023	252	31
800	386	123	1023	177	12
924	386	123	1023	133	7
0	451	123	0	477	124
62	451	123	0	477	118
123	451	123	0	481	97
185	451	123	0	486	64
254	451	123	70	488	33
308	451	123	166	486	33
386	451	123	320	473	33
451	451	123	482	459	32
482	451	123	570	450	33
513	451	123	665	438	34
544	451	123	773	426	33
575	451	123	890	412	32
606	451	123	996	397	31
637	451	123	1023	381	28
668	451	123	1023	364	28
800	451	123	1023	269	12
924	451	123	1023	194	4
0	482	123	0	535	129
62	482	123	0	537	124
123	482	123	0	539	105
185	482	123	0	545	72
254	482	123	39	553	28
308	482	123	142	549	29
386	482	123	296	539	29
451	482	123	453	524	29
482	482	123	540	514	29
513	482	123	637	502	30
544	482	123	742	492	30
575	482	123	858	476	29
606	482	123	975	459	28
637	482	123	1023	442	24
668	482	123	1023	425	24
800	482	123	1023	320	6
924	482	123	1023	227	4
0	513	123	0	594	134
62	513	123	0	597	129
123	513	123	0	599	112
185	513	123	0	607	80
254	513	123	1	618	25
308	513	123	117	614	24
386	513	123	270	604	25
451	513	123	422	592	25
482	513	123	508	584	25
513	513	123	603	574	25
544	513	123	708	561	26
575	513	123	821	548	26
606	513	123	948	532	25
637	513	123	1023	512	23
668	513	123	1023	492	22
800	513	123	1023	378	7
924	513	123	1023	265	3
0	544	123	0	660	138
62	544	123	0	662	134
123	544	123	0	664	117
185	544	123	0	673	85
254	544	123	0	687	36
308	544	123	90	687	20
386	544	123	242	678	21
451	544	123	392	666	22
482	544	123	474	658	21
513	544	123	567	647	21
544	544	123	669	634	22
575	544	123	781	619	22
606	544	123	910	605	22
637	544	123	1017	589	21
668	544	123	1020	567	20
800	544	123	1023	446	8
924	544	123	1023	304	3
0	575	123	0	728	142
62	575	123	0	731	137
123	575	123	0	736	123
185	575	123	0	743	93
254	575	123	0	757	44
308	575	123	60	762	16
386	575	123	212	751	16
451	575	123	360	743	17
482	575	123	439	736	17
513	575	123	530	726	18
544	575	123	631	717	17
575	575	123	743	705	17
606	575	123	868	692	17
637	575	123	1005	674	18
668	575	123	1011	650	17
800	575	123	1023	518	8
924	575	123	1023	354	3
0	606	123	0	800	147
62	606	123	0	803	138
123	606	123	0	808	128
185	606	123	0	817	100
254	606	123	0	834	55
308	606	123	23	845	12
386	606	123	183	838	12
451	606	123	326	827	12
482	606	123	404	823	13
513	606	123	492	813	13
544	606	123	591	805	13
575	606	123	701	795	13
606	606	123	827	784	14
637	606	123	968	770	14
668	606	123	1000	743	14
800	606	123	1023	598	7
924	606	123	1023	413	2
0	637	123	0	884	153
62	637	123	0	887	148
123	637	123	0	890	133
185	637	123	0	903	108
254	637	123	0	923	64
308	637	123	0	942	13
386	637	123	158	936	7
451	637	123	295	927	8
482	637	123	373	919	9
513	637	123	457	913	9
544	637	123	554	905	9
575	637	123	663	896	9
606	637	123	785	884	9
637	637	123	923	870	9
668	637	123	985	843	8
800	637	123	1023	690	5
924	637	123	1023	480	2
0	668	123	0	981	159
62	668	123	0	985	155
123	668	123	0	988	140
185	668	123	0	989	109
254	668	123	0	991	72
308	668	123	0	992	22
386	668	123	127	993	1
451	668	123	262	992	1
482	668	123	338	989	2
513	668	123	419	987	2
544	668	123	513	986	2
575	668	123	618	981	2
606	668	123	734	971	2
637	668	123	862	959	2
668	668	123	955	936	2
800	668	123	1023	784	4
924	668	123	1023	555	2
0	800	123	0	1021	163
62	800	123	0	1021	158
123	800	123	0	1022	179
185	800	123	0	1023	144
254	800	123	0	1023	93
308	800	123	0	1023	57
386	800	123	0	1023	1
451	800	123	122	1023	0
482	800	123	183	1023	0
513	800	123	245	1023	0
544	800	123	313	1023	0
575	800	123	394	1023	0
606	800	123	484	1023	0
637	800	123	588	1023	0
668	800	123	702	1023	0
800	800	123	1023	1023	0
924	800	123	1023	917	0
0	924	123	0	1023	190
62	924	123	0	1023	187
123	924	123	0	1023	177
185	924	123	0	1023	156
254	924	123	0	1023	131
308	924	123	0	1023	94
386	924	123	0	1023	37
451	924	123	4	1023	0
482	924	123	86	1023	0
513	924	123	147	1023	0
544	924	123	207	1023	0
575	924	123	276	1023	0
606	924	123	352	1023	0
637	924	123	439	1023	0
668	924	123	539	1023	0
800	924	123	976	1023	0
924	924	123	1023	1023	0
0	0	185	0	11	259
62	0	185	43	0	248
123	0	185	126	0	203
185	0	185	195	0	147
254	0	185	265	0	139
308	0	185	331	0	127
386	0	185	452	0	118
451	0	185	578	0	112
482	0	185	652	0	111
513	0	185	730	0	111
544	0	185	819	0	110
575	0	185	912	0	108
606	0	185	997	0	106
637	0	185	1023	0	101
668	0	185	1023	0	101
800	0	185	1023	0	82
924	0	185	1023	0	72
0	62	185	0	54	219
62	62	185	30	44	223
123	62	185	119	30	195
185	62	185	193	9	165
254	62	185	272	0	138
308	62	185	340	0	124
386	62	185	463	0	115
451	62	185	591	0	110
482	62	185	664	0	109
513	62	185	746	0	109
544	62	185	833	0	107
575	62	185	928	0	106
606	62	185	1002	0	104
637	62	185	1023	0	100
668	62	185	1023	0	99
800	62	185	1023	0	81
924	62	185	1023	0	70
0	123	185	0	106	169
62	123	185	0	103	184
123	123	185	90	94	177
185	123	185	174	77	157
254	123	185	262	51	135
308	123	185	340	33	120
386	123	185	484	5	108
451	123	185	634	0	100
482	123	185	709	0	99
513	123	185	794	0	99
544	123	185	880	0	97
575	123	185	981	0	97
606	123	185	1023	0	93
637	123	185	1023	0	93
668	123	185	1023	0	92
800	123	185	1023	0	76
924	123	185	1023	0	65
0	185	185	0	154	148
62	185	185	0	153	148
123	185	185	38	149	146
185	185	185	142	142	142
254	185	185	238	122	140
308	185	185	324	106	123
386	185	185	471	85	107
451	185	185	624	67	99
482	185	185	708	58	96
513	185	185	805	50	93
544	185	185	909	39	90
575	185	185	999	28	88
606	185	185	1023	15	84
637	185	185	1023	2	81
668	185	185	1023	0	79
800	185	185	1023	0	66
924	185	185	1023	0	57
0	254	185	0	210	138
62	254	185	0	210	133
123	254	185	0	209	124
185	254	185	96	205	118
254	254	185	200	196	114
308	254	185	293	184	119
386	254	185	447	165	110
451	254	185	603	147	99
482	254	185	689	138	96
513	254	185	786	130	93
544	254	185	891	120	89
575	254	185	991	110	86
606	254	185	1023	100	83
637	254	185	1023	90	80
668	254	185	1023	79	77
800	254	185	1023	18	57
924	254	185	1023	19	52
0	308	185	0	269	143
62	308	185	0	269	138
123	308	185	0	270	117
185	308	185	56	268	109
254	308	185	169	263	108
308	308	185	263	255	101
386	308	185	420	234	106
451	308	185	578	216	96
482	308	185	667	205	94
513	308	185	765	197	92
544	308	185	868	187	89
575	308	185	979	177	84
606	308	185	1023	166	76
637	308	185	1023	154	75
668	308	185	1023	143	74
800	308	185	1023	86	56
924	308	185	1023	70	51
0	386	185	0	370	158
62	386	185	0	372	152
123	386	185	0	373	134
185	386	185	0	378	99
254	386	185	116	374	94
308	386	185	210	369	94
386	386	185	369	354	91
451	386	185	531	336	95
482	386	185	619	326	91
513	386	185	718	316	88
544	386	185	823	304	87
575	386	185	943	293	85
606	386	185	1021	278	82
637	386	185	1023	266	78
668	386	185	1023	252	77
800	386	185	1023	177	59
924	386	185	1023	132	49
0	451	185	0	475	166
62	451	185	0	475	162
123	451	185	0	479	148
185	451	185	0	484	114
254	451	185	67	488	86
308	451	185	164	484	85
386	451	185	317	474	85
451	451	185	480	459	84
482	451	185	568	450	83
513	451	185	663	437	86
544	451	185	770	427	82
575	451	185	887	413	81
606	451	185	994	395	78
637	451	185	1023	379	74
668	451	185	1023	364	74
800	451	185	1023	269	58
924	451	185	1023	194	44
0	482	185	0	533	172
62	482	185	0	533	167
123	482	185	0	537	155
185	482	185	0	543	123
254	482	185	35	553	82
308	482	185	141	549	82
386	482	185	295	537	82
451	482	185	449	524	80
482	482	185	538	515	79
513	482	185	635	503	79
544	482	185	739	492	80
575	482	185	855	476	77
606	482	185	972	460	76
637	482	185	1023	442	71
668	482	185	1023	425	70
800	482	185	1023	320	49
924	482	185	1023	226	41
0	513	185	0	592	176
62	513	185	0	592	172
123	513	185	0	597	155
185	513	185	0	605	130
254	513	185	0	618	77
308	513	185	116	614	77
386	513	185	269	604	77
451	513	185	420	592	77
482	513	185	505	584	76
513	513	185	603	574	75
544	513	185	708	561	75
575	513	185	818	548	76
606	513	185	945	530	74
637	513	185	1023	512	70
668	513	185	1023	492	68
800	513	185	1023	378	50
924	513	185	1023	264	37
0	544	185	0	657	182
62	544	185	0	657	177
123	544	185	0	662	160
185	544	185	0	671	135
254	544	185	0	685	86
308	544	185	87	687	73
386	544	185	241	678	73
451	544	185	391	666	73
482	544	185	472	658	73
513	544	185	565	647	71
544	544	185	669	634	72
575	544	185	781	619	70
606	544	185	906	606	70
637	544	185	1017	590	68
668	544	185	1020	567	67
800	544	185	1023	444	49
924	544	185	1023	304	33
0	575	185	0	726	186
62	575	185	0	726	183
123	575	185	0	731	166
185	575	185	0	740	141
254	575	185	0	755	94
308	575	185	57	762	69
386	575	185	210	751	68
451	575	185	358	741	68
482	575	185	437	736	68
513	575	185	527	725	68
544	575	185	628	714	67
575	575	185	743	705	66
606	575	185	868	689	66
637	575	185	1005	674	66
668	575	185	1011	651	65
800	575	185	1023	518	49
924	575	185	1023	354	31
0	606	185	0	798	195
62	606	185	0	798	190
123	606	185	0	803	171
185	606	185	0	814	143
254	606	185	0	831	102
308	606	185	19	845	63
386	606	185	181	838	64
451	606	185	325	827	63
482	606	185	402	823	64
513	606	185	490	813	64
544	606	185	589	802	63
575	606	185	701	795	63
606	606	185	824	784	62
637	606	185	968	770	61
668	606	185	1000	741	62
800	606	185	1023	599	47
924	606	185	1023	414	30
0	637	185	0	881	195
62	637	185	0	881	189
123	637	185	0	887	177
185	637	185	0	900	151
254	637	185	0	920	111
308	637	185	0	942	65
386	637	185	156	936	59
451	637	185	292	927	59
482	637	185	371	919	59
513	637	185	455	913	59
544	637	185	554	905	59
575	637	185	660	896	59
606	637	185	785	884	58
637	637	185	920	870	57
668	637	185	984	843	49
800	637	185	1023	688	45
924	637	185	1023	480	28
0	668	185	0	978	201
62	668	185	0	978	197
123	668	185	0	985	186
185	668	185	0	989	144
254	668	185	0	990	115
308	668	185	0	992	56
386	668	185	126	993	44
451	668	185	261	992	45
482	668	185	337	989	45
513	668	185	417	987	47
544	668	185	511	986	46
575	668	185	616	981	46
606	668	185	731	972	46
637	668	185	862	959	45
668	668	185	954	937	39
800	668	185	1023	784	42
924	668	185	1023	558	27
0	800	185	0	1021	228
62	800	185	0	1021	223
123	800	185	0	1022	205
185	800	185	0	1022	174
254	800	185	0	1023	129
308	800	185	0	1023	99
386	800	185	0	1023	28
451	800	185	119	1023	17
482	800	185	180	1023	18
513	800	185	243	1023	18
544	800	185	311	1023	19
575	800	185	392	1023	19
606	800	185	482	1023	20
637	800	185	586	1023	19
668	800	185	700	1023	20
800	800	185	1023	1023	21
924	800	185	1023	917	18
0	924	185	0	1023	222
62	924	185	0	1023	217
123	924	185	0	1023	218
185	924	185	0	1023	200
254	924	185	0	1023	167
308	924	185	0	1023	131
386	924	185	0	1023	77
451	924	185	0	1023	4
482	924	185	62	1023	4
513	924	185	124	1023	4
544	924	185	188	1023	4
575	924	185	257	1023	4
606	924	185	330	1023	4
637	924	185	418	1023	4
668	924	185	516	1023	4
800	924	185	966	1023	4
924	924	185	1023	1023	5
0	0	254	0	21	313
62	0	254	0	0	327
123	0	254	105	0	301
185	0	254	183	0	231
254	0	254	259	0	204
308	0	254	326	0	185
386	0	254	448	0	183
451	0	254	573	0	175
482	0	254	647	0	174
513	0	254	727	0	172
544	0	254	813	0	170
575	0	254	909	0	167
606	0	254	994	0	164
637	0	254	1023	0	156
668	0	254	1023	0	155
800	0	254	1023	0	128
924	0	254	1023	0	112
0	62	254	0	47	291
62	62	254	0	31	315
123	62	254	99	22	300
185	62	254	181	5	260
254	62	254	264	0	222
308	62	254	334	0	187
386	62	254	458	0	183
451	62	254	587	0	175
482	62	254	659	0	173
513	62	254	740	0	171
544	62	254	827	0	169
575	62	254	922	0	166
606	62	254	1001	0	163
637	62	254	1023	0	155
668	62	254	1023	0	154
800	62	254	1023	0	127
924	62	254	1023	0	110
0	123	254	0	100	241
62	123	254	0	96	264
123	123	254	73	87	273
185	123	254	164	72	250
254	123	254	255	49	220
308	123	254	336	31	200
386	123	254	479	3	181
451	123	254	631	0	170
482	123	254	704	0	167
513	123	254	789	0	165
544	123	254	874	0	162
575	123	254	977	0	159
606	123	254	1022	0	156
637	123	254	1023	0	150
668	123	254	1023	0	149
800	123	254	1023	0	123
924	123	254	1023	0	104
0	185	254	0	150	206
62	185	254	0	149	216
123	185	254	20	146	203
185	185	254	134	138	229
254	185	254	232	119	209
308	185	254	319	105	195
386	185	254	467	85	180
451	185	254	620	67	169
482	185	254	703	58	164
513	185	254	802	49	160
544	185	254	906	37	156
575	185	254	998	27	151
606	185	254	1023	14	145
637	185	254	1023	2	141
668	185	254	1023	0	137
800	185	254	1023	0	113
924	185	254	1023	0	93
0	254	254	0	206	196
62	254	254	0	206	197
123	254	254	0	206	200
185	254	254	90	203	198
254	254	254	194	194	194
308	254	254	289	183	197
386	254	254	444	164	183
451	254	254	601	146	167
482	254	254	685	137	162
513	254	254	783	129	159
544	254	254	884	119	154
575	254	254	988	109	149
606	254	254	1023	99	144
637	254	254	1023	89	139
668	254	254	1023	78	135
800	254	254	1023	16	102
924	254	254	1023	16	90
0	308	254	0	265	188
62	308	254	0	265	186
123	308	254	0	267	179
185	308	254	49	268	185
254	308	254	165	262	183
308	308	254	258	255	174
386	308	254	416	235	179
451	308	254	576	215	167
482	308	254	662	205	163
513	308	254	759	197	159
544	308	254	863	187	156
575	308	254	977	176	146
606	308	254	1023	165	144
637	308	254	1023	154	139
668	308	254	1023	143	134
800	308	254	1023	85	102
924	308	254	1023	68	88
0	386	254	0	368	208
62	386	254	0	368	205
123	386	254	0	370	192
185	386	254	0	377	164
254	386	254	111	375	167
308	386	254	206	368	166
386	386	254	363	353	160
451	386	254	527	335	165
482	386	254	616	326	161
513	386	254	713	316	157
544	386	254	819	304	153
575	386	254	936	293	149
606	386	254	1019	278	145
637	386	254	1023	265	138
668	386	254	1023	251	137
800	386	254	1023	176	107
924	386	254	1023	131	87
0	451	254	0	471	223
62	451	254	0	473	220
123	451	254	0	475	208
185	451	254	0	482	181
254	451	254	61	488	155
308	451	254	159	483	155
386	451	254	314	471	154
451	451	254	475	460	151
482	451	254	564	448	156
513	451	254	660	437	154
544	451	254	766	427	149
575	451	254	884	413	146
606	451	254	991	396	142
637	451	254	1023	380	136
668	451	254	1023	364	136
800	451	254	1023	268	108
924	451	254	1023	193	84
0	482	254	0	529	224
62	482	254	0	531	220
123	482	254	0	535	212
185	482	254	0	541	186
254	482	254	28	551	151
308	482	254	137	548	151
386	482	254	291	536	149
451	482	254	444	524	148
482	482	254	534	515	145
513	482	254	629	503	144
544	482	254	737	491	146
575	482	254	852	476	142
606	482	254	969	458	138
637	482	254	1023	441	131
668	482	254	1023	424	129
800	482	254	1023	319	94
924	482	254	1023	225	82
0	513	254	0	588	236
62	513	254	0	590	227
123	513	254	0	594	213
185	513	254	0	603	192
254	513	254	0	616	146
308	513	254	111	613	144
386	513	254	264	604	144
451	513	254	417	592	142
482	513	254	501	585	141
513	513	254	598	574	140
544	513	254	703	562	138
575	513	254	815	547	141
606	513	254	940	529	135
637	513	254	1023	512	131
668	513	254	1023	493	129
800	513	254	1023	379	98
924	513	254	1023	263	79
0	544	254	0	653	245
62	544	254	0	655	239
123	544	254	0	660	219
185	544	254	0	669	198
254	544	254	0	682	149
308	544	254	83	685	138
386	544	254	237	678	138
451	544	254	387	667	138
482	544	254	467	658	137
513	544	254	560	647	135
544	544	254	663	635	134
575	544	254	775	620	132
606	544	254	903	606	135
637	544	254	1017	588	129
668	544	254	1019	568	128
800	544	254	1023	445	101
924	544	254	1023	303	76
0	575	254	0	722	251
62	575	254	0	723	246
123	575	254	0	728	223
185	575	254	0	738	195
254	575	254	0	752	156
308	575	254	53	762	132
386	575	254	206	751	133
451	575	254	355	741	132
482	575	254	433	736	131
513	575	254	523	725	131
544	575	254	623	715	130
575	575	254	737	703	128
606	575	254	862	690	127
637	575	254	1005	675	127
668	575	254	1011	651	126
800	575	254	1023	519	102
924	575	254	1023	354	76
0	606	254	0	795	254
62	606	254	0	795	251
123	606	254	0	800	233
185	606	254	0	811	204
254	606	254	0	828	164
308	606	254	12	845	127
386	606	254	178	838	127
451	606	254	321	827	127
482	606	254	398	820	127
513	606	254	488	813	126
544	606	254	586	803	126
575	606	254	695	792	125
606	606	254	820	780	124
637	606	254	961	768	123
668	606	254	999	742	123
800	606	254	1023	600	101
924	606	254	1023	413	75
0	637	254	0	879	258
62	637	254	0	879	254
123	637	254	0	884	242
185	637	254	0	897	212
254	637	254	0	916	172
308	637	254	0	939	129
386	637	254	153	936	122
451	637	254	289	928	121
482	637	254	368	920	122
513	637	254	451	913	122
544	637	254	550	905	121
575	637	254	658	893	121
606	637	254	779	884	120
637	637	254	916	871	119
668	637	254	984	844	107
800	637	254	1023	689	101
924	637	254	1023	480	75
0	668	254	0	975	264
62	668	254	0	975	260
123	668	254	0	981	248
185	668	254	0	989	193
254	668	254	0	990	176
308	668	254	0	992	112
386	668	254	123	992	111
451	668	254	258	992	110
482	668	254	333	989	111
513	668	254	414	986	111
544	668	254	509	986	111
575	668	254	612	981	111
606	668	254	728	972	110
637	668	254	855	960	108
668	668	254	954	938	98
800	668	254	1023	785	100
924	668	254	1023	558	74
0	800	254	0	1021	267
62	800	254	0	1021	262
123	800	254	0	1021	241
185	800	254	0	1022	266
254	800	254	0	1023	180
308	800	254	0	1023	143
386	800	254	0	1023	90
451	800	254	116	1023	81
482	800	254	177	1023	80
513	800	254	240	1023	81
544	800	254	308	1023	81
575	800	254	389	1023	81
606	800	254	479	1023	81
637	800	254	583	1023	82
668	800	254	697	1023	81
800	800	254	1023	1023	79
924	800	254	1023	917	72
0	924	254	0	1023	291
62	924	254	0	1023	286
123	924	254	0	1023	275
185	924	254	0	1023	252
254	924	254	0	1023	214
308	924	254	0	1023	185
386	924	254	0	1023	127
451	924	254	0	1023	71
482	924	254	58	1023	66
513	924	254	122	1023	67
544	924	254	187	1023	67
575	924	254	254	1023	67
606	924	254	328	1023	67
637	924	254	414	1023	68
668	924	254	514	1023	68
800	924	254	964	1023	70
924	924	254	1023	1023	69
0	0	308	0	16	369
62	0	308	0	0	394
123	0	308	86	0	372
185	0	308	169	0	310
254	0	308	251	0	277
308	0	308	321	0	252
386	0	308	445	0	239
451	0	308	571	0	230
482	0	308	642	0	232
513	0	308	722	0	228
544	0	308	810	0	225
575	0	308	902	0	221
606	0	308	992	0	218
637	0	308	1023	0	213
668	0	308	1023	0	209
800	0	308	1023	0	179
924	0	308	1023	0	150
0	62	308	0	37	348
62	62	308	0	22	389
123	62	308	76	12	374
185	62	308	165	0	346
254	62	308	254	0	286
308	62	308	328	0	257
386	62	308	456	0	242
451	62	308	584	0	231
482	62	308	655	0	232
513	62	308	735	0	227
544	62	308	824	0	224
575	62	308	919	0	220
606	62	308	998	0	217
637	62	308	1023	0	211
668	62	308	1023	0	208
800	62	308	1023	0	178
924	62	308	1023	0	148
0	123	308	0	94	302
62	123	308	0	89	328
123	123	308	52	78	353
185	123	308	151	66	333
254	123	308	245	46	300
308	123	308	329	29	276
386	123	308	475	3	254
451	123	308	622	0	237
482	123	308	699	0	230
513	123	308	783	0	225
544	123	308	872	0	219
575	123	308	970	0	217
606	123	308	1020	0	212
637	123	308	1023	0	206
668	123	308	1023	0	203
800	123	308	1023	0	171
924	123	308	1023	0	142
0	185	308	0	148	257
62	185	308	0	146	273
123	185	308	4	141	279
185	185	308	124	134	311
254	185	308	224	117	289
308	185	308	312	104	271
386	185	308	462	84	250
451	185	308	614	65	235
482	185	308	699	57	228
513	185	308	797	48	222
544	185	308	903	37	215
575	185	308	997	26	210
606	185	308	1023	12	202
637	185	308	1023	2	196
668	185	308	1023	0	191
800	185	308	1023	0	159
924	185	308	1023	0	131
0	254	308	0	204	243
62	254	308	0	204	248
123	254	308	0	205	268
185	254	308	81	201	260
254	254	308	188	191	270
308	254	308	283	182	262
386	254	308	439	164	247
451	254	308	595	145	232
482	254	308	681	137	227
513	254	308	779	128	222
544	254	308	881	119	215
575	254	308	987	109	208
606	254	308	1023	99	201
637	254	308	1023	88	195
668	254	308	1023	78	190
800	254	308	1023	16	147
924	254	308	1023	14	125
0	308	308	0	263	246
62	308	308	0	263	248
123	308	308	0	265	251
185	308	308	40	266	258
254	308	308	160	260	256
308	308	308	254	254	254
386	308	308	413	234	250
451	308	308	572	215	232
482	308	308	659	204	224
513	308	308	756	196	220
544	308	308	860	186	213
575	308	308	976	175	208
606	308	308	1023	164	200
637	308	308	1023	154	195
668	308	308	1023	143	189
800	308	308	1023	85	148
924	308	308	1023	67	124
0	386	308	0	365	249
62	386	308	0	367	247
123	386	308	0	370	241
185	386	308	0	375	226
254	386	308	106	373	233
308	386	308	202	366	232
386	386	308	359	353	224
451	386	308	522	335	233
482	386	308	611	325	223
513	386	308	710	317	218
544	386	308	815	305	215
575	386	308	933	292	209
606	386	308	1017	279	205
637	386	308	1023	265	194
668	386	308	1023	252	192
800	386	308	1023	176	147
924	386	308	1023	130	122
0	451	308	0	469	271
62	451	308	0	471	268
123	451	308	0	473	260
185	451	308	0	481	238
254	451	308	56	488	218
308	451	308	156	483	218
386	451	308	311	471	217
451	451	308	472	458	213
482	451	308	562	449	219
513	451	308	655	437	216
544	451	308	761	425	208
575	451	308	881	412	205
606	451	308	989	396	201
637	451	308	1023	380	191
668	451	308	1023	363	190
800	451	308	1023	269	155
924	451	308	1023	192	119
0	482	308	0	527	281
62	482	308	0	529	274
123	482	308	0	533	265
185	482	308	0	539	244
254	482	308	19	551	212
308	482	308	133	546	212
386	482	308	288	536	211
451	482	308	441	521	208
482	482	308	529	513	206
513	482	308	627	501	209
544	482	308	731	491	206
575	482	308	846	477	200
606	482	308	966	459	195
637	482	308	1023	441	185
668	482	308	1023	424	183
800	482	308	1023	320	138
924	482	308	1023	224	117
0	513	308	0	586	291
62	513	308	0	588	283
123	513	308	0	592	272
185	513	308	0	601	249
254	513	308	0	616	208
308	513	308	107	613	205
386	513	308	261	604	203
451	513	308	413	590	203
482	513	308	496	585	202
513	513	308	595	574	199
544	513	308	698	562	196
575	513	308	813	545	200
606	513	308	936	529	193
637	513	308	1023	511	184
668	513	308	1023	493	182
800	513	308	1023	379	143
924	513	308	1023	263	114
0	544	308	0	653	297
62	544	308	0	653	294
123	544	308	0	657	276
185	544	308	0	666	254
254	544	308	0	682	209
308	544	308	79	685	198
386	544	308	234	676	198
451	544	308	384	664	197
482	544	308	463	657	195
513	544	308	558	647	193
544	544	308	661	635	190
575	544	308	772	620	188
606	544	308	899	606	191
637	544	308	1017	588	183
668	544	308	1019	568	182
800	544	308	1023	446	147
924	544	308	1023	303	111
0	575	308	0	719	303
62	575	308	0	719	300
123	575	308	0	724	282
185	575	308	0	734	258
254	575	308	0	752	213
308	575	308	47	762	190
386	575	308	202	752	189
451	575	308	351	741	188
482	575	308	431	733	187
513	575	308	521	725	187
544	575	308	620	715	185
575	575	308	734	703	184
606	575	308	859	690	181
637	575	308	1001	675	184
668	575	308	1011	649	179
800	575	308	1023	520	149
924	575	308	1023	356	112
0	606	308	0	793	297
62	606	308	0	793	304
123	606	308	0	798	293
185	606	308	0	808	263
254	606	308	0	828	221
308	606	308	3	845	181
386	606	308	176	835	182
451	606	308	318	827	182
482	606	308	397	820	182
513	606	308	484	813	181
544	606	308	582	803	180
575	606	308	692	792	179
606	606	308	816	779	178
637	606	308	958	768	176
668	606	308	999	742	177
800	606	308	1023	601	149
924	606	308	1023	414	112
0	637	308	0	876	305
62	637	308	0	876	301
123	637	308	0	881	289
185	637	308	0	894	268
254	637	308	0	913	230
308	637	308	0	936	186
386	637	308	149	936	176
451	637	308	286	924	176
482	637	308	364	920	177
513	637	308	447	913	177
544	637	308	547	905	176
575	637	308	653	893	175
606	637	308	776	881	173
637	637	308	913	868	173
668	637	308	984	842	156
800	637	308	1023	689	149
924	637	308	1023	480	112
0	668	308	0	972	314
62	668	308	0	972	311
123	668	308	0	978	299
185	668	308	0	988	272
254	668	308	0	990	218
308	668	308	0	992	160
386	668	308	120	992	164
451	668	308	255	992	163
482	668	308	330	989	163
513	668	308	412	986	163
544	668	308	504	986	163
575	668	308	609	981	164
606	668	308	724	972	162
637	668	308	851	961	159
668	668	308	953	939	146
800	668	308	1023	786	146
924	668	308	1023	558	112
0	800	308	0	1020	361
62	800	308	0	1021	356
123	800	308	0	1021	337
185	800	308	0	1022	301
254	800	308	0	1023	222
308	800	308	0	1023	198
386	800	308	0	1023	138
451	800	308	113	1023	127
482	800	308	175	1023	126
513	800	308	236	1023	126
544	800	308	305	1023	127
575	800	308	387	1023	127
606	800	308	477	1023	126
637	800	308	577	1023	126
668	800	308	694	1023	126
800	800	308	1023	1023	123
924	800	308	1023	917	112
0	924	308	0	1023	342
62	924	308	0	1023	340
123	924	308	0	1023	325
185	924	308	0	1023	298
254	924	308	0	1023	278
308	924	308	0	1023	233
386	924	308	0	1023	174
451	924	308	0	1023	115
482	924	308	55	1023	108
513	924	308	120	1023	108
544	924	308	184	1023	108
575	924	308	252	1023	110
606	924	308	325	1023	110
637	924	308	413	1023	110
668	924	308	510	1023	111
800	924	308	964	1023	113
924	924	308	1023	1023	112
0	0	386	0	6	459
62	0	386	0	0	480
123	0	386	62	0	478
185	0	386	149	0	428
254	0	386	234	0	397
308	0	386	310	0	369
386	0	386	438	0	349
451	0	386	565	0	342
482	0	386	637	0	329
513	0	386	716	0	326
544	0	386	803	0	320
575	0	386	899	0	314
606	0	386	987	0	308
637	0	386	1023	0	308
668	0	386	1023	0	302
800	0	386	1023	0	259
924	0	386	1023	0	210
0	62	386	0	20	445
62	62	386	0	8	475
123	62	386	39	2	496
185	62	386	139	0	480
254	62	386	233	0	415
308	62	386	315	0	381
386	62	386	447	0	356
451	62	386	576	0	340
482	62	386	649	0	332
513	62	386	727	0	327
544	62	386	817	0	321
575	62	386	911	0	316
606	62	386	993	0	308
637	62	386	1023	0	307
668	62	386	1023	0	301
800	62	386	1023	0	258
924	62	386	1023	0	208
0	123	386	0	85	409
62	123	386	0	81	432
123	123	386	14	65	486
185	123	386	127	56	469
254	123	386	225	40	436
308	123	386	313	25	411
386	123	386	465	2	382
451	123	386	613	0	356
482	123	386	689	0	344
513	123	386	772	0	337
544	123	386	863	0	329
575	123	386	961	0	320
606	123	386	1017	0	313
637	123	386	1023	0	305
668	123	386	1023	0	299
800	123	386	1023	0	252
924	123	386	1023	0	203
0	185	386	0	141	362
62	185	386	0	139	379
123	185	386	0	130	452
185	185	386	104	122	444
254	185	386	207	111	424
308	185	386	298	100	408
386	185	386	453	81	380
451	185	386	606	64	357
482	185	386	693	55	347
513	185	386	788	46	338
544	185	386	892	35	329
575	185	386	991	23	319
606	185	386	1023	9	309
637	185	386	1023	1	300
668	185	386	1023	0	291
800	185	386	1023	0	238
924	185	386	1023	0	192
0	254	386	0	201	334
62	254	386	0	201	343
123	254	386	0	200	382
185	254	386	66	196	394
254	254	386	177	187	406
308	254	386	271	179	396
386	254	386	431	161	375
451	254	386	587	144	354
482	254	386	673	135	344
513	254	386	770	127	337
544	254	386	873	117	329
575	254	386	982	108	319
606	254	386	1023	97	308
637	254	386	1023	87	298
668	254	386	1023	77	289
800	254	386	1023	14	225
924	254	386	1023	10	185
0	308	386	0	260	328
62	308	386	0	261	332
123	308	386	0	263	354
185	308	386	20	263	362
254	308	386	150	257	360
308	308	386	243	249	383
386	308	386	403	230	366
451	308	386	562	214	351
482	308	386	650	204	343
513	308	386	747	195	336
544	308	386	853	185	327
575	308	386	971	174	319
606	308	386	1023	163	307
637	308	386	1023	153	297
668	308	386	1023	142	288
800	308	386	1023	85	227
924	308	386	1023	65	185
0	386	386	0	362	338
62	386	386	0	364	340
123	386	386	0	365	345
185	386	386	0	372	354
254	386	386	97	370	358
308	386	386	193	363	355
386	386	386	352	352	352
451	386	386	514	333	355
482	386	386	601	325	349
513	386	386	703	316	334
544	386	386	805	304	324
575	386	386	923	292	316
606	386	386	1011	277	306
637	386	386	1023	264	296
668	386	386	1023	251	287
800	386	386	1023	176	228
924	386	386	1023	128	183
0	451	386	0	467	352
62	451	386	0	467	352
123	451	386	0	471	342
185	451	386	0	479	338
254	451	386	44	485	337
308	451	386	148	481	336
386	451	386	304	469	334
451	451	386	463	456	329
482	451	386	550	447	337
513	451	386	647	435	332
544	451	386	754	425	322
575	451	386	869	411	316
606	451	386	984	395	308
637	451	386	1023	379	295
668	451	386	1023	363	293
800	451	386	1023	268	230
924	451	386	1023	190	180
0	482	386	0	525	362
62	482	386	0	527	360
123	482	386	0	531	349
185	482	386	0	537	339
254	482	386	2	551	327
308	482	386	125	545	329
386	482	386	280	534	325
451	482	386	435	521	322
482	482	386	521	511	317
513	482	386	619	501	322
544	482	386	726	491	318
575	482	386	839	474	308
606	482	386	961	457	302
637	482	386	1023	442	286
668	482	386	1023	424	284
800	482	386	1023	320	214
924	482	386	1023	224	178
0	513	386	0	583	371
62	513	386	0	585	371
123	513	386	0	589	356
185	513	386	0	598	344
254	513	386	0	612	323
308	513	386	98	610	318
386	513	386	254	601	316
451	513	386	406	590	314
482	513	386	491	580	313
513	513	386	588	572	307
544	513	386	690	561	314
575	513	386	804	545	310
606	513	386	927	528	298
637	513	386	1023	512	286
668	513	386	1023	492	283
800	513	386	1023	379	220
924	513	386	1023	260	176
0	544	386	0	651	379
62	544	386	0	651	379
123	544	386	0	655	368
185	544	386	0	664	347
254	544	386	0	677	314
308	544	386	70	684	309
386	544	386	226	675	308
451	544	386	377	665	306
482	544	386	458	655	303
513	544	386	551	643	300
544	544	386	651	631	297
575	544	386	767	618	302
606	544	386	890	604	297
637	544	386	1017	589	285
668	544	386	1019	567	282
800	544	386	1023	445	226
924	544	386	1023	303	174
0	575	386	0	716	388
62	575	386	0	716	386
123	575	386	0	721	378
185	575	386	0	730	349
254	575	386	0	745	315
308	575	386	36	758	298
386	575	386	195	749	296
451	575	386	344	741	294
482	575	386	423	734	292
513	575	386	515	723	293
544	575	386	613	715	291
575	575	386	725	703	286
606	575	386	852	689	283
637	575	386	994	673	287
668	575	386	1011	650	278
800	575	386	1023	520	230
924	575	386	1023	354	175
0	606	386	0	788	392
62	606	386	0	788	390
123	606	386	0	793	381
185	606	386	0	804	354
254	606	386	0	822	321
308	606	386	0	845	286
386	606	386	170	835	286
451	606	386	312	825	285
482	606	386	390	820	285
513	606	386	477	810	283
544	606	386	575	803	283
575	606	386	684	793	281
606	606	386	809	779	278
637	606	386	950	768	276
668	606	386	999	743	277
800	606	386	1023	599	231
924	606	386	1023	414	175
0	637	386	0	873	398
62	637	386	0	873	396
123	637	386	0	878	387
185	637	386	0	890	359
254	637	386	0	910	326
308	637	386	0	933	284
386	637	386	143	933	278
451	637	386	281	924	277
482	637	386	360	920	277
513	637	386	441	910	277
544	637	386	540	905	276
575	637	386	648	893	275
606	637	386	767	881	272
637	637	386	906	868	269
668	637	386	983	843	242
800	637	386	1023	689	233
924	637	386	1023	482	176
0	668	386	0	968	397
62	668	386	0	968	395
123	668	386	0	975	393
185	668	386	0	988	368
254	668	386	0	990	306
308	668	386	0	991	246
386	668	386	114	992	266
451	668	386	250	992	265
482	668	386	324	989	264
513	668	386	405	986	264
544	668	386	499	986	263
575	668	386	602	980	261
606	668	386	718	972	261
637	668	386	846	958	256
668	668	386	953	939	231
800	668	386	1023	786	231
924	668	386	1023	558	177
0	800	386	0	1020	413
62	800	386	0	1020	408
123	800	386	0	1021	379
185	800	386	0	1022	421
254	800	386	0	1023	304
308	800	386	0	1023	283
386	800	386	0	1023	221
451	800	386	108	1023	207
482	800	386	170	1023	207
513	800	386	231	1023	206
544	800	386	301	1023	207
575	800	386	382	1023	207
606	800	386	471	1023	206
637	800	386	572	1023	206
668	800	386	688	1023	204
800	800	386	1023	1023	199
924	800	386	1023	922	181
0	924	386	0	1023	427
62	924	386	0	1023	424
123	924	386	0	1023	409
185	924	386	0	1023	407
254	924	386	0	1023	363
308	924	386	0	1023	320
386	924	386	0	1023	257
451	924	386	0	1023	191
482	924	386	49	1023	183
513	924	386	116	1023	183
544	924	386	181	1023	183
575	924	386	248	1023	184
606	924	386	321	1023	184
637	924	386	407	1023	185
668	924	386	505	1023	185
800	924	386	960	1023	188
924	924	386	1023	1023	185
0	0	451	0	2	540
62	0	451	0	0	559
123	0	451	44	0	571
185	0	451	130	0	539
254	0	451	219	0	514
308	0	451	298	0	488
386	0	451	431	0	463
451	0	451	559	0	453
482	0	451	631	0	446
513	0	451	708	0	432
544	0	451	799	0	425
575	0	451	889	0	418
606	0	451	985	0	407
637	0	451	1023	0	369
668	0	451	1023	0	371
800	0	451	1023	0	343
924	0	451	1023	0	276
0	62	451	0	15	530
62	62	451	0	5	550
123	62	451	4	0	606
185	62	451	114	0	595
254	62	451	214	0	539
308	62	451	300	0	507
386	62	451	437	0	475
451	62	451	567	0	453
482	62	451	641	0	444
513	62	451	719	0	437
544	62	451	810	0	428
575	62	451	905	0	420
606	62	451	991	0	410
637	62	451	1023	0	370
668	62	451	1023	0	372
800	62	451	1023	0	341
924	62	451	1023	0	274
0	123	451	0	78	497
62	123	451	0	73	522
123	123	451	0	54	598
185	123	451	105	47	589
254	123	451	205	34	568
308	123	451	299	20	548
386	123	451	453	2	520
451	123	451	599	0	484
482	123	451	676	0	463
513	123	451	763	0	453
544	123	451	851	0	441
575	123	451	950	0	431
606	123	451	1012	0	418
637	123	451	1023	0	374
668	123	451	1023	0	375
800	123	451	1023	0	334
924	123	451	1023	0	268
0	185	451	0	134	452
62	185	451	0	131	472
123	185	451	0	121	556
185	185	451	85	114	575
254	185	451	190	106	564
308	185	451	285	96	545
386	185	451	442	78	515
451	185	451	596	62	487
482	185	451	683	53	474
513	185	451	780	43	468
544	185	451	882	32	452
575	185	451	987	21	440
606	185	451	1023	6	420
637	185	451	1023	1	410
668	185	451	1023	0	398
800	185	451	1023	0	321
924	185	451	1023	0	256
0	254	451	0	197	423
62	254	451	0	197	438
123	254	451	0	194	493
185	254	451	49	189	533
254	254	451	165	182	544
308	254	451	259	176	535
386	254	451	417	158	511
451	254	451	575	143	486
482	254	451	663	134	474
513	254	451	760	125	464
544	254	451	863	116	450
575	254	451	978	106	438
606	254	451	1023	96	421
637	254	451	1023	86	409
668	254	451	1023	76	404
800	254	451	1023	13	310
924	254	451	1023	6	246
0	308	451	0	260	407
62	308	451	0	260	417
123	308	451	0	261	455
185	308	451	2	259	496
254	308	451	139	252	494
308	308	451	231	244	520
386	308	451	392	229	500
451	308	451	554	212	481
482	308	451	640	203	470
513	308	451	740	193	460
544	308	451	842	184	451
575	308	451	959	173	439
606	308	451	1023	162	421
637	308	451	1023	152	409
668	308	451	1023	141	397
800	308	451	1023	84	318
924	308	451	1023	63	246
0	386	451	0	360	415
62	386	451	0	360	419
123	386	451	0	363	435
185	386	451	0	367	468
254	386	451	87	367	468
308	386	451	184	361	466
386	386	451	342	347	483
451	386	451	504	332	469
482	386	451	594	323	463
513	386	451	692	314	453
544	386	451	795	302	444
575	386	451	913	291	435
606	386	451	1008	277	423
637	386	451	1023	263	410
668	386	451	1023	250	398
800	386	451	1023	175	317
924	386	451	1023	127	244
0	451	451	0	464	452
62	451	451	0	465	436
123	451	451	0	469	440
185	451	451	0	475	450
254	451	451	30	482	465
308	451	451	140	479	464
386	451	451	296	468	460
451	451	451	455	455	455
482	451	451	543	446	463
513	451	451	638	435	459
544	451	451	744	423	450
575	451	451	862	410	434
606	451	451	974	395	425
637	451	451	1023	377	405
668	451	451	1023	362	394
800	451	451	1023	268	318
924	451	451	1023	188	242
0	482	451	0	523	450
62	482	451	0	523	450
123	482	451	0	527	442
185	482	451	0	533	447
254	482	451	0	546	453
308	482	451	116	542	453
386	482	451	272	533	448
451	482	451	427	517	442
482	482	451	515	510	436
513	482	451	611	499	443
544	482	451	717	488	439
575	482	451	827	473	434
606	482	451	949	458	416
637	482	451	1023	440	394
668	482	451	1023	423	390
800	482	451	1023	320	318
924	482	451	1023	221	240
0	513	451	0	581	444
62	513	451	0	581	444
123	513	451	0	585	445
185	513	451	0	594	435
254	513	451	0	608	439
308	513	451	89	610	437
386	513	451	246	600	435
451	513	451	401	586	434
482	513	451	483	580	431
513	513	451	580	572	425
544	513	451	682	559	433
575	513	451	796	543	426
606	513	451	919	529	412
637	513	451	1023	510	393
668	513	451	1023	490	389
800	513	451	1023	380	305
924	513	451	1023	259	237
0	544	451	0	647	457
62	544	451	0	650	457
123	544	451	0	652	454
185	544	451	0	661	435
254	544	451	0	675	422
308	544	451	61	681	428
386	544	451	219	672	426
451	544	451	369	660	422
482	544	451	451	654	419
513	544	451	542	643	416
544	544	451	643	632	409
575	544	451	758	619	417
606	544	451	881	605	411
637	544	451	1017	588	393
668	544	451	1019	568	391
800	544	451	1023	447	313
924	544	451	1023	303	238
0	575	451	0	714	466
62	575	451	0	716	466
123	575	451	0	721	461
185	575	451	0	728	439
254	575	451	0	742	419
308	575	451	25	756	411
386	575	451	189	749	411
451	575	451	337	737	407
482	575	451	416	731	406
513	575	451	507	722	404
544	575	451	605	712	402
575	575	451	719	701	397
606	575	451	842	687	403
637	575	451	983	673	398
668	575	451	1011	648	386
800	575	451	1023	520	320
924	575	451	1023	356	238
0	606	451	0	785	473
62	606	451	0	787	473
123	606	451	0	792	468
185	606	451	0	800	443
254	606	451	0	817	420
308	606	451	0	838	399
386	606	451	164	834	398
451	606	451	305	823	395
482	606	451	383	815	395
513	606	451	470	811	393
544	606	451	568	801	393
575	606	451	679	790	391
606	606	451	800	777	386
637	606	451	943	766	391
668	606	451	999	741	384
800	606	451	1023	600	322
924	606	451	1023	414	240
0	637	451	0	869	473
62	637	451	0	872	471
123	637	451	0	878	463
185	637	451	0	887	451
254	637	451	0	907	426
308	637	451	0	929	390
386	637	451	137	933	386
451	637	451	274	924	386
482	637	451	353	915	385
513	637	451	436	910	386
544	637	451	533	902	383
575	637	451	640	890	382
606	637	451	757	881	380
637	637	451	896	869	375
668	637	451	983	844	336
800	637	451	1023	688	322
924	637	451	1023	482	242
0	668	451	0	965	485
62	668	451	0	968	482
123	668	451	0	975	475
185	668	451	0	985	460
254	668	451	0	989	412
308	668	451	0	991	341
386	668	451	107	992	369
451	668	451	244	991	369
482	668	451	318	989	369
513	668	451	400	986	370
544	668	451	492	986	370
575	668	451	595	980	366
606	668	451	707	970	364
637	668	451	835	958	360
668	668	451	952	941	321
800	668	451	1023	784	320
924	668	451	1023	560	244
0	800	451	0	1020	543
62	800	451	0	1020	537
123	800	451	0	1021	513
185	800	451	0	1022	468
254	800	451	0	1023	402
308	800	451	0	1023	358
386	800	451	0	1023	292
451	800	451	101	1023	292
482	800	451	165	1023	291
513	800	451	226	1023	291
544	800	451	296	1023	291
575	800	451	377	1023	291
606	800	451	465	1023	290
637	800	451	566	1023	288
668	800	451	680	1023	288
800	800	451	1023	1023	279
924	800	451	1023	922	252
0	924	451	0	1023	528
62	924	451	0	1023	522
123	924	451	0	1023	509
185	924	451	0	1023	485
254	924	451	0	1023	467
308	924	451	0	1023	409
386	924	451	0	1023	337
451	924	451	0	1023	270
482	924	451	41	1023	257
513	924	451	111	1023	257
544	924	451	176	1023	258
575	924	451	243	1023	259
606	924	451	317	1023	260
637	924	451	402	1023	260
668	924	451	499	1023	262
800	924	451	955	1023	267
924	924	451	1023	1023	262
0	0	482	0	2	581
62	0	482	0	0	600
123	0	482	37	0	621
185	0	482	122	0	607
254	0	482	211	0	576
308	0	482	293	0	557
386	0	482	427	0	530
451	0	482	555	0	511
482	0	482	627	0	505
513	0	482	705	0	495
544	0	482	795	0	484
575	0	482	889	0	475
606	0	482	984	0	465
637	0	482	1023	0	429
668	0	482	1023	0	427
800	0	482	1023	0	396
924	0	482	1023	0	311
0	62	482	0	15	577
62	62	482	0	6	597
123	62	482	1	0	669
185	62	482	104	0	656
254	62	482	206	0	607
308	62	482	293	0	576
386	62	482	433	0	542
451	62	482	563	0	517
482	62	482	636	0	507
513	62	482	719	0	497
544	62	482	806	0	489
575	62	482	902	0	478
606	62	482	990	0	466
637	62	482	1023	0	430
668	62	482	1023	0	428
800	62	482	1023	0	394
924	62	482	1023	0	308
0	123	482	0	74	556
62	123	482	0	70	577
123	123	482	0	50	655
185	123	482	94	43	657
254	123	482	196	31	642
308	123	482	289	17	624
386	123	482	446	2	594
451	123	482	592	0	556
482	123	482	670	0	532
513	123	482	756	0	521
544	123	482	848	0	504
575	123	482	947	0	492
606	123	482	1011	0	477
637	123	482	1023	0	431
668	123	482	1023	0	430
800	123	482	1023	0	385
924	123	482	1023	0	301
0	185	482	0	130	517
62	185	482	0	127	538
123	185	482	0	118	612
185	185	482	76	109	646
254	185	482	182	103	635
308	185	482	276	94	620
386	185	482	432	77	589
451	185	482	590	60	562
482	185	482	676	51	548
513	185	482	774	42	539
544	185	482	879	31	521
575	185	482	985	19	506
606	185	482	1023	4	484
637	185	482	1023	0	471
668	185	482	1023	0	459
800	185	482	1023	0	370
924	185	482	1023	0	289
0	254	482	0	196	486
62	254	482	0	195	500
123	254	482	0	191	539
185	254	482	39	186	625
254	254	482	159	179	622
308	254	482	253	174	614
386	254	482	411	156	585
451	254	482	571	142	560
482	254	482	656	133	546
513	254	482	756	125	534
544	254	482	858	115	520
575	254	482	976	106	504
606	254	482	1023	96	485
637	254	482	1023	85	472
668	254	482	1023	75	466
800	254	482	1023	11	357
924	254	482	1023	4	280
0	308	482	0	259	468
62	308	482	0	259	479
123	308	482	0	259	524
185	308	482	0	256	570
254	308	482	133	250	568
308	308	482	225	242	593
386	308	482	385	226	574
451	308	482	548	210	557
482	308	482	634	202	545
513	308	482	732	193	533
544	308	482	837	183	520
575	308	482	954	173	506
606	308	482	1023	162	485
637	308	482	1023	151	471
668	308	482	1023	140	458
800	308	482	1023	84	367
924	308	482	1023	62	279
0	386	482	0	359	466
62	386	482	0	359	470
123	386	482	0	362	468
185	386	482	0	364	521
254	386	482	81	365	537
308	386	482	180	358	537
386	386	482	338	347	554
451	386	482	500	330	544
482	386	482	588	323	537
513	386	482	684	313	525
544	386	482	792	302	513
575	386	482	907	290	500
606	386	482	1004	277	486
637	386	482	1023	263	471
668	386	482	1023	250	458
800	386	482	1023	175	365
924	386	482	1023	126	278
0	451	482	0	463	480
62	451	482	0	465	479
123	451	482	0	466	484
185	451	482	0	474	504
254	451	482	20	481	535
308	451	482	135	477	534
386	451	482	292	468	530
451	451	482	449	453	525
482	451	482	537	444	521
513	451	482	635	433	513
544	451	482	738	424	504
575	451	482	855	409	493
606	451	482	972	393	480
637	451	482	1023	378	467
668	451	482	1023	362	455
800	451	482	1023	268	369
924	451	482	1023	188	276
0	482	482	0	523	489
62	482	482	0	523	491
123	482	482	0	527	487
185	482	482	0	533	500
254	482	482	0	544	522
308	482	482	112	542	524
386	482	482	269	531	520
451	482	482	424	517	512
482	482	482	508	508	508
513	482	482	604	499	514
544	482	482	710	488	507
575	482	482	824	473	498
606	482	482	946	457	478
637	482	482	1023	441	454
668	482	482	1023	423	453
800	482	482	1023	321	368
924	482	482	1023	220	274
0	513	482	0	581	500
62	513	482	0	581	500
123	513	482	0	585	492
185	513	482	0	592	497
254	513	482	0	607	505
308	513	482	85	607	507
386	513	482	243	598	503
451	513	482	395	586	498
482	513	482	479	578	496
513	513	482	576	571	487
544	513	482	678	557	497
575	513	482	790	544	492
606	513	482	916	529	483
637	513	482	1023	511	455
668	513	482	1023	491	451
800	513	482	1023	379	370
924	513	482	1023	258	272
0	544	482	0	646	507
62	544	482	0	646	510
123	544	482	0	650	510
185	544	482	0	659	496
254	544	482	0	673	496
308	544	482	56	680	491
386	544	482	215	671	489
451	544	482	365	660	487
482	544	482	447	651	483
513	544	482	538	643	481
544	544	482	640	631	473
575	544	482	752	618	480
606	544	482	879	603	474
637	544	482	1017	587	459
668	544	482	1020	565	447
800	544	482	1023	447	362
924	544	482	1023	303	274
0	575	482	0	714	503
62	575	482	0	716	503
123	575	482	0	718	503
185	575	482	0	728	483
254	575	482	0	742	475
308	575	482	18	754	476
386	575	482	186	748	475
451	575	482	332	736	471
482	575	482	412	729	469
513	575	482	502	723	467
544	575	482	599	712	463
575	575	482	711	699	457
606	575	482	838	686	464
637	575	482	980	674	458
668	575	482	1010	648	447
800	575	482	1023	518	367
924	575	482	1023	354	275
0	606	482	0	785	513
62	606	482	0	787	513
123	606	482	0	790	510
185	606	482	0	800	489
254	606	482	0	817	473
308	606	482	0	838	462
386	606	482	160	831	458
451	606	482	300	823	457
482	606	482	380	815	456
513	606	482	465	811	453
544	606	482	565	800	451
575	606	482	673	790	449
606	606	482	797	777	445
637	606	482	936	766	452
668	606	482	998	742	443
800	606	482	1023	601	372
924	606	482	1023	416	276
0	637	482	0	868	523
62	637	482	0	870	523
123	637	482	0	876	518
185	637	482	0	885	501
254	637	482	0	906	477
308	637	482	0	929	450
386	637	482	132	931	445
451	637	482	271	921	444
482	637	482	350	915	443
513	637	482	432	907	443
544	637	482	529	900	441
575	637	482	634	890	442
606	637	482	755	878	439
637	637	482	893	865	434
668	637	482	983	839	437
800	637	482	1023	689	374
924	637	482	1023	482	278
0	668	482	0	965	526
62	668	482	0	968	523
123	668	482	0	971	517
185	668	482	0	985	515
254	668	482	0	989	448
308	668	482	0	991	388
386	668	482	103	992	421
451	668	482	241	991	421
482	668	482	315	989	420
513	668	482	397	986	420
544	668	482	488	986	423
575	668	482	592	981	420
606	668	482	706	969	417
637	668	482	832	958	413
668	668	482	951	942	371
800	668	482	1023	784	370
924	668	482	1023	562	280
0	800	482	0	1020	548
62	800	482	0	1020	541
123	800	482	0	1021	516
185	800	482	0	1021	479
254	800	482	0	1023	446
308	800	482	0	1023	399
386	800	482	0	1023	339
451	800	482	98	1023	336
482	800	482	162	1023	335
513	800	482	224	1023	334
544	800	482	294	1023	334
575	800	482	373	1023	334
606	800	482	461	1023	334
637	800	482	563	1023	335
668	800	482	677	1023	334
800	800	482	1023	1023	323
924	800	482	1023	924	290
0	924	482	0	1023	565
62	924	482	0	1023	561
123	924	482	0	1023	548
185	924	482	0	1023	525
254	924	482	0	1023	509
308	924	482	0	1023	458
386	924	482	0	1023	386
451	924	482	0	1023	313
482	924	482	37	1023	297
513	924	482	108	1023	299
544	924	482	174	1023	299
575	924	482	241	1023	300
606	924	482	314	1023	300
637	924	482	400	1023	303
668	924	482	497	1023	304
800	924	482	953	1023	307
924	924	482	1023	1023	304
0	0	513	0	2	627
62	0	513	0	1	648
123	0	513	30	0	679
185	0	513	115	0	664
254	0	513	204	0	642
308	0	513	285	0	626
386	0	513	422	0	598
451	0	513	550	0	578
482	0	513	623	0	568
513	0	513	704	0	561
544	0	513	791	0	548
575	0	513	884	0	537
606	0	513	984	0	527
637	0	513	1023	0	492
668	0	513	1023	0	487
800	0	513	1023	0	388
924	0	513	1023	0	351
0	62	513	0	15	620
62	62	513	0	7	645
123	62	513	0	0	737
185	62	513	98	0	721
254	62	513	198	0	678
308	62	513	285	0	649
386	62	513	425	0	613
451	62	513	558	0	590
482	62	513	632	0	575
513	62	513	715	0	563
544	62	513	802	0	552
575	62	513	897	0	542
606	62	513	988	0	530
637	62	513	1023	0	492
668	62	513	1023	0	488
800	62	513	1023	0	387
924	62	513	1023	0	347
0	123	513	0	70	596
62	123	513	0	66	623
123	123	513	0	49	715
185	123	513	84	39	734
254	123	513	186	28	725
308	123	513	280	14	707
386	123	513	435	1	676
451	123	513	586	0	625
482	123	513	663	0	605
513	123	513	750	0	591
544	123	513	840	0	572
575	123	513	943	0	560
606	123	513	1009	0	544
637	123	513	1023	0	493
668	123	513	1023	0	490
800	123	513	1023	0	386
924	123	513	1023	0	339
0	185	513	0	126	558
62	185	513	0	124	583
123	185	513	0	115	673
185	185	513	65	106	726
254	185	513	174	99	716
308	185	513	268	91	707
386	185	513	424	75	672
451	185	513	583	59	643
482	185	513	670	50	627
513	185	513	768	40	616
544	185	513	869	30	598
575	185	513	980	18	580
606	185	513	1023	2	563
637	185	513	1023	0	540
668	185	513	1023	0	525
800	185	513	1023	0	426
924	185	513	1023	0	327
0	254	513	0	194	530
62	254	513	0	194	547
123	254	513	0	190	617
185	254	513	26	182	710
254	254	513	152	176	706
308	254	513	244	169	693
386	254	513	403	154	666
451	254	513	564	141	639
482	254	513	651	132	625
513	254	513	747	124	614
544	254	513	851	114	598
575	254	513	969	105	583
606	254	513	1023	95	557
637	254	513	1023	85	541
668	254	513	1023	74	535
800	254	513	1023	10	413
924	254	513	1023	4	316
0	308	513	0	258	500
62	308	513	0	257	514
123	308	513	0	257	579
185	308	513	0	251	677
254	308	513	125	245	679
308	308	513	219	238	677
386	308	513	378	224	657
451	308	513	541	208	636
482	308	513	627	201	622
513	308	513	725	192	610
544	308	513	830	182	595
575	308	513	947	172	581
606	308	513	1023	161	563
637	308	513	1023	150	542
668	308	513	1023	139	528
800	308	513	1023	83	423
924	308	513	1023	61	316
0	386	513	0	358	505
62	386	513	0	358	515
123	386	513	0	359	543
185	386	513	0	362	586
254	386	513	75	361	619
308	386	513	174	358	617
386	386	513	332	343	637
451	386	513	492	330	621
482	386	513	583	320	613
513	386	513	681	311	602
544	386	513	785	301	589
575	386	513	903	289	576
606	386	513	1000	275	560
637	386	513	1023	262	541
668	386	513	1023	248	528
800	386	513	1023	175	421
924	386	513	1023	125	316
0	451	513	0	462	549
62	451	513	0	463	529
123	451	513	0	465	533
185	451	513	0	471	561
254	451	513	8	480	603
308	451	513	130	475	601
386	451	513	287	464	598
451	451	513	446	451	604
482	451	513	533	442	595
513	451	513	629	432	588
544	451	513	736	420	578
575	451	513	849	409	566
606	451	513	969	393	551
637	451	513	1023	378	537
668	451	513	1023	360	525
800	451	513	1023	269	426
924	451	513	1023	187	313
0	482	513	0	521	533
62	482	513	0	523	536
123	482	513	0	526	533
185	482	513	0	532	556
254	482	513	0	541	594
308	482	513	107	540	598
386	482	513	263	528	594
451	482	513	420	517	586
482	482	513	504	508	583
513	482	513	598	498	580
544	482	513	706	485	572
575	482	513	821	472	561
606	482	513	944	455	549
637	482	513	1023	439	534
668	482	513	1023	421	520
800	482	513	1023	319	426
924	482	513	1023	219	311
0	513	513	0	580	544
62	513	513	0	580	544
123	513	513	0	584	545
185	513	513	0	590	550
254	513	513	0	603	572
308	513	513	79	605	580
386	513	513	238	596	579
451	513	513	390	585	576
482	513	513	475	578	573
513	513	513	569	569	569
544	513	513	671	558	573
575	513	513	786	543	566
606	513	513	910	527	555
637	513	513	1023	511	522
668	513	513	1023	491	517
800	513	513	1023	379	426
924	513	513	1023	259	311
0	544	513	0	645	553
62	544	513	0	645	553
123	544	513	0	650	558
185	544	513	0	657	550
254	544	513	0	670	562
308	544	513	50	679	568
386	544	513	210	671	565
451	544	513	361	658	560
482	544	513	442	650	557
513	544	513	534	639	552
544	544	513	635	629	543
575	544	513	747	615	554
606	544	513	871	601	547
637	544	513	1011	587	539
668	544	513	1017	565	517
800	544	513	1023	445	414
924	544	513	1023	303	313
0	575	513	0	714	562
62	575	513	0	714	565
123	575	513	0	718	565
185	575	513	0	728	549
254	575	513	0	742	549
308	575	513	8	754	546
386	575	513	182	745	546
451	575	513	328	736	541
482	575	513	407	729	543
513	575	513	498	719	539
544	575	513	597	711	537
575	575	513	708	699	528
606	575	513	833	686	536
637	575	513	975	671	529
668	575	513	1010	649	513
800	575	513	1023	519	423
924	575	513	1023	356	313
0	606	513	0	785	554
62	606	513	0	787	554
123	606	513	0	790	554
185	606	513	0	800	537
254	606	513	0	817	531
308	606	513	0	834	533
386	606	513	156	831	530
451	606	513	296	820	527
482	606	513	376	815	527
513	606	513	461	806	525
544	606	513	561	801	522
575	606	513	670	788	518
606	606	513	790	776	512
637	606	513	932	764	520
668	606	513	998	743	509
800	606	513	1023	601	429
924	606	513	1023	416	316
0	637	513	0	867	566
62	637	513	0	870	566
123	637	513	0	873	563
185	637	513	0	884	552
254	637	513	0	904	534
308	637	513	0	924	515
386	637	513	129	931	515
451	637	513	268	920	514
482	637	513	344	914	513
513	637	513	428	907	512
544	637	513	524	899	509
575	637	513	631	890	507
606	637	513	749	879	505
637	637	513	889	865	500
668	637	513	982	840	507
800	637	513	1023	690	429
924	637	513	1023	484	318
0	668	513	0	965	578
62	668	513	0	968	578
123	668	513	0	971	575
185	668	513	0	985	567
254	668	513	0	989	485
308	668	513	0	991	435
386	668	513	98	992	490
451	668	513	238	989	490
482	668	513	310	987	489
513	668	513	392	986	489
544	668	513	484	984	488
575	668	513	587	978	488
606	668	513	700	970	485
637	668	513	830	958	479
668	668	513	951	942	429
800	668	513	1023	785	426
924	668	513	1023	560	321
0	800	513	0	1020	541
62	800	513	0	1020	541
123	800	513	0	1021	655
185	800	513	0	1021	620
254	800	513	0	1023	495
308	800	513	0	1023	444
386	800	513	0	1023	394
451	800	513	95	1023	389
482	800	513	158	1023	389
513	800	513	220	1023	389
544	800	513	291	1023	389
575	800	513	370	1023	388
606	800	513	459	1023	390
637	800	513	559	1023	389
668	800	513	672	1023	387
800	800	513	1023	1023	374
924	800	513	1023	924	333
0	924	513	0	1023	602
62	924	513	0	1023	598
123	924	513	0	1023	587
185	924	513	0	1023	596
254	924	513	0	1023	555
308	924	513	0	1023	510
386	924	513	0	1023	437
451	924	513	0	1023	364
482	924	513	31	1023	344
513	924	513	104	1023	346
544	924	513	171	1023	346
575	924	513	238	1023	347
606	924	513	311	1023	347
637	924	513	398	1023	349
668	924	513	495	1023	351
800	924	513	951	1023	357
924	924	513	1023	1023	351
0	0	544	0	2	680
62	0	544	0	1	703
123	0	544	24	0	744
185	0	544	109	0	732
254	0	544	197	0	705
308	0	544	280	0	680
386	0	544	414	0	673
451	0	544	546	0	649
482	0	544	618	0	640
513	0	544	700	0	629
544	0	544	790	0	617
575	0	544	879	0	605
606	0	544	981	0	594
637	0	544	1023	0	562
668	0	544	1023	0	555
800	0	544	1023	0	446
924	0	544	1023	0	391
0	62	544	0	15	670
62	62	544	0	8	698
123	62	544	0	0	800
185	62	544	91	0	794
254	62	544	190	0	758
308	62	544	278	0	726
386	62	544	416	0	690
451	62	544	554	0	665
482	62	544	627	0	647
513	62	544	710	0	636
544	62	544	798	0	625
575	62	544	892	0	611
606	62	544	987	0	597
637	62	544	1023	0	562
668	62	544	1023	0	555
800	62	544	1023	0	446
924	62	544	1023	0	391
0	123	544	0	68	652
62	123	544	0	64	680
123	123	544	0	49	779
185	123	544	74	36	820
254	123	544	177	25	813
308	123	544	272	11	796
386	123	544	427	0	764
451	123	544	579	0	709
482	123	544	655	0	690
513	123	544	744	0	672
544	123	544	836	0	649
575	123	544	934	0	635
606	123	544	1007	0	614
637	123	544	1023	0	563
668	123	544	1023	0	560
800	123	544	1023	0	442
924	123	544	1023	0	384
0	185	544	0	123	641
62	185	544	0	121	644
123	185	544	0	113	737
185	185	544	55	103	816
254	185	544	166	96	810
308	185	544	257	89	794
386	185	544	414	72	763
451	185	544	575	57	732
482	185	544	662	49	717
513	185	544	762	38	702
544	185	544	863	28	684
575	185	544	977	15	663
606	185	544	1023	2	642
637	185	544	1023	0	619
668	185	544	1023	0	601
800	185	544	1023	0	487
924	185	544	1023	0	369
0	254	544	0	192	605
62	254	544	0	192	609
123	254	544	0	187	683
185	254	544	10	178	798
254	254	544	144	173	792
308	254	544	234	166	781
386	254	544	394	153	756
451	254	544	556	138	731
482	254	544	644	130	717
513	254	544	740	123	702
544	254	544	845	113	683
575	254	544	964	103	666
606	254	544	1023	94	636
637	254	544	1023	84	619
668	254	544	1023	74	612
800	254	544	1023	9	473
924	254	544	1023	4	357
0	308	544	0	255	589
62	308	544	0	255	570
123	308	544	0	254	637
185	308	544	0	247	747
254	308	544	117	240	772
308	308	544	211	234	764
386	308	544	370	221	747
451	308	544	533	207	724
482	308	544	619	199	712
513	308	544	720	190	696
544	308	544	822	181	679
575	308	544	942	171	664
606	308	544	1019	160	646
637	308	544	1023	150	622
668	308	544	1023	139	605
800	308	544	1023	83	484
924	308	544	1023	60	357
0	386	544	0	356	553
62	386	544	0	356	563
123	386	544	0	357	600
185	386	544	0	359	654
254	386	544	69	360	707
308	386	544	168	353	705
386	386	544	326	341	724
451	386	544	486	328	709
482	386	544	576	320	701
513	386	544	674	311	688
544	386	544	779	299	673
575	386	544	894	287	662
606	386	544	997	275	642
637	386	544	1023	261	621
668	386	544	1023	248	605
800	386	544	1023	174	483
924	386	544	1023	124	357
0	451	544	0	461	596
62	451	544	0	463	583
123	451	544	0	465	598
185	451	544	0	470	625
254	451	544	1	476	688
308	451	544	125	472	685
386	451	544	283	463	682
451	451	544	440	450	687
482	451	544	526	442	680
513	451	544	622	429	671
544	451	544	727	420	664
575	451	544	840	406	651
606	451	544	961	392	633
637	451	544	1023	376	616
668	451	544	1023	360	601
800	451	544	1023	268	488
924	451	544	1023	186	356
0	482	544	0	519	595
62	482	544	0	521	598
123	482	544	0	523	600
185	482	544	0	528	615
254	482	544	0	538	675
308	482	544	100	536	669
386	482	544	258	527	665
451	482	544	412	513	662
482	482	544	497	504	670
513	482	544	592	496	662
544	482	544	699	485	654
575	482	544	813	470	641
606	482	544	934	456	627
637	482	544	1023	438	610
668	482	544	1023	421	595
800	482	544	1023	320	488
924	482	544	1023	217	354
0	513	544	0	579	586
62	513	544	0	579	589
123	513	544	0	583	599
185	513	544	0	590	610
254	513	544	0	601	647
308	513	544	74	604	666
386	513	544	232	596	661
451	513	544	386	582	658
482	513	544	469	576	655
513	513	544	564	569	649
544	513	544	664	556	643
575	513	544	779	540	633
606	513	544	903	526	620
637	513	544	1023	508	608
668	513	544	1023	488	592
800	513	544	1023	380	488
924	513	544	1023	258	354
0	544	544	0	645	601
62	544	544	0	645	601
123	544	544	0	650	610
185	544	544	0	656	606
254	544	544	0	670	632
308	544	544	43	676	649
386	544	544	204	667	648
451	544	544	356	656	642
482	544	544	435	649	638
513	544	544	529	639	633
544	544	544	628	628	628
575	544	544	741	615	634
606	544	544	867	601	624
637	544	544	1004	585	613
668	544	544	1017	565	591
800	544	544	1023	446	490
924	544	544	1023	303	356
0	575	544	0	712	609
62	575	544	0	712	609
123	575	544	0	717	616
185	575	544	0	723	602
254	575	544	0	738	618
308	575	544	1	752	627
386	575	544	179	744	626
451	575	544	323	733	620
482	575	544	403	727	620
513	575	544	492	717	615
544	575	544	593	709	612
575	575	544	703	697	603
606	575	544	827	684	612
637	575	544	965	670	606
668	575	544	1007	648	589
800	575	544	1023	520	485
924	575	544	1023	356	359
0	606	544	0	785	618
62	606	544	0	785	618
123	606	544	0	790	618
185	606	544	0	797	605
254	606	544	0	814	609
308	606	544	0	833	606
386	606	544	152	829	605
451	606	544	291	820	604
482	606	544	373	815	602
513	606	544	457	806	603
544	606	544	555	795	600
575	606	544	663	788	595
606	606	544	787	776	589
637	606	544	928	763	597
668	606	544	998	738	583
800	606	544	1023	600	490
924	606	544	1023	414	361
0	637	544	0	867	610
62	637	544	0	867	610
123	637	544	0	873	610
185	637	544	0	881	610
254	637	544	0	901	594
308	637	544	0	924	597
386	637	544	125	928	591
451	637	544	264	919	590
482	637	544	341	911	589
513	637	544	425	907	588
544	637	544	519	896	586
575	637	544	625	890	583
606	637	544	746	879	580
637	637	544	881	866	573
668	637	544	979	841	580
800	637	544	1023	688	491
924	637	544	1023	482	364
0	668	544	0	965	625
62	668	544	0	968	625
123	668	544	0	971	625
185	668	544	0	981	619
254	668	544	0	989	516
308	668	544	0	991	485
386	668	544	94	992	567
451	668	544	233	989	567
482	668	544	307	986	565
513	668	544	386	986	565
544	668	544	480	984	563
575	668	544	580	978	558
606	668	544	697	970	554
637	668	544	822	959	550
668	668	544	947	940	496
800	668	544	1023	783	489
924	668	544	1023	560	368
0	800	544	0	1020	683
62	800	544	0	1020	683
123	800	544	0	1020	661
185	800	544	0	1021	632
254	800	544	0	1023	575
308	800	544	0	1023	522
386	800	544	0	1023	450
451	800	544	91	1023	448
482	800	544	155	1023	448
513	800	544	217	1023	448
544	800	544	289	1023	448
575	800	544	366	1023	447
606	800	544	455	1023	449
637	800	544	557	1023	448
668	800	544	669	1023	446
800	800	544	1023	1023	430
924	800	544	1023	926	384
0	924	544	0	1023	676
62	924	544	0	1023	672
123	924	544	0	1023	661
185	924	544	0	1023	642
254	924	544	0	1023	602
308	924	544	0	1023	567
386	924	544	0	1023	495
451	924	544	0	1023	418
482	924	544	25	1023	398
513	924	544	101	1023	398
544	924	544	168	1023	400
575	924	544	235	1023	400
606	924	544	308	1023	402
637	924	544	395	1023	404
668	924	544	491	1023	406
800	924	544	951	1023	413
924	924	544	1023	1023	407
0	0	575	0	2	737
62	0	575	0	1	765
123	0	575	18	0	815
185	0	575	104	0	807
254	0	575	191	0	786
308	0	575	274	0	758
386	0	575	406	0	734
451	0	575	542	0	726
482	0	575	613	0	719
513	0	575	695	0	707
544	0	575	784	0	700
575	0	575	878	0	681
606	0	575	977	0	670
637	0	575	1023	0	639
668	0	575	1023	0	629
800	0	575	1023	0	514
924	0	575	1023	0	439
0	62	575	0	16	732
62	62	575	0	10	760
123	62	575	0	0	872
185	62	575	84	0	878
254	62	575	182	0	840
308	62	575	271	0	809
386	62	575	410	0	772
451	62	575	547	0	748
482	62	575	621	0	732
513	62	575	705	0	718
544	62	575	795	0	705
575	62	575	887	0	690
606	62	575	984	0	675
637	62	575	1023	0	639
668	62	575	1023	0	630
800	62	575	1023	0	512
924	62	575	1023	0	437
0	123	575	0	66	726
62	123	575	0	63	745
123	123	575	0	48	848
185	123	575	62	33	917
254	123	575	168	22	906
308	123	575	259	8	889
386	123	575	416	0	861
451	123	575	568	0	799
482	123	575	646	0	777
513	123	575	736	0	759
544	123	575	827	0	738
575	123	575	929	0	719
606	123	575	1003	0	697
637	123	575	1023	0	642
668	123	575	1023	0	635
800	123	575	1023	0	507
924	123	575	1023	0	429
0	185	575	0	121	702
62	185	575	0	119	710
123	185	575	0	111	810
185	185	575	42	98	909
254	185	575	156	92	901
308	185	575	245	84	889
386	185	575	406	71	860
451	185	575	565	55	830
482	185	575	653	47	814
513	185	575	753	37	800
544	185	575	857	26	782
575	185	575	972	13	760
606	185	575	1023	2	736
637	185	575	1023	0	706
668	185	575	1023	0	686
800	185	575	1023	0	505
924	185	575	1023	0	416
0	254	575	0	190	670
62	254	575	0	189	693
123	254	575	0	184	752
185	254	575	2	173	895
254	254	575	134	168	889
308	254	575	225	162	880
386	254	575	384	150	858
451	254	575	544	137	828
482	254	575	636	128	814
513	254	575	731	121	797
544	254	575	836	112	778
575	254	575	955	103	759
606	254	575	1023	92	726
637	254	575	1023	82	706
668	254	575	1023	72	697
800	254	575	1023	8	564
924	254	575	1023	3	404
0	308	575	0	254	644
62	308	575	0	253	666
123	308	575	0	250	701
185	308	575	0	242	821
254	308	575	107	236	869
308	308	575	203	231	862
386	308	575	361	220	847
451	308	575	523	205	821
482	308	575	611	198	812
513	308	575	713	189	797
544	308	575	816	179	778
575	308	575	933	171	759
606	308	575	1018	159	735
637	308	575	1023	149	708
668	308	575	1023	138	689
800	308	575	1023	82	558
924	308	575	1023	58	404
0	386	575	0	355	634
62	386	575	0	355	616
123	386	575	0	356	662
185	386	575	0	358	724
254	386	575	60	355	803
308	386	575	161	350	803
386	386	575	320	338	821
451	386	575	480	326	810
482	386	575	569	318	801
513	386	575	666	308	786
544	386	575	770	297	769
575	386	575	886	287	753
606	386	575	992	274	733
637	386	575	1023	260	710
668	386	575	1023	247	691
800	386	575	1023	175	556
924	386	575	1023	123	404
0	451	575	0	461	646
62	451	575	0	461	654
123	451	575	0	464	661
185	451	575	0	468	695
254	451	575	0	474	782
308	451	575	119	470	778
386	451	575	277	459	779
451	451	575	433	446	785
482	451	575	519	438	776
513	451	575	614	428	768
544	451	575	720	420	758
575	451	575	836	407	743
606	451	575	958	391	724
637	451	575	1023	375	704
668	451	575	1023	360	686
800	451	575	1023	268	561
924	451	575	1023	185	404
0	482	575	0	518	651
62	482	575	0	519	654
123	482	575	0	521	663
185	482	575	0	526	680
254	482	575	0	535	760
308	482	575	93	535	760
386	482	575	253	523	759
451	482	575	408	511	752
482	482	575	493	504	761
513	482	575	586	494	756
544	482	575	691	483	745
575	482	575	804	469	736
606	482	575	931	452	717
637	482	575	1023	438	700
668	482	575	1023	421	682
800	482	575	1023	319	567
924	482	575	1023	216	402
0	513	575	0	579	658
62	513	575	0	579	662
123	513	575	0	583	661
185	513	575	0	589	672
254	513	575	0	599	731
308	513	575	67	601	745
386	513	575	225	591	741
451	513	575	380	581	735
482	513	575	463	574	731
513	513	575	558	565	743
544	513	575	658	552	734
575	513	575	771	539	722
606	513	575	896	523	709
637	513	575	1021	508	692
668	513	575	1022	488	675
800	513	575	1023	378	560
924	513	575	1023	258	402
0	544	575	0	645	666
62	544	575	0	645	655
123	544	575	0	649	665
185	544	575	0	655	666
254	544	575	0	666	709
308	544	575	34	674	741
386	544	575	198	665	739
451	544	575	349	653	730
482	544	575	430	645	726
513	544	575	522	637	723
544	544	575	623	628	717
575	544	575	733	614	710
606	544	575	859	599	701
637	544	575	999	585	690
668	544	575	1017	563	671
800	544	575	1023	447	560
924	544	575	1023	303	406
0	575	575	0	711	659
62	575	575	0	711	659
123	575	575	0	716	670
185	575	575	0	722	663
254	575	575	0	737	691
308	575	575	0	751	716
386	575	575	173	742	714
451	575	575	319	731	712
482	575	575	398	724	711
513	575	575	487	718	705
544	575	575	585	707	700
575	575	575	697	697	697
606	575	575	821	684	702
637	575	575	961	670	693
668	575	575	1007	646	670
800	575	575	1023	518	561
924	575	575	1023	357	409
0	606	575	0	783	666
62	606	575	0	783	666
123	606	575	0	788	673
185	606	575	0	795	670
254	606	575	0	812	678
308	606	575	0	829	691
386	606	575	147	829	694
451	606	575	287	817	692
482	606	575	367	810	691
513	606	575	450	805	688
544	606	575	549	795	682
575	606	575	658	785	679
606	606	575	781	774	672
637	606	575	920	760	681
668	606	575	995	739	669
800	606	575	1023	601	560
924	606	575	1023	416	413
0	637	575	0	867	678
62	637	575	0	867	678
123	637	575	0	872	681
185	637	575	0	881	684
254	637	575	0	901	676
308	637	575	0	921	676
386	637	575	121	928	675
451	637	575	260	917	674
482	637	575	336	910	672
513	637	575	418	905	671
544	637	575	512	896	674
575	637	575	620	885	668
606	637	575	740	879	666
637	637	575	875	864	655
668	637	575	978	841	664
800	637	575	1023	689	561
924	637	575	1023	484	416
0	668	575	0	964	676
62	668	575	0	964	679
123	668	575	0	971	679
185	668	575	0	981	679
254	668	575	0	989	548
308	668	575	0	991	669
386	668	575	90	992	648
451	668	575	230	987	653
482	668	575	302	986	652
513	668	575	382	986	652
544	668	575	474	984	650
575	668	575	575	978	645
606	668	575	692	968	639
637	668	575	819	959	634
668	668	575	946	941	566
800	668	575	1023	784	561
924	668	575	1023	562	418
0	800	575	0	1019	687
62	800	575	0	1020	687
123	800	575	0	1020	671
185	800	575	0	1021	648
254	800	575	0	1023	751
308	800	575	0	1023	578
386	800	575	0	1023	515
451	800	575	88	1023	516
482	800	575	151	1023	516
513	800	575	213	1023	516
544	800	575	285	1023	516
575	800	575	363	1023	514
606	800	575	451	1023	517
637	800	575	552	1023	515
668	800	575	662	1023	513
800	800	575	1023	1023	495
924	800	575	1023	928	439
0	924	575	0	1023	721
62	924	575	0	1023	716
123	924	575	0	1023	708
185	924	575	0	1023	688
254	924	575	0	1023	687
308	924	575	0	1023	650
386	924	575	0	1023	558
451	924	575	0	1023	480
482	924	575	18	1023	455
513	924	575	99	1023	458
544	924	575	165	1023	458
575	924	575	231	1023	460
606	924	575	306	1023	462
637	924	575	391	1023	464
668	924	575	488	1023	466
800	924	575	949	1023	474
924	924	575	1023	1023	468
0	0	606	0	2	808
62	0	606	0	2	838
123	0	606	11	0	903
185	0	606	98	0	890
254	0	606	185	0	866
308	0	606	264	0	842
386	0	606	399	0	821
451	0	606	535	0	812
482	0	606	607	0	798
513	0	606	689	0	791
544	0	606	778	0	781
575	0	606	872	0	767
606	0	606	977	0	753
637	0	606	1023	0	727
668	0	606	1023	0	712
800	0	606	1023	0	590
924	0	606	1023	0	493
0	62	606	0	17	805
62	62	606	0	11	832
123	62	606	0	1	943
185	62	606	77	0	961
254	62	606	175	0	930
308	62	606	260	0	896
386	62	606	401	0	860
451	62	606	541	0	832
482	62	606	612	0	819
513	62	606	699	0	806
544	62	606	789	0	790
575	62	606	882	0	774
606	62	606	981	0	762
637	62	606	1023	0	727
668	62	606	1023	0	713
800	62	606	1023	0	587
924	62	606	1023	0	491
0	123	606	0	65	795
62	123	606	0	62	817
123	123	606	0	48	921
185	123	606	50	29	1003
254	123	606	158	18	996
308	123	606	247	4	987
386	123	606	405	0	967
451	123	606	558	0	904
482	123	606	638	0	880
513	123	606	726	0	854
544	123	606	817	0	832
575	123	606	920	0	812
606	123	606	1001	0	787
637	123	606	1023	0	729
668	123	606	1023	0	721
800	123	606	1023	0	580
924	123	606	1023	0	482
0	185	606	0	120	771
62	185	606	0	117	797
123	185	606	0	108	886
185	185	606	29	93	998
254	185	606	146	87	994
308	185	606	234	81	987
386	185	606	395	68	964
451	185	606	553	53	940
482	185	606	643	44	930
513	185	606	742	35	911
544	185	606	846	24	888
575	185	606	967	11	866
606	185	606	1023	1	835
637	185	606	1023	0	804
668	185	606	1023	0	780
800	185	606	1023	0	575
924	185	606	1023	0	468
0	254	606	0	188	741
62	254	606	0	186	762
123	254	606	0	181	824
185	254	606	0	169	985
254	254	606	123	164	986
308	254	606	216	158	979
386	254	606	373	147	962
451	254	606	535	134	936
482	254	606	623	127	922
513	254	606	722	119	906
544	254	606	827	111	884
575	254	606	946	102	863
606	254	606	1023	92	839
637	254	606	1023	81	805
668	254	606	1023	71	799
800	254	606	1023	8	644
924	254	606	1023	3	453
0	308	606	0	250	709
62	308	606	0	249	728
123	308	606	0	246	773
185	308	606	0	239	908
254	308	606	99	232	971
308	308	606	195	226	966
386	308	606	350	215	955
451	308	606	514	202	934
482	308	606	603	196	922
513	308	606	703	187	903
544	308	606	807	178	882
575	308	606	922	169	862
606	308	606	1013	159	836
637	308	606	1023	148	805
668	308	606	1023	137	783
800	308	606	1023	82	637
924	308	606	1023	57	455
0	386	606	0	354	697
62	386	606	0	354	712
123	386	606	0	354	729
185	386	606	0	355	803
254	386	606	52	350	916
308	386	606	155	344	913
386	386	606	311	335	932
451	386	606	471	322	918
482	386	606	562	314	909
513	386	606	658	307	893
544	386	606	761	296	874
575	386	606	878	285	857
606	386	606	988	272	832
637	386	606	1023	259	806
668	386	606	1023	247	786
800	386	606	1023	174	634
924	386	606	1023	121	455
0	451	606	0	459	704
62	451	606	0	461	709
123	451	606	0	462	727
185	451	606	0	465	787
254	451	606	0	470	898
308	451	606	112	467	889
386	451	606	269	457	883
451	451	606	424	443	892
482	451	606	513	434	881
513	451	606	607	427	872
544	451	606	712	417	861
575	451	606	828	403	844
606	451	606	950	388	822
637	451	606	1023	373	803
668	451	606	1023	358	784
800	451	606	1023	267	641
924	451	606	1023	184	455
0	482	606	0	516	709
62	482	606	0	518	716
123	482	606	0	520	730
185	482	606	0	525	771
254	482	606	0	531	853
308	482	606	86	528	866
386	482	606	245	521	865
451	482	606	401	506	875
482	482	606	484	499	869
513	482	606	579	490	862
544	482	606	684	481	851
575	482	606	797	468	835
606	482	606	921	452	816
637	482	606	1023	436	796
668	482	606	1023	418	775
800	482	606	1023	319	654
924	482	606	1023	215	453
0	513	606	0	578	713
62	513	606	0	578	720
123	513	606	0	582	726
185	513	606	0	585	759
254	513	606	0	595	818
308	513	606	61	598	844
386	513	606	221	589	841
451	513	606	374	578	835
482	513	606	457	572	831
513	513	606	550	563	843
544	513	606	650	552	833
575	513	606	763	538	820
606	513	606	886	522	809
637	513	606	1021	506	793
668	513	606	1022	488	773
800	513	606	1023	380	640
924	513	606	1023	258	458
0	544	606	0	643	724
62	544	606	0	643	727
123	544	606	0	647	741
185	544	606	0	653	731
254	544	606	0	664	789
308	544	606	26	672	840
386	544	606	194	662	817
451	544	606	342	650	813
482	544	606	422	642	811
513	544	606	514	634	806
544	544	606	616	623	818
575	544	606	726	612	809
606	544	606	851	597	796
637	544	606	992	585	784
668	544	606	1017	563	764
800	544	606	1023	445	642
924	544	606	1023	303	460
0	575	606	0	711	734
62	575	606	0	711	737
123	575	606	0	715	728
185	575	606	0	722	728
254	575	606	0	733	767
308	575	606	0	747	813
386	575	606	169	740	813
451	575	606	311	729	808
482	575	606	392	721	807
513	575	606	479	712	800
544	575	606	581	706	797
575	575	606	689	694	791
606	575	606	811	682	786
637	575	606	954	667	778
668	575	606	1007	646	760
800	575	606	1023	519	641
924	575	606	1023	356	466
0	606	606	0	782	720
62	606	606	0	784	720
123	606	606	0	787	732
185	606	606	0	794	738
254	606	606	0	811	753
308	606	606	0	826	783
386	606	606	142	826	788
451	606	606	282	817	791
482	606	606	361	810	789
513	606	606	446	800	785
544	606	606	544	795	781
575	606	606	652	785	778
606	606	606	772	772	772
637	606	606	910	761	778
668	606	606	995	739	762
800	606	606	1023	600	638
924	606	606	1023	416	468
0	637	606	0	867	731
62	637	606	0	867	735
123	637	606	0	872	739
185	637	606	0	881	749
254	637	606	0	900	747
308	637	606	0	916	760
386	637	606	116	926	771
451	637	606	256	914	770
482	637	606	331	910	769
513	637	606	414	902	768
544	637	606	508	895	765
575	637	606	615	884	762
606	637	606	734	872	759
637	637	606	869	861	747
668	637	606	978	837	753
800	637	606	1023	688	641
924	637	606	1023	484	472
0	668	606	0	962	747
62	668	606	0	962	747
123	668	606	0	968	750
185	668	606	0	978	753
254	668	606	0	985	728
308	668	606	0	986	744
386	668	606	84	988	743
451	668	606	226	987	743
482	668	606	297	986	743
513	668	606	377	986	743
544	668	606	470	981	738
575	668	606	571	975	743
606	668	606	684	967	734
637	668	606	812	956	728
668	668	606	945	942	648
800	668	606	1023	785	639
924	668	606	1023	565	478
0	800	606	0	1020	856
62	800	606	0	1020	856
123	800	606	0	1020	847
185	800	606	0	1021	820
254	800	606	0	1023	786
308	800	606	0	1023	635
386	800	606	0	1023	583
451	800	606	84	1023	590
482	800	606	147	1023	590
513	800	606	211	1023	590
544	800	606	281	1023	590
575	800	606	358	1023	589
606	800	606	448	1023	589
637	800	606	547	1023	586
668	800	606	659	1023	588
800	800	606	1023	1023	567
924	800	606	1023	928	503
0	924	606	0	1023	754
62	924	606	0	1023	754
123	924	606	0	1023	749
185	924	606	0	1023	775
254	924	606	0	1023	746
308	924	606	0	1023	708
386	924	606	0	1023	627
451	924	606	0	1023	549
482	924	606	11	1023	523
513	924	606	95	1023	523
544	924	606	161	1023	526
575	924	606	227	1023	528
606	924	606	303	1023	530
637	924	606	386	1023	532
668	924	606	484	1023	535
800	924	606	945	1023	544
924	924	606	1023	1023	537
0	0	637	0	3	887
62	0	637	0	2	915
123	0	637	3	0	986
185	0	637	91	0	976
254	0	637	178	0	955
308	0	637	257	0	935
386	0	637	393	0	915
451	0	637	528	0	902
482	0	637	602	0	893
513	0	637	684	0	885
544	0	637	770	0	871
575	0	637	865	0	858
606	0	637	972	0	822
637	0	637	1023	0	822
668	0	637	1023	0	805
800	0	637	1023	0	675
924	0	637	1023	0	549
0	62	637	0	18	883
62	62	637	0	12	908
123	62	637	0	1	1006
185	62	637	70	0	1011
254	62	637	168	0	1002
308	62	637	252	0	984
386	62	637	393	0	944
451	62	637	531	0	925
482	62	637	608	0	917
513	62	637	691	0	902
544	62	637	777	0	887
575	62	637	875	0	870
606	62	637	976	0	853
637	62	637	1023	0	823
668	62	637	1023	0	807
800	62	637	1023	0	671
924	62	637	1023	0	549
0	123	637	0	64	869
62	123	637	0	61	898
123	123	637	0	47	1001
185	123	637	37	26	1023
254	123	637	147	15	1023
308	123	637	234	3	1023
386	123	637	393	0	1023
451	123	637	547	0	1003
482	123	637	629	0	987
513	123	637	716	0	960
544	123	637	806	0	937
575	123	637	912	0	910
606	123	637	996	0	887
637	123	637	1023	0	827
668	123	637	1023	0	815
800	123	637	1023	0	661
924	123	637	1023	0	539
0	185	637	0	117	848
62	185	637	0	115	876
123	185	637	0	104	967
185	185	637	11	89	1023
254	185	637	136	84	1023
308	185	637	224	78	1023
386	185	637	383	65	1023
451	185	637	542	51	1023
482	185	637	632	43	1022
513	185	637	728	33	1013
544	185	637	834	22	992
575	185	637	953	8	972
606	185	637	1023	1	941
637	185	637	1023	0	910
668	185	637	1023	0	884
800	185	637	1023	0	654
924	185	637	1023	0	526
0	254	637	0	185	812
62	254	637	0	183	835
123	254	637	0	177	908
185	254	637	0	165	1020
254	254	637	114	159	1023
308	254	637	206	155	1023
386	254	637	362	144	1023
451	254	637	523	131	1023
482	254	637	613	125	1022
513	254	637	711	118	1011
544	254	637	816	108	991
575	254	637	932	100	972
606	254	637	1021	90	948
637	254	637	1023	80	911
668	254	637	1023	69	903
800	254	637	1023	8	732
924	254	637	1023	3	510
0	308	637	0	246	781
62	308	637	0	245	801
123	308	637	0	243	850
185	308	637	0	235	979
254	308	637	91	227	1023
308	308	637	186	222	1023
386	308	637	340	210	1023
451	308	637	503	200	1023
482	308	637	593	193	1023
513	308	637	688	185	1008
544	308	637	796	177	990
575	308	637	913	167	970
606	308	637	1008	157	946
637	308	637	1023	146	912
668	308	637	1023	136	890
800	308	637	1023	82	726
924	308	637	1023	55	512
0	386	637	0	352	766
62	386	637	0	353	778
123	386	637	0	353	803
185	386	637	0	352	919
254	386	637	40	345	1021
308	386	637	147	341	1018
386	386	637	303	330	1023
451	386	637	461	320	1023
482	386	637	551	312	1013
513	386	637	646	303	1000
544	386	637	752	294	987
575	386	637	870	283	969
606	386	637	981	270	946
637	386	637	1023	257	918
668	386	637	1023	245	895
800	386	637	1023	174	723
924	386	637	1023	119	514
0	451	637	0	458	799
62	451	637	0	459	782
123	451	637	0	461	797
185	451	637	0	463	869
254	451	637	0	465	1006
308	451	637	104	462	998
386	451	637	262	451	993
451	451	637	417	441	1001
482	451	637	502	432	995
513	451	637	597	423	987
544	451	637	704	415	975
575	451	637	818	402	957
606	451	637	940	386	937
637	451	637	1023	372	912
668	451	637	1023	357	891
800	451	637	1023	268	729
924	451	637	1023	183	514
0	482	637	0	515	787
62	482	637	0	517	794
123	482	637	0	518	804
185	482	637	0	523	849
254	482	637	0	528	952
308	482	637	80	526	980
386	482	637	238	517	979
451	482	637	393	505	985
482	482	637	476	497	982
513	482	637	572	488	976
544	482	637	675	478	961
575	482	637	788	465	945
606	482	637	911	451	926
637	482	637	1023	435	908
668	482	637	1023	418	885
800	482	637	1023	318	744
924	482	637	1023	215	516
0	513	637	0	577	779
62	513	637	0	576	783
123	513	637	0	578	810
185	513	637	0	583	838
254	513	637	0	592	911
308	513	637	53	596	958
386	513	637	213	586	958
451	513	637	367	574	951
482	513	637	449	567	966
513	513	637	541	560	960
544	513	637	642	546	949
575	513	637	754	535	935
606	513	637	876	521	918
637	513	637	1015	505	903
668	513	637	1020	485	877
800	513	637	1023	378	728
924	513	637	1023	258	516
0	544	637	0	642	787
62	544	637	0	642	791
123	544	637	0	646	810
185	544	637	0	652	824
254	544	637	0	659	879
308	544	637	14	666	931
386	544	637	188	657	928
451	544	637	336	646	923
482	544	637	416	640	921
513	544	637	508	631	916
544	544	637	608	621	930
575	544	637	718	610	919
606	544	637	841	597	904
637	544	637	981	581	897
668	544	637	1014	562	874
800	544	637	1023	446	730
924	544	637	1023	304	523
0	575	637	0	709	793
62	575	637	0	709	797
123	575	637	0	713	813
185	575	637	0	719	817
254	575	637	0	731	854
308	575	637	0	742	919
386	575	637	163	735	906
451	575	637	305	725	902
482	575	637	387	719	899
513	575	637	474	710	898
544	575	637	571	701	893
575	575	637	683	692	904
606	575	637	807	679	894
637	575	637	945	667	884
668	575	637	1006	647	864
800	575	637	1023	520	732
924	575	637	1023	357	528
0	606	637	0	782	802
62	606	637	0	784	805
123	606	637	0	787	817
185	606	637	0	794	811
254	606	637	0	807	835
308	606	637	0	823	881
386	606	637	136	823	902
451	606	637	276	812	899
482	606	637	355	806	895
513	606	637	439	799	894
544	606	637	536	789	887
575	606	637	646	782	884
606	606	637	766	772	880
637	606	637	903	760	874
668	606	637	994	738	857
800	606	637	1023	599	725
924	606	637	1023	416	532
0	637	637	0	866	790
62	637	637	0	869	794
123	637	637	0	872	803
185	637	637	0	880	819
254	637	637	0	895	829
308	637	637	0	914	857
386	637	637	110	920	876
451	637	637	250	913	876
482	637	637	325	908	877
513	637	637	408	899	876
544	637	637	501	893	873
575	637	637	608	884	869
606	637	637	727	873	865
637	637	637	862	862	862
668	637	637	973	838	859
800	637	637	1023	689	728
924	637	637	1023	484	537
0	668	637	0	960	806
62	668	637	0	964	810
123	668	637	0	967	814
185	668	637	0	976	825
254	668	637	0	984	777
308	668	637	0	986	820
386	668	637	78	987	856
451	668	637	221	987	853
482	668	637	293	986	853
513	668	637	374	983	853
544	668	637	463	981	846
575	668	637	564	975	843
606	668	637	679	965	832
637	668	637	805	955	826
668	668	637	941	939	741
800	668	637	1023	784	729
924	668	637	1023	562	542
0	800	637	0	1020	864
62	800	637	0	1020	864
123	800	637	0	1020	854
185	800	637	0	1021	845
254	800	637	0	1023	826
308	800	637	0	1023	700
386	800	637	0	1023	659
451	800	637	80	1023	676
482	800	637	143	1023	676
513	800	637	208	1023	676
544	800	637	278	1023	676
575	800	637	354	1023	673
606	800	637	442	1023	673
637	800	637	542	1023	671
668	800	637	654	1023	668
800	800	637	1023	1023	647
924	800	637	1023	930	574
0	924	637	0	1023	801
62	924	637	0	1023	801
123	924	637	0	1023	796
185	924	637	0	1023	789
254	924	637	0	1023	775
308	924	637	0	1023	758
386	924	637	0	1023	701
451	924	637	0	1023	624
482	924	637	4	1023	596
513	924	637	91	1023	596
544	924	637	158	1023	599
575	924	637	224	1023	604
606	924	637	299	1023	604
637	924	637	383	1023	607
668	924	637	480	1023	609
800	924	637	943	1023	619
924	924	637	1023	1023	617
0	0	668	0	3	964
62	0	668	0	2	992
123	0	668	2	0	1017
185	0	668	86	0	1014
254	0	668	171	0	1010
308	0	668	249	0	1001
386	0	668	384	0	993
451	0	668	521	0	987
482	0	668	596	0	986
513	0	668	677	0	986
544	0	668	762	0	971
575	0	668	860	0	958
606	0	668	963	0	925
637	0	668	1023	0	837
668	0	668	1023	0	836
800	0	668	1023	0	771
924	0	668	1023	0	614
0	62	668	0	19	962
62	62	668	0	14	988
123	62	668	0	2	1021
185	62	668	64	0	1023
254	62	668	161	0	1023
308	62	668	242	0	1023
386	62	668	384	0	1016
451	62	668	524	0	1011
482	62	668	601	0	1009
513	62	668	684	0	1009
544	62	668	769	0	989
575	62	668	869	0	954
606	62	668	968	0	936
637	62	668	1023	0	931
668	62	668	1023	0	908
800	62	668	1023	0	767
924	62	668	1023	0	612
0	123	668	0	62	948
62	123	668	0	59	977
123	123	668	0	47	1018
185	123	668	22	22	1023
254	123	668	138	11	1023
308	123	668	224	2	1023
386	123	668	380	0	1023
451	123	668	534	0	1023
482	123	668	617	0	1022
513	123	668	705	0	1016
544	123	668	795	0	1004
575	123	668	900	0	992
606	123	668	990	0	977
637	123	668	1023	0	929
668	123	668	1023	0	915
800	123	668	1023	0	753
924	123	668	1023	0	601
0	185	668	0	114	925
62	185	668	0	112	955
123	185	668	0	102	1006
185	185	668	2	86	1023
254	185	668	126	80	1023
308	185	668	213	74	1023
386	185	668	368	62	1023
451	185	668	530	49	1023
482	185	668	618	40	1023
513	185	668	715	30	1023
544	185	668	823	20	1023
575	185	668	941	5	1023
606	185	668	1023	1	1020
637	185	668	1023	0	1002
668	185	668	1023	0	985
800	185	668	1023	0	743
924	185	668	1023	0	589
0	254	668	0	181	891
62	254	668	0	181	920
123	254	668	0	175	983
185	254	668	0	162	1023
254	254	668	104	155	1023
308	254	668	196	151	1023
386	254	668	350	141	1023
451	254	668	513	130	1023
482	254	668	600	123	1023
513	254	668	698	114	1023
544	254	668	804	106	1023
575	254	668	919	97	1023
606	254	668	1016	89	1023
637	254	668	1023	78	1006
668	254	668	1023	69	987
800	254	668	1023	8	809
924	254	668	1023	3	574
0	308	668	0	244	859
62	308	668	0	242	881
123	308	668	0	241	968
185	308	668	0	231	1023
254	308	668	81	222	1023
308	308	668	176	216	1023
386	308	668	330	207	1023
451	308	668	492	197	1023
482	308	668	580	190	1023
513	308	668	675	183	1023
544	308	668	781	174	1023
575	308	668	901	165	1023
606	308	668	1001	155	1023
637	308	668	1023	144	1005
668	308	668	1023	134	986
800	308	668	1023	81	809
924	308	668	1023	53	576
0	386	668	0	350	839
62	386	668	0	350	857
123	386	668	0	351	915
185	386	668	0	346	1000
254	386	668	27	340	1023
308	386	668	138	334	1023
386	386	668	295	327	1023
451	386	668	451	315	1023
482	386	668	539	307	1023
513	386	668	633	300	1023
544	386	668	742	290	1023
575	386	668	857	281	1023
606	386	668	971	268	1023
637	386	668	1023	256	1011
668	386	668	1023	243	990
800	386	668	1023	174	815
924	386	668	1023	119	579
0	451	668	0	458	853
62	451	668	0	458	860
123	451	668	0	459	894
185	451	668	0	460	961
254	451	668	0	461	1021
308	451	668	95	457	1023
386	451	668	253	446	1023
451	451	668	408	435	1023
482	451	668	491	428	1023
513	451	668	589	422	1023
544	451	668	693	411	1023
575	451	668	806	397	1023
606	451	668	929	383	1023
637	451	668	1023	369	1017
668	451	668	1023	355	992
800	451	668	1023	267	825
924	451	668	1023	181	579
0	482	668	0	515	861
62	482	668	0	515	873
123	482	668	0	516	884
185	482	668	0	520	939
254	482	668	0	522	1008
308	482	668	72	520	1023
386	482	668	232	511	1023
451	482	668	386	501	1023
482	482	668	469	494	1023
513	482	668	563	484	1023
544	482	668	666	474	1023
575	482	668	776	462	1023
606	482	668	900	447	1023
637	482	668	1023	432	1020
668	482	668	1023	415	994
800	482	668	1023	319	832
924	482	668	1023	215	581
0	513	668	0	574	864
62	513	668	0	574	872
123	513	668	0	578	880
185	513	668	0	581	924
254	513	668	0	588	989
308	513	668	43	588	1023
386	513	668	206	581	1023
451	513	668	360	571	1023
482	513	668	440	563	1023
513	513	668	533	554	1023
544	513	668	631	544	1023
575	513	668	745	533	1023
606	513	668	868	518	1023
637	513	668	1007	504	1017
668	513	668	1020	484	990
800	513	668	1023	378	827
924	513	668	1023	258	584
0	544	668	0	640	853
62	544	668	0	640	858
123	544	668	0	644	884
185	544	668	0	647	910
254	544	668	0	656	965
308	544	668	2	661	1023
386	544	668	181	652	1023
451	544	668	329	641	1023
482	544	668	410	634	1023
513	544	668	499	627	1023
544	544	668	598	619	1023
575	544	668	710	606	1023
606	544	668	834	593	1020
637	544	668	977	580	1011
668	544	668	1013	560	986
800	544	668	1023	444	828
924	544	668	1023	303	589
0	575	668	0	707	861
62	575	668	0	707	865
123	575	668	0	711	883
185	575	668	0	717	897
254	575	668	0	726	942
308	575	668	0	736	1014
386	575	668	156	731	1020
451	575	668	299	721	1020
482	575	668	380	714	1017
513	575	668	466	708	1012
544	575	668	564	698	1011
575	575	668	675	689	1021
606	575	668	795	677	1011
637	575	668	936	665	1000
668	575	668	1003	642	977
800	575	668	1023	517	827
924	575	668	1023	356	596
0	606	668	0	780	867
62	606	668	0	782	871
123	606	668	0	784	888
185	606	668	0	791	895
254	606	668	0	805	926
308	606	668	0	818	991
386	606	668	131	821	1021
451	606	668	272	811	1000
482	606	668	350	803	997
513	606	668	435	797	995
544	606	668	531	789	991
575	606	668	637	779	990
606	606	668	760	769	1001
637	606	668	899	756	991
668	606	668	993	736	975
800	606	668	1023	599	824
924	606	668	1023	416	601
0	637	668	0	864	877
62	637	668	0	866	881
123	637	668	0	869	894
185	637	668	0	877	894
254	637	668	0	893	917
308	637	668	0	910	960
386	637	668	104	920	1000
451	637	668	245	911	1000
482	637	668	320	903	996
513	637	668	401	899	995
544	637	668	496	888	992
575	637	668	600	879	988
606	637	668	720	873	983
637	637	668	852	858	980
668	637	668	972	837	962
800	637	668	1023	686	820
924	637	668	1023	484	607
0	668	668	0	960	874
62	668	668	0	963	878
123	668	668	0	966	887
185	668	668	0	976	904
254	668	668	0	984	826
308	668	668	0	986	893
386	668	668	71	987	973
451	668	668	216	985	970
482	668	668	285	983	970
513	668	668	367	983	980
544	668	668	458	977	972
575	668	668	557	971	968
606	668	668	670	964	956
637	668	668	798	952	948
668	668	668	940	940	940
800	668	668	1023	781	824
924	668	668	1023	565	617
0	800	668	0	1020	810
62	800	668	0	1020	810
123	800	668	0	1020	810
185	800	668	0	1021	810
254	800	668	0	1023	807
308	800	668	0	1023	756
386	800	668	0	1023	784
451	800	668	76	1023	771
482	800	668	139	1023	771
513	800	668	204	1023	771
544	800	668	273	1023	771
575	800	668	349	1023	771
606	800	668	437	1023	768
637	800	668	537	1023	766
668	800	668	649	1023	762
800	800	668	1023	1023	735
924	800	668	1023	930	652
0	924	668	0	1023	846
62	924	668	0	1023	846
123	924	668	0	1023	841
185	924	668	0	1023	837
254	924	668	0	1023	828
308	924	668	0	1023	814
386	924	668	0	1023	769
451	924	668	0	1023	712
482	924	668	3	1023	678
513	924	668	87	1023	681
544	924	668	155	1023	681
575	924	668	220	1023	684
606	924	668	294	1023	689
637	924	668	381	1023	692
668	924	668	474	1023	695
800	924	668	938	1023	707
924	924	668	1023	1023	704
0	0	800	0	7	1023
62	0	800	0	3	1023
123	0	800	0	0	1023
185	0	800	64	0	1023
254	0	800	147	0	1023
308	0	800	217	0	1023
386	0	800	347	0	1023
451	0	800	479	0	1023
482	0	800	554	0	1023
513	0	800	632	0	1023
544	0	800	716	0	1023
575	0	800	813	0	1023
606	0	800	918	0	1023
637	0	800	1018	0	1023
668	0	800	1022	0	1004
800	0	800	1023	0	950
924	0	800	1023	0	877
0	62	800	0	22	1023
62	62	800	0	18	1023
123	62	800	0	2	1023
185	62	800	38	0	1023
254	62	800	134	0	1023
308	62	800	209	0	1023
386	62	800	342	0	1023
451	62	800	479	0	1023
482	62	800	553	0	1023
513	62	800	634	0	1023
544	62	800	720	0	1023
575	62	800	817	0	1023
606	62	800	923	0	1023
637	62	800	1021	0	1007
668	62	800	1022	0	1005
800	62	800	1023	0	954
924	62	800	1023	0	875
0	123	800	0	58	1023
62	123	800	0	56	1023
123	123	800	0	45	1023
185	123	800	0	18	1023
254	123	800	89	1	1023
308	123	800	174	0	1023
386	123	800	324	0	1023
451	123	800	474	0	1023
482	123	800	555	0	1023
513	123	800	641	0	1023
544	123	800	734	0	1023
575	123	800	835	0	1023
606	123	800	946	0	1023
637	123	800	1021	0	1010
668	123	800	1021	0	1009
800	123	800	1023	0	966
924	123	800	1023	0	873
0	185	800	0	105	1023
62	185	800	0	103	1023
123	185	800	0	95	1023
185	185	800	0	79	1023
254	185	800	78	63	1023
308	185	800	164	58	1023
386	185	800	306	47	1023
451	185	800	460	34	1023
482	185	800	542	26	1023
513	185	800	635	17	1023
544	185	800	738	5	1023
575	185	800	852	1	1023
606	185	800	983	0	1023
637	185	800	1021	0	1023
668	185	800	1021	0	1021
800	185	800	1023	0	996
924	185	800	1023	0	869
0	254	800	0	169	1023
62	254	800	0	168	1023
123	254	800	0	163	1023
185	254	800	0	150	1023
254	254	800	57	135	1023
308	254	800	147	129	1023
386	254	800	292	121	1023
451	254	800	443	112	1023
482	254	800	526	107	1023
513	254	800	616	100	1023
544	254	800	720	94	1023
575	254	800	836	86	1023
606	254	800	964	78	1023
637	254	800	1010	69	1023
668	254	800	1014	59	1023
800	254	800	1023	6	1023
924	254	800	1023	1	860
0	308	800	0	231	1023
62	308	800	0	228	1023
123	308	800	0	224	1023
185	308	800	0	214	1023
254	308	800	30	197	1023
308	308	800	131	192	1023
386	308	800	278	185	1023
451	308	800	424	176	1023
482	308	800	508	171	1023
513	308	800	601	165	1023
544	308	800	701	158	1023
575	308	800	814	150	1023
606	308	800	939	143	1023
637	308	800	1006	134	1023
668	308	800	1012	125	1023
800	308	800	1023	77	1023
924	308	800	1023	42	862
0	386	800	0	336	1023
62	386	800	0	335	1023
123	386	800	0	332	1023
185	386	800	0	327	1023
254	386	800	0	313	1023
308	386	800	94	304	1023
386	386	800	244	297	1023
451	386	800	391	288	1023
482	386	800	470	283	1023
513	386	800	564	276	1023
544	386	800	663	269	1023
575	386	800	775	262	1023
606	386	800	901	252	1023
637	386	800	1004	243	1023
668	386	800	1010	231	1023
800	386	800	1023	170	1023
924	386	800	1023	111	869
0	451	800	0	444	1023
62	451	800	0	444	1023
123	451	800	0	443	1023
185	451	800	0	440	1023
254	451	800	0	431	1023
308	451	800	53	419	1023
386	451	800	209	411	1023
451	451	800	356	404	1023
482	451	800	433	398	1023
513	451	800	525	391	1023
544	451	800	621	385	1023
575	451	800	733	376	1023
606	451	800	855	365	1023
637	451	800	996	355	1023
668	451	800	1004	339	1023
800	451	800	1023	262	1023
924	451	800	1023	179	875
0	482	800	0	501	1023
62	482	800	0	501	1023
123	482	800	0	500	1023
185	482	800	0	498	1023
254	482	800	0	494	1023
308	482	800	25	483	1023
386	482	800	187	474	1023
451	482	800	335	464	1023
482	482	800	413	459	1023
513	482	800	500	453	1023
544	482	800	599	446	1023
575	482	800	712	436	1023
606	482	800	833	427	1023
637	482	800	972	417	1023
668	482	800	1002	400	1023
800	482	800	1023	313	1023
924	482	800	1023	214	879
0	513	800	0	563	1023
62	513	800	0	563	1023
123	513	800	0	563	1023
185	513	800	0	563	1023
254	513	800	0	560	1023
308	513	800	0	552	1023
386	513	800	170	543	1023
451	513	800	311	535	1023
482	513	800	390	528	1023
513	513	800	477	522	1023
544	513	800	575	516	1023
575	513	800	684	506	1023
606	513	800	809	496	1023
637	513	800	946	484	1023
668	513	800	997	469	1023
800	513	800	1023	372	1023
924	513	800	1023	258	886
0	544	800	0	625	1023
62	544	800	0	625	1023
123	544	800	0	625	1023
185	544	800	0	627	1023
254	544	800	0	628	1023
308	544	800	0	629	1023
386	544	800	148	618	1023
451	544	800	288	608	1023
482	544	800	368	603	1023
513	544	800	451	597	1023
544	544	800	548	591	1023
575	544	800	656	581	1023
606	544	800	778	573	1023
637	544	800	914	562	1023
668	544	800	990	544	1023
800	544	800	1023	436	1023
924	544	800	1023	304	890
0	575	800	0	696	1023
62	575	800	0	696	1023
123	575	800	0	697	1023
185	575	800	0	700	1023
254	575	800	0	706	1023
308	575	800	0	709	1023
386	575	800	125	702	1023
451	575	800	265	691	1023
482	575	800	343	687	1023
513	575	800	424	680	1023
544	575	800	519	673	1023
575	575	800	629	667	1023
606	575	800	745	658	1023
637	575	800	884	647	1023
668	575	800	984	629	1023
800	575	800	1023	508	1023
924	575	800	1023	357	896
0	606	800	0	772	1023
62	606	800	0	772	1023
123	606	800	0	773	1023
185	606	800	0	780	1023
254	606	800	0	786	1021
308	606	800	0	795	1022
386	606	800	101	796	1023
451	606	800	242	785	1023
482	606	800	316	780	1023
513	606	800	397	772	1023
544	606	800	490	765	1023
575	606	800	595	761	1023
606	606	800	715	750	1023
637	606	800	845	736	1023
668	606	800	966	718	1023
800	606	800	1023	590	1023
924	606	800	1023	420	905
0	637	800	0	859	1015
62	637	800	0	859	1016
123	637	800	0	861	1017
185	637	800	0	869	1018
254	637	800	0	879	1014
308	637	800	0	889	1018
386	637	800	70	895	1023
451	637	800	215	885	1023
482	637	800	286	882	1023
513	637	800	369	874	1023
544	637	800	459	869	1023
575	637	800	561	857	1023
606	637	800	673	846	1023
637	637	800	799	831	1023
668	637	800	940	816	1023
800	637	800	1023	679	1023
924	637	800	1023	488	909
0	668	800	0	953	1006
62	668	800	0	953	1006
123	668	800	0	955	1008
185	668	800	0	963	1010
254	668	800	0	968	990
308	668	800	0	967	1008
386	668	800	32	964	1023
451	668	800	184	959	1023
482	668	800	255	957	1023
513	668	800	333	954	1023
544	668	800	418	952	1023
575	668	800	518	945	1023
606	668	800	627	939	1023
637	668	800	749	929	1023
668	668	800	880	905	1023
800	668	800	1023	774	1023
924	668	800	1023	569	917
0	800	800	0	1019	996
62	800	800	0	1019	996
123	800	800	0	1019	998
185	800	800	0	1020	1003
254	800	800	0	1022	1007
308	800	800	0	1023	988
386	800	800	0	1023	1008
451	800	800	49	1023	1021
482	800	800	117	1023	1021
513	800	800	183	1023	1021
544	800	800	252	1023	1021
575	800	800	325	1023	1021
606	800	800	412	1023	1021
637	800	800	509	1023	1021
668	800	800	618	1023	1023
800	800	800	1023	1023	1023
924	800	800	1023	938	955
0	924	800	0	1023	1018
62	924	800	0	1023	1018
123	924	800	0	1023	1019
185	924	800	0	1023	1019
254	924	800	0	1023	1021
308	924	800	0	1023	1023
386	924	800	0	1023	1010
451	924	800	0	1023	989
482	924	800	0	1023	979
513	924	800	68	1023	979
544	924	800	135	1023	981
575	924	800	203	1023	983
606	924	800	276	1023	985
637	924	800	359	1023	987
668	924	800	453	1023	989
800	924	800	926	1023	1000
924	924	800	1023	1023	1006
0	0	924	0	13	1023
62	0	924	0	8	1023
123	0	924	0	1	1023
185	0	924	31	0	1023
254	0	924	110	0	1023
308	0	924	171	0	1023
386	0	924	277	0	1023
451	0	924	392	0	1023
482	0	924	454	0	1023
513	0	924	523	0	1023
544	0	924	597	0	1023
575	0	924	682	0	1023
606	0	924	771	0	1023
637	0	924	874	0	1023
668	0	924	916	0	1023
800	0	924	1023	0	1023
924	0	924	1023	0	1023
0	62	924	0	24	1023
62	62	924	0	20	1023
123	62	924	0	5	1023
185	62	924	7	0	1023
254	62	924	92	0	1023
308	62	924	156	0	1023
386	62	924	264	0	1023
451	62	924	381	0	1023
482	62	924	443	0	1023
513	62	924	513	0	1023
544	62	924	590	0	1023
575	62	924	671	0	1023
606	62	924	767	0	1023
637	62	924	867	0	1023
668	62	924	911	0	1023
800	62	924	1023	0	1023
924	62	924	1023	0	1023
0	123	924	0	55	1023
62	123	924	0	51	1023
123	123	924	0	36	1023
185	123	924	0	11	1023
254	123	924	13	0	1023
308	123	924	100	0	1023
386	123	924	217	0	1023
451	123	924	337	0	1023
482	123	924	402	0	1023
513	123	924	475	0	1023
544	123	924	555	0	1023
575	123	924	644	0	1023
606	123	924	741	0	1023
637	123	924	844	0	1023
668	123	924	891	0	1023
800	123	924	1023	0	1023
924	123	924	1023	0	1023
0	185	924	0	98	1023
62	185	924	0	95	1023
123	185	924	0	83	1023
185	185	924	0	59	1023
254	185	924	3	20	1023
308	185	924	83	14	1023
386	185	924	185	4	1023
451	185	924	288	3	1023
482	185	924	346	2	1023
513	185	924	414	1	1023
544	185	924	493	0	1023
575	185	924	581	0	1023
606	185	924	689	0	1023
637	185	924	788	0	1023
668	185	924	865	0	1023
800	185	924	1023	0	1023
924	185	924	1023	0	1023
0	254	924	0	160	1023
62	254	924	0	156	1023
123	254	924	0	143	1023
185	254	924	0	119	1023
254	254	924	1	80	1023
308	254	924	71	77	1023
386	254	924	174	72	1023
451	254	924	278	66	1023
482	254	924	334	63	1023
513	254	924	404	59	1023
544	254	924	480	55	1023
575	254	924	565	51	1023
606	254	924	664	44	1023
637	254	924	765	37	1023
668	254	924	848	29	1023
800	254	924	1023	2	1023
924	254	924	1023	0	1023
0	308	924	0	217	1023
62	308	924	0	213	1023
123	308	924	0	201	1023
185	308	924	0	176	1023
254	308	924	0	132	1023
308	308	924	58	123	1023
386	308	924	164	118	1023
451	308	924	267	112	1023
482	308	924	324	110	1023
513	308	924	393	106	1023
544	308	924	466	103	1023
575	308	924	551	99	1023
606	308	924	647	95	1023
637	308	924	755	91	1023
668	308	924	837	87	1023
800	308	924	1023	65	1023
924	308	924	1023	23	1023
0	386	924	0	319	1023
62	386	924	0	318	1023
123	386	924	0	305	1023
185	386	924	0	279	1023
254	386	924	0	230	1023
308	386	924	21	203	1023
386	386	924	143	198	1023
451	386	924	246	193	1023
482	386	924	303	191	1023
513	386	924	369	188	1023
544	386	924	441	185	1023
575	386	924	526	182	1023
606	386	924	624	178	1023
637	386	924	733	174	1023
668	386	924	816	171	1023
800	386	924	1023	150	1023
924	386	924	1023	105	1023
0	451	924	0	425	1023
62	451	924	0	424	1023
123	451	924	0	410	1023
185	451	924	0	385	1023
254	451	924	0	339	1023
308	451	924	0	286	1023
386	451	924	120	283	1023
451	451	924	224	278	1023
482	451	924	281	274	1023
513	451	924	344	270	1023
544	451	924	418	268	1023
575	451	924	499	264	1023
606	451	924	594	260	1023
637	451	924	704	257	1023
668	451	924	797	252	1023
800	451	924	1023	231	1023
924	451	924	1023	178	1023
0	482	924	0	481	1023
62	482	924	0	479	1023
123	482	924	0	466	1023
185	482	924	0	442	1023
254	482	924	0	397	1023
308	482	924	0	342	1023
386	482	924	108	327	1023
451	482	924	210	323	1023
482	482	924	270	320	1023
513	482	924	331	316	1023
544	482	924	406	313	1023
575	482	924	486	310	1023
606	482	924	581	306	1023
637	482	924	687	303	1023
668	482	924	786	297	1023
800	482	924	1023	278	1023
924	482	924	1023	214	1023
0	513	924	0	542	1023
62	513	924	0	538	1023
123	513	924	0	527	1023
185	513	924	0	504	1023
254	513	924	0	461	1023
308	513	924	0	409	1023
386	513	924	93	383	1023
451	513	924	199	376	1023
482	513	924	257	373	1023
513	513	924	317	369	1023
544	513	924	390	366	1023
575	513	924	472	363	1023
606	513	924	565	359	1023
637	513	924	669	354	1023
668	513	924	774	349	1023
800	513	924	1023	327	1023
924	513	924	1023	258	1023
0	544	924	0	602	1023
62	544	924	0	600	1023
123	544	924	0	588	1023
185	544	924	0	567	1023
254	544	924	0	528	1023
308	544	924	0	480	1023
386	544	924	80	441	1023
451	544	924	187	436	1023
482	544	924	243	432	1023
513	544	924	304	429	1023
544	544	924	374	425	1023
575	544	924	455	421	1023
606	544	924	549	418	1023
637	544	924	652	413	1023
668	544	924	761	409	1023
800	544	924	1023	386	1023
924	544	924	1023	306	1023
0	575	924	0	673	1023
62	575	924	0	670	1023
123	575	924	0	659	1023
185	575	924	0	642	1023
254	575	924	0	604	1023
308	575	924	0	561	1023
386	575	924	63	512	1023
451	575	924	174	505	1023
482	575	924	227	501	1023
513	575	924	289	499	1023
544	575	924	359	495	1023
575	575	924	439	491	1023
606	575	924	528	486	1023
637	575	924	632	480	1023
668	575	924	746	474	1023
800	575	924	1023	449	1023
924	575	924	1023	361	1023
0	606	924	0	747	1023
62	606	924	0	743	1023
123	606	924	0	735	1023
185	606	924	0	717	1023
254	606	924	0	686	1023
308	606	924	0	645	1023
386	606	924	39	586	1023
451	606	924	158	579	1023
482	606	924	210	576	1023
513	606	924	274	571	1023
544	606	924	342	567	1023
575	606	924	421	565	1023
606	606	924	512	560	1023
637	606	924	612	553	1023
668	606	924	727	549	1023
800	606	924	1023	523	1023
924	606	924	1023	421	1023
0	637	924	0	828	1023
62	637	924	0	824	1023
123	637	924	0	816	1023
185	637	924	0	801	1023
254	637	924	0	771	1023
308	637	924	0	737	1023
386	637	924	4	675	1023
451	637	924	140	664	1023
482	637	924	195	661	1023
513	637	924	257	655	1023
544	637	924	324	652	1023
575	637	924	402	647	1023
606	637	924	491	642	1023
637	637	924	589	637	1023
668	637	924	704	632	1023
800	637	924	1023	607	1023
924	637	924	1023	493	1023
0	668	924	0	908	1023
62	668	924	0	907	1023
123	668	924	0	899	1023
185	668	924	0	886	1023
254	668	924	0	860	1023
308	668	924	0	827	1023
386	668	924	0	763	1023
451	668	924	121	757	1023
482	668	924	179	755	1023
513	668	924	240	750	1023
544	668	924	306	748	1023
575	668	924	383	744	1023
606	668	924	470	741	1023
637	668	924	569	735	1023
668	668	924	681	730	1023
800	668	924	1023	698	1023
924	668	924	1023	574	1023
0	800	924	0	1012	1023
62	800	924	0	1013	1023
123	800	924	0	1014	1023
185	800	924	0	1016	1023
254	800	924	0	1020	1023
308	800	924	0	1023	1023
386	800	924	0	1023	1023
451	800	924	4	1023	1023
482	800	924	89	1023	1023
513	800	924	154	1023	1023
544	800	924	219	1023	1023
575	800	924	290	1023	1023
606	800	924	371	1023	1023
637	800	924	462	1023	1023
668	800	924	567	1023	1023
800	800	924	1002	1017	1023
924	800	924	1023	947	1023
0	924	924	0	1023	1023
62	924	924	0	1023	1023
123	924	924	0	1023	1023
185	924	924	0	1023	1023
254	924	924	0	1023	1023
308	924	924	0	1023	1023
386	924	924	0	1023	1023
451	924	924	0	1023	1023
482	924	924	0	1023	1023
513	924	924	38	1023	1023
544	924	924	114	1023	1023
575	924	924	184	1023	1023
606	924	924	258	1023	1023
637	924	924	336	1023	1023
668	924	924	430	1023	1023
800	924	924	909	1023	1023
924	924	924	1023	1023	1023