0	0	0	0	0	0
62	0	0	77	0	4
123	0	0	106	0	3
185	0	0	148	0	2
254	0	0	212	0	3
308	0	0	274	0	6
386	0	0	377	0	13
451	0	0	487	0	16
482	0	0	556	0	17
513	0	0	630	0	18
544	0	0	712	0	19
575	0	0	803	0	19
606	0	0	900	0	19
637	0	0	964	0	14
668	0	0	980	0	14
800	0	0	1023	0	4
924	0	0	1023	0	4
0	62	0	0	49	0
62	62	0	44	42	0
123	62	0	95	10	0
185	62	0	147	2	0
254	62	0	219	0	1
308	62	0	282	0	2
386	62	0	385	0	5
451	62	0	499	0	12
482	62	0	567	0	13
513	62	0	642	0	15
544	62	0	725	0	17
575	62	0	817	0	16
606	62	0	917	0	17
637	62	0	966	0	13
668	62	0	982	0	13
800	62	0	1023	0	4
924	62	0	1023	0	4
0	123	0	0	73	3
62	123	0	1	72	0
123	123	0	66	65	0
185	123	0	134	53	0
254	123	0	213	40	0
308	123	0	283	27	0
386	123	0	401	6	1
451	123	0	536	0	1
482	123	0	607	0	1
513	123	0	687	0	2
544	123	0	772	0	3
575	123	0	864	0	6
606	123	0	958	0	8
637	123	0	974	0	9
668	123	0	990	0	10
800	123	0	1023	0	4
924	123	0	1023	0	3
0	185	0	0	119	24
62	185	0	0	118	5
123	185	0	37	115	0
185	185	0	114	110	0
254	185	0	196	96	0
308	185	0	269	85	0
386	185	0	390	67	0
451	185	0	528	53	0
482	185	0	607	47	0
513	185	0	698	38	1
544	185	0	797	29	1
575	185	0	903	20	1
606	185	0	966	11	1
637	185	0	984	2	1
668	185	0	1003	0	1
800	185	0	1023	0	3
924	185	0	1023	0	2
0	254	0	0	177	47
62	254	0	0	177	37
123	254	0	0	173	0
185	254	0	81	171	0
254	254	0	170	163	0
308	254	0	244	152	0
386	254	0	371	134	0
451	254	0	511	122	0
482	254	0	590	117	0
513	254	0	681	110	0
544	254	0	778	104	0
575	254	0	887	96	0
606	254	0	964	88	0
637	254	0	982	80	0
668	254	0	1000	71	1
800	254	0	1023	17	1
924	254	0	1023	21	2
0	308	0	0	226	47
62	308	0	0	225	43
123	308	0	0	224	10
185	308	0	51	220	0
254	308	0	140	214	0
308	308	0	217	208	0
386	308	0	352	193	0
451	308	0	492	181	0
482	308	0	571	176	0
513	308	0	662	170	0
544	308	0	758	162	0
575	308	0	866	155	0
606	308	0	960	147	0
637	308	0	979	139	0
668	308	0	998	131	0
800	308	0	1023	84	1
924	308	0	1023	72	2
0	386	0	0	314	57
62	386	0	0	314	50
123	386	0	0	314	30
185	386	0	1	316	0
254	386	0	105	311	0
308	386	0	180	307	0
386	386	0	313	297	0
451	386	0	454	288	0
482	386	0	533	282	0
513	386	0	623	276	0
544	386	0	717	267	0
575	386	0	827	257	0
606	386	0	946	249	0
637	386	0	969	240	0
668	386	0	990	230	0
800	386	0	1023	173	0
924	386	0	1023	134	1
0	451	0	0	410	66
62	451	0	0	410	61
123	451	0	0	412	40
185	451	0	0	418	6
254	451	0	72	418	0
308	451	0	151	414	0
386	451	0	281	405	0
451	451	0	420	397	0
482	451	0	496	388	0
513	451	0	579	381	0
544	451	0	675	373	0
575	451	0	783	366	0
606	451	0	896	355	0
637	451	0	954	344	0
668	451	0	978	333	0
800	451	0	1023	266	0
924	451	0	1023	195	1
0	482	0	0	464	70
62	482	0	0	464	65
123	482	0	0	466	47
185	482	0	0	472	15
254	482	0	54	474	0
308	482	0	138	472	0
386	482	0	265	465	0
451	482	0	399	455	0
482	482	0	475	447	0
513	482	0	560	440	0
544	482	0	653	434	0
575	482	0	757	423	0
606	482	0	874	414	0
637	482	0	946	403	0
668	482	0	971	391	0
800	482	0	1023	317	0
924	482	0	1023	228	0
0	513	0	0	522	74
62	513	0	0	522	70
123	513	0	0	524	53
185	513	0	0	531	22
254	513	0	33	537	0
308	513	0	122	535	0
386	513	0	249	526	0
451	513	0	381	516	0
482	513	0	456	513	0
513	513	0	540	504	0
544	513	0	630	496	0
575	513	0	732	487	0
606	513	0	847	478	0
637	513	0	935	467	0
668	513	0	964	454	0
800	513	0	1023	377	0
924	513	0	1023	265	0
0	544	0	0	585	79
62	544	0	0	585	74
123	544	0	0	589	59
185	544	0	0	596	28
254	544	0	11	605	0
308	544	0	107	600	0
386	544	0	234	594	0
451	544	0	361	584	0
482	544	0	436	580	0
513	544	0	515	575	0
544	544	0	606	566	0
575	544	0	706	558	0
606	544	0	817	548	0
637	544	0	927	537	0
668	544	0	956	523	0
800	544	0	1023	442	0
924	544	0	1023	313	0
0	575	0	0	651	84
62	575	0	0	651	80
123	575	0	0	656	66
185	575	0	0	664	35
254	575	0	0	676	0
308	575	0	89	673	0
386	575	0	216	667	0
451	575	0	342	659	0
482	575	0	412	653	0
513	575	0	490	648	0
544	575	0	583	642	0
575	575	0	681	632	0
606	575	0	792	625	0
637	575	0	915	614	0
668	575	0	947	598	0
800	575	0	1023	515	0
924	575	0	1023	369	0
0	606	0	0	723	92
62	606	0	0	725	87
123	606	0	0	731	73
185	606	0	0	739	45
254	606	0	0	753	2
308	606	0	69	755	0
386	606	0	198	749	0
451	606	0	323	742	0
482	606	0	391	735	0
513	606	0	468	731	0
544	606	0	559	725	0
575	606	0	656	718	0
606	606	0	766	710	0
637	606	0	895	703	0
668	606	0	936	684	0
800	606	0	1023	593	0
924	606	0	1023	430	0
0	637	0	0	804	99
62	637	0	0	807	94
123	637	0	0	811	80
185	637	0	0	824	55
254	637	0	0	840	11
308	637	0	44	849	0
386	637	0	178	842	0
451	637	0	302	836	0
482	637	0	370	832	0
513	637	0	445	823	0
544	637	0	533	819	0
575	637	0	630	812	0
606	637	0	741	806	0
637	637	0	863	796	0
668	637	0	925	777	0
800	637	0	1023	677	0
924	637	0	1023	497	0
0	668	0	0	902	107
62	668	0	0	905	101
123	668	0	0	906	80
185	668	0	0	909	63
254	668	0	0	914	15
308	668	0	14	918	0
386	668	0	159	913	0
451	668	0	280	912	0
482	668	0	345	911	0
513	668	0	423	909	0
544	668	0	506	906	0
575	668	0	598	900	0
606	668	0	705	895	0
637	668	0	824	888	0
668	668	0	902	871	0
800	668	0	1023	770	0
924	668	0	1023	576	0
0	800	0	0	1018	132
62	800	0	0	1018	128
123	800	0	0	1020	112
185	800	0	0	1023	89
254	800	0	0	1023	56
308	800	0	0	1023	12
386	800	0	61	1023	0
451	800	0	174	1023	0
482	800	0	229	1023	0
513	800	0	291	1023	0
544	800	0	361	1023	0
575	800	0	439	1023	0
606	800	0	528	1023	0
637	800	0	626	1023	0
668	800	0	738	1023	0
800	800	0	1023	1023	0
924	800	0	1023	924	0
0	924	0	0	1023	153
62	924	0	0	1023	150
123	924	0	0	1023	140
185	924	0	0	1023	126
254	924	0	0	1023	93
308	924	0	0	1023	66
386	924	0	0	1023	3
451	924	0	86	1023	0
482	924	0	142	1023	0
513	924	0	200	1023	0
544	924	0	263	1023	0
575	924	0	331	1023	0
606	924	0	411	1023	0
637	924	0	501	1023	0
668	924	0	601	1023	0
800	924	0	1008	1023	0
924	924	0	1023	1023	0
0	0	62	0	0	150
62	0	62	70	0	63
123	0	62	104	0	21
185	0	62	147	0	9
254	0	62	212	0	18
308	0	62	274	0	20
386	0	62	377	0	23
451	0	62	487	0	24
482	0	62	554	0	25
513	0	62	630	0	26
544	0	62	712	0	26
575	0	62	803	0	24
606	0	62	900	0	23
637	0	62	964	0	16
668	0	62	980	0	16
800	0	62	1023	0	14
924	0	62	1023	0	7
0	62	62	0	48	47
62	62	62	42	42	42
123	62	62	94	9	24
185	62	62	146	2	4
254	62	62	219	0	5
308	62	62	282	0	12
386	62	62	385	0	18
451	62	62	497	0	21
482	62	62	567	0	22
513	62	62	642	0	23
544	62	62	725	0	23
575	62	62	814	0	23
606	62	62	917	0	22
637	62	62	966	0	16
668	62	62	982	0	16
800	62	62	1023	0	12
924	62	62	1023	0	6
0	123	62	0	73	14
62	123	62	0	72	4
123	123	62	67	64	3
185	123	62	134	53	3
254	123	62	213	40	3
308	123	62	283	27	3
386	123	62	401	5	3
451	123	62	536	0	4
482	123	62	607	0	8
513	123	62	687	0	11
544	123	62	772	0	13
575	123	62	861	0	14
606	123	62	958	0	13
637	123	62	974	0	13
668	123	62	990	0	13
800	123	62	1023	0	4
924	123	62	1023	0	4
0	185	62	0	118	35
62	185	62	0	118	22
123	185	62	36	115	3
185	185	62	113	109	3
254	185	62	196	96	3
308	185	62	269	85	3
386	185	62	390	67	2
451	185	62	528	53	3
482	185	62	607	47	3
513	185	62	698	38	4
544	185	62	794	29	4
575	185	62	903	20	4
606	185	62	966	11	4
637	185	62	984	2	4
668	185	62	1003	0	4
800	185	62	1023	0	4
924	185	62	1023	0	3
0	254	62	0	177	50
62	254	62	0	176	45
123	254	62	0	173	2
185	254	62	80	171	2
254	254	62	170	163	2
308	254	62	244	152	2
386	254	62	371	134	2
451	254	62	509	122	2
482	254	62	590	117	2
513	254	62	681	110	2
544	254	62	778	104	2
575	254	62	887	96	2
606	254	62	964	88	2
637	254	62	982	80	3
668	254	62	1000	71	3
800	254	62	1023	17	2
924	254	62	1023	21	3
0	308	62	0	225	54
62	308	62	0	225	46
123	308	62	0	224	21
185	308	62	50	220	1
254	308	62	140	214	1
308	308	62	216	206	1
386	308	62	352	193	1
451	308	62	492	181	2
482	308	62	571	176	2
513	308	62	662	170	2
544	308	62	758	162	2
575	308	62	866	155	2
606	308	62	960	147	2
637	308	62	979	139	2
668	308	62	997	131	2
800	308	62	1023	84	2
924	308	62	1023	71	2
0	386	62	0	312	65
62	386	62	0	312	59
123	386	62	0	314	36
185	386	62	0	317	1
254	386	62	98	313	0
308	386	62	176	308	0
386	386	62	311	298	1
451	386	62	454	286	1
482	386	62	535	281	1
513	386	62	625	275	1
544	386	62	720	266	1
575	386	62	830	256	1
606	386	62	949	248	1
637	386	62	970	238	1
668	386	62	991	229	1
800	386	62	1023	173	1
924	386	62	1023	133	2
0	451	62	0	409	74
62	451	62	0	410	69
123	451	62	0	412	50
185	451	62	0	416	17
254	451	62	57	419	0
308	451	62	141	416	0
386	451	62	274	407	0
451	451	62	416	397	0
482	451	62	494	388	0
513	451	62	579	381	0
544	451	62	678	372	0
575	451	62	786	364	0
606	451	62	903	354	0
637	451	62	956	343	0
668	451	62	980	330	0
800	451	62	1023	262	1
924	451	62	1023	195	1
0	482	62	0	463	77
62	482	62	0	464	74
123	482	62	0	466	57
185	482	62	0	472	25
254	482	62	34	478	0
308	482	62	125	474	0
386	482	62	258	467	0
451	482	62	394	455	0
482	482	62	470	447	0
513	482	62	558	440	0
544	482	62	653	433	0
575	482	62	760	421	0
606	482	62	877	412	0
637	482	62	948	399	0
668	482	62	974	387	0
800	482	62	1023	310	0
924	482	62	1023	228	1
0	513	62	0	520	84
62	513	62	0	522	79
123	513	62	0	524	63
185	513	62	0	531	29
254	513	62	11	541	0
308	513	62	108	537	0
386	513	62	239	529	0
451	513	62	373	518	0
482	513	62	448	513	0
513	513	62	533	505	0
544	513	62	627	494	0
575	513	62	732	485	0
606	513	62	851	476	0
637	513	62	937	463	0
668	513	62	966	449	0
800	513	62	1023	369	0
924	513	62	1023	265	1
0	544	62	0	583	90
62	544	62	0	585	85
123	544	62	0	587	71
185	544	62	0	594	39
254	544	62	0	607	0
308	544	62	90	605	0
386	544	62	222	597	0
451	544	62	352	587	0
482	544	62	426	583	0
513	544	62	508	575	0
544	544	62	602	566	0
575	544	62	704	558	0
606	544	62	817	546	0
637	544	62	928	534	0
668	544	62	957	521	0
800	544	62	1023	433	0
924	544	62	1023	306	0
0	575	62	0	649	95
62	575	62	0	651	91
123	575	62	0	654	76
185	575	62	0	664	48
254	575	62	0	676	2
308	575	62	70	678	0
386	575	62	202	670	0
451	575	62	331	662	0
482	575	62	401	655	0
513	575	62	482	650	0
544	575	62	573	642	0
575	575	62	675	635	0
606	575	62	789	625	0
637	575	62	915	614	0
668	575	62	948	596	0
800	575	62	1023	505	0
924	575	62	1023	356	0
0	606	62	0	723	101
62	606	62	0	725	98
123	606	62	0	728	84
185	606	62	0	739	57
254	606	62	0	753	12
308	606	62	46	761	0
386	606	62	182	752	0
451	606	62	309	745	0
482	606	62	378	741	0
513	606	62	456	733	0
544	606	62	547	728	0
575	606	62	648	719	0
606	606	62	760	713	0
637	606	62	888	703	0
668	606	62	936	684	0
800	606	62	1023	586	0
924	606	62	1023	416	0
0	637	62	0	804	109
62	637	62	0	807	105
123	637	62	0	811	91
185	637	62	0	824	66
254	637	62	0	840	19
308	637	62	17	853	0
386	637	62	164	845	0
451	637	62	288	839	0
482	637	62	355	836	0
513	637	62	433	830	0
544	637	62	522	822	0
575	637	62	619	816	0
606	637	62	732	806	0
637	637	62	859	799	0
668	637	62	923	778	0
800	637	62	1023	673	0
924	637	62	1023	488	0
0	668	62	0	902	117
62	668	62	0	902	113
123	668	62	0	906	92
185	668	62	0	909	64
254	668	62	0	914	15
308	668	62	0	919	0
386	668	62	144	915	0
451	668	62	265	913	0
482	668	62	333	912	0
513	668	62	408	911	0
544	668	62	493	908	0
575	668	62	588	902	0
606	668	62	692	897	0
637	668	62	814	888	0
668	668	62	900	872	0
800	668	62	1023	766	0
924	668	62	1023	565	0
0	800	62	0	1018	145
62	800	62	0	1018	141
123	800	62	0	1019	124
185	800	62	0	1022	116
254	800	62	0	1023	65
308	800	62	0	1023	25
386	800	62	40	1023	0
451	800	62	161	1023	0
482	800	62	215	1023	0
513	800	62	279	1023	0
544	800	62	347	1023	0
575	800	62	426	1023	0
606	800	62	515	1023	0
637	800	62	615	1023	0
668	800	62	727	1023	0
800	800	62	1023	1023	0
924	800	62	1023	922	0
0	924	62	0	1023	161
62	924	62	0	1023	158
123	924	62	0	1023	148
185	924	62	0	1023	135
254	924	62	0	1023	101
308	924	62	0	1023	73
386	924	62	0	1023	4
451	924	62	72	1023	0
482	924	62	129	1023	0
513	924	62	188	1023	0
544	924	62	251	1023	0
575	924	62	317	1023	0
606	924	62	397	1023	0
637	924	62	484	1023	0
668	924	62	584	1023	0
800	924	62	1000	1023	0
924	924	62	1023	1023	0
0	0	123	0	0	167
62	0	123	52	0	135
123	0	123	99	0	85
185	0	123	145	0	63
254	0	123	211	0	58
308	0	123	272	0	55
386	0	123	375	0	52
451	0	123	485	0	51
482	0	123	552	0	51
513	0	123	627	0	51
544	0	123	709	0	51
575	0	123	800	0	50
606	0	123	897	0	50
637	0	123	964	0	46
668	0	123	980	0	46
800	0	123	1023	0	39
924	0	123	1023	0	35
0	62	123	0	43	116
62	62	123	32	35	108
123	62	123	91	4	79
185	62	123	144	2	61
254	62	123	218	0	54
308	62	123	281	0	51
386	62	123	384	0	49
451	62	123	497	0	48
482	62	123	565	0	49
513	62	123	640	0	49
544	62	123	723	0	48
575	62	123	814	0	48
606	62	123	913	0	48
637	62	123	966	0	44
668	62	123	982	0	45
800	62	123	1023	0	38
924	62	123	1023	0	34
0	123	123	0	71	57
62	123	123	0	70	68
123	123	123	63	63	63
185	123	123	132	54	62
254	123	123	212	39	53
308	123	123	281	27	48
386	123	123	399	4	41
451	123	123	534	0	38
482	123	123	605	0	38
513	123	123	685	0	40
544	123	123	769	0	40
575	123	123	861	0	39
606	123	123	957	0	37
637	123	123	973	0	37
668	123	123	990	0	37
800	123	123	1023	0	32
924	123	123	1023	0	28
0	185	123	0	118	65
62	185	123	0	118	57
123	185	123	33	115	53
185	185	123	112	110	50
254	185	123	195	96	54
308	185	123	268	85	48
386	185	123	389	67	42
451	185	123	526	54	37
482	185	123	605	46	36
513	185	123	696	38	34
544	185	123	794	29	32
575	185	123	903	20	30
606	185	123	966	11	27
637	185	123	984	2	26
668	185	123	1002	0	24
800	185	123	1023	0	21
924	185	123	1023	0	18
0	254	123	0	176	78
62	254	123	0	175	70
123	254	123	0	173	46
185	254	123	79	170	45
254	254	123	169	163	42
308	254	123	242	153	45
386	254	123	370	134	40
451	254	123	509	122	36
482	254	123	590	116	35
513	254	123	678	110	34
544	254	123	776	103	30
575	254	123	887	96	27
606	254	123	964	88	26
637	254	123	982	79	23
668	254	123	1000	71	21
800	254	123	1023	16	10
924	254	123	1023	21	13
0	308	123	0	224	83
62	308	123	0	224	76
123	308	123	0	223	52
185	308	123	47	220	38
254	308	123	139	213	37
308	308	123	215	207	34
386	308	123	350	192	36
451	308	123	490	181	33
482	308	123	571	175	33
513	308	123	662	170	32
544	308	123	755	162	31
575	308	123	866	155	26
606	308	123	959	147	20
637	308	123	979	138	19
668	308	123	997	131	19
800	308	123	1023	84	8
924	308	123	1023	70	12
0	386	123	0	310	91
62	386	123	0	310	85
123	386	123	0	312	69
185	386	123	0	316	33
254	386	123	98	311	29
308	386	123	175	308	30
386	386	123	311	298	29
451	386	123	454	286	31
482	386	123	533	280	29
513	386	123	623	275	29
544	386	123	720	266	28
575	386	123	827	256	26
606	386	123	949	248	23
637	386	123	970	238	21
668	386	123	990	229	21
800	386	123	1023	173	9
924	386	123	1023	133	7
0	451	123	0	407	105
62	451	123	0	407	100
123	451	123	0	410	81
185	451	123	0	416	50
254	451	123	56	418	24
308	451	123	140	416	24
386	451	123	274	407	24
451	451	123	416	397	24
482	451	123	494	388	24
513	451	123	579	381	25
544	451	123	678	372	23
575	451	123	786	363	22
606	451	123	903	354	21
637	451	123	956	343	18
668	451	123	980	330	18
800	451	123	1023	262	9
924	451	123	1023	194	4
0	482	123	0	461	110
62	482	123	0	463	105
123	482	123	0	464	89
185	482	123	0	470	59
254	482	123	28	478	21
308	482	123	122	474	21
386	482	123	255	467	22
451	482	123	392	455	21
482	482	123	470	447	20
513	482	123	558	440	21
544	482	123	653	433	21
575	482	123	760	421	20
606	482	123	877	412	19
637	482	123	948	400	16
668	482	123	974	387	15
800	482	123	1023	311	5
924	482	123	1023	227	4
0	513	123	0	518	115
62	513	123	0	520	110
123	513	123	0	522	95
185	513	123	0	531	66
254	513	123	1	541	17
308	513	123	101	537	17
386	513	123	234	529	17
451	513	123	370	518	17
482	513	123	446	513	18
513	513	123	531	505	17
544	513	123	625	494	17
575	513	123	732	485	17
606	513	123	851	476	16
637	513	123	937	463	15
668	513	123	965	449	14
800	513	123	1023	367	5
924	513	123	1023	265	3
0	544	123	0	580	120
62	544	123	0	583	116
123	544	123	0	585	102
185	544	123	0	594	73
254	544	123	0	607	24
308	544	123	77	607	14
386	544	123	212	599	15
451	544	123	345	589	14
482	544	123	420	583	14
513	544	123	503	575	14
544	544	123	597	566	14
575	544	123	701	556	14
606	544	123	817	546	14
637	544	123	928	534	14
668	544	123	957	519	13
800	544	123	1023	433	6
924	544	123	1023	304	3
0	575	123	0	646	125
62	575	123	0	649	121
123	575	123	0	654	108
185	575	123	0	661	80
254	575	123	0	676	32
308	575	123	48	681	11
386	575	123	189	673	11
451	575	123	321	664	11
482	575	123	392	658	11
513	575	123	474	651	12
544	575	123	568	645	11
575	575	123	670	635	12
606	575	123	786	625	12
637	575	123	915	612	12
668	575	123	948	596	11
800	575	123	1023	503	5
924	575	123	1023	354	3
0	606	123	0	720	130
62	606	123	0	723	125
123	606	123	0	728	113
185	606	123	0	736	89
254	606	123	0	753	43
308	606	123	15	763	8
386	606	123	165	758	8
451	606	123	294	748	9
482	606	123	364	745	9
513	606	123	445	736	9
544	606	123	537	731	9
575	606	123	637	722	9
606	606	123	753	713	9
637	606	123	884	703	9
668	606	123	936	684	9
800	606	123	1023	580	5
924	606	123	1023	413	2
0	637	123	0	801	138
62	637	123	0	804	134
123	637	123	0	807	120
185	637	123	0	820	97
254	637	123	0	840	54
308	637	123	0	859	9
386	637	123	142	851	5
451	637	123	269	845	6
482	637	123	339	839	6
513	637	123	418	833	6
544	637	123	506	826	6
575	637	123	606	819	6
606	637	123	719	809	6
637	637	123	849	800	6
668	637	123	922	779	5
800	637	123	1023	669	3
924	637	123	1023	480	2
0	668	123	0	897	144
62	668	123	0	901	140
123	668	123	0	905	126
185	668	123	0	909	99
254	668	123	0	914	63
308	668	123	0	919	14
386	668	123	116	918	1
451	668	123	242	915	1
482	668	123	311	914	1
513	668	123	386	913	2
544	668	123	473	911	2
575	668	123	571	904	2
606	668	123	678	898	2
637	668	123	800	890	2
668	668	123	897	874	2
800	668	123	1023	762	2
924	668	123	1023	555	2
0	800	123	0	1017	157
62	800	123	0	1018	153
123	800	123	0	1019	164
185	800	123	0	1022	135
254	800	123	0	1023	90
308	800	123	0	1023	57
386	800	123	0	1023	1
451	800	123	119	1023	0
482	800	123	179	1023	0
513	800	123	241	1023	0
544	800	123	308	1023	0
575	800	123	388	1023	0
606	800	123	476	1023	0
637	800	123	578	1023	0
668	800	123	692	1023	0
800	800	123	1023	1023	0
924	800	123	1023	917	0
0	924	123	0	1023	187
62	924	123	0	1023	184
123	924	123	0	1023	175
185	924	123	0	1023	155
254	924	123	0	1023	129
308	924	123	0	1023	94
386	924	123	0	1023	37
451	924	123	4	1023	0
482	924	123	86	1023	0
513	924	123	147	1023	0
544	924	123	207	1023	0
575	924	123	276	1023	0
606	924	123	352	1023	0
637	924	123	439	1023	0
668	924	123	539	1023	0
800	924	123	976	1023	0
924	924	123	1023	1023	0
0	0	185	0	5	197
62	0	185	26	0	187
123	0	185	87	0	146
185	0	185	140	0	111
254	0	185	208	0	107
308	0	185	269	0	100
386	0	185	372	0	94
451	0	185	481	0	92
482	0	185	549	0	92
513	0	185	622	0	92
544	0	185	706	0	92
575	0	185	794	0	92
606	0	185	893	0	92
637	0	185	963	0	90
668	0	185	979	0	90
800	0	185	1023	0	80
924	0	185	1023	0	72
0	62	185	0	27	163
62	62	185	10	16	166
123	62	185	80	3	139
185	62	185	139	2	118
254	62	185	215	0	106
308	62	185	277	0	98
386	62	185	381	0	92
451	62	185	493	0	90
482	62	185	560	0	90
513	62	185	637	0	90
544	62	185	720	0	90
575	62	185	809	0	90
606	62	185	907	0	90
637	62	185	965	0	88
668	62	185	981	0	88
800	62	185	1023	0	78
924	62	185	1023	0	70
0	123	185	0	69	118
62	123	185	0	67	127
123	123	185	57	61	124
185	123	185	128	52	115
254	123	185	209	38	105
308	123	185	278	26	95
386	123	185	398	3	85
451	123	185	532	0	82
482	123	185	603	0	82
513	123	185	682	0	82
544	123	185	766	0	82
575	123	185	857	0	83
606	123	185	957	0	81
637	123	185	973	0	82
668	123	185	988	0	82
800	123	185	1023	0	74
924	123	185	1023	0	65
0	185	185	0	118	112
62	185	185	0	117	112
123	185	185	27	114	111
185	185	185	109	109	109
254	185	185	193	96	108
308	185	185	266	84	97
386	185	185	388	67	84
451	185	185	524	53	80
482	185	185	603	45	80
513	185	185	693	37	78
544	185	185	792	28	76
575	185	185	900	20	75
606	185	185	966	10	73
637	185	185	984	2	71
668	185	185	1002	0	69
800	185	185	1023	0	65
924	185	185	1023	0	57
0	254	185	0	173	110
62	254	185	0	173	106
123	254	185	0	172	98
185	254	185	76	169	95
254	254	185	167	163	90
308	254	185	241	151	96
386	254	185	368	134	85
451	254	185	507	122	80
482	254	185	588	116	79
513	254	185	676	110	77
544	254	185	776	103	75
575	254	185	884	96	73
606	254	185	963	88	71
637	254	185	981	79	70
668	254	185	1000	70	68
800	254	185	1023	16	55
924	254	185	1023	19	52
0	308	185	0	221	116
62	308	185	0	221	112
123	308	185	0	221	95
185	308	185	43	220	85
254	308	185	137	213	85
308	308	185	213	207	80
386	308	185	349	192	82
451	308	185	488	181	78
482	308	185	569	174	77
513	308	185	660	169	77
544	308	185	755	162	74
575	308	185	862	155	71
606	308	185	959	147	67
637	308	185	978	138	66
668	308	185	997	130	65
800	308	185	1023	84	55
924	308	185	1023	70	51
0	386	185	0	307	130
62	386	185	0	308	125
123	386	185	0	310	111
185	386	185	0	314	80
254	386	185	95	311	76
308	386	185	174	308	76
386	386	185	310	296	74
451	386	185	452	286	76
482	386	185	530	280	74
513	386	185	620	274	73
544	386	185	717	265	73
575	386	185	827	256	71
606	386	185	946	247	69
637	386	185	969	239	67
668	386	185	990	229	66
800	386	185	1023	173	55
924	386	185	1023	132	49
0	451	185	0	405	142
62	451	185	0	405	138
123	451	185	0	409	125
185	451	185	0	414	96
254	451	185	53	418	71
308	451	185	139	414	71
386	451	185	272	407	71
451	451	185	414	397	70
482	451	185	492	388	69
513	451	185	577	380	71
544	451	185	675	372	69
575	451	185	783	363	68
606	451	185	900	352	66
637	451	185	955	341	63
668	451	185	979	330	64
800	451	185	1023	262	54
924	451	185	1023	194	44
0	482	185	0	459	148
62	482	185	0	459	144
123	482	185	0	463	132
185	482	185	0	468	104
254	482	185	26	478	67
308	482	185	120	474	67
386	482	185	254	465	68
451	482	185	390	455	66
482	482	185	468	447	66
513	482	185	555	440	66
544	482	185	650	433	67
575	482	185	757	421	65
606	482	185	874	412	64
637	482	185	948	400	61
668	482	185	973	387	61
800	482	185	1023	311	48
924	482	185	1023	226	41
0	513	185	0	516	153
62	513	185	0	516	149
123	513	185	0	520	134
185	513	185	0	529	111
254	513	185	0	541	64
308	513	185	99	537	64
386	513	185	233	529	64
451	513	185	368	518	64
482	513	185	444	513	63
513	513	185	531	505	63
544	513	185	625	494	63
575	513	185	730	485	63
606	513	185	848	474	62
637	513	185	937	463	60
668	513	185	965	449	59
800	513	185	1023	367	48
924	513	185	1023	264	37
0	544	185	0	578	159
62	544	185	0	578	155
123	544	185	0	583	141
185	544	185	0	591	117
254	544	185	0	605	73
308	544	185	74	607	61
386	544	185	211	599	60
451	544	185	344	589	61
482	544	185	418	583	61
513	544	185	501	575	60
544	544	185	597	566	59
575	544	185	701	556	59
606	544	185	814	546	59
637	544	185	927	535	58
668	544	185	957	519	57
800	544	185	1023	432	47
924	544	185	1023	304	33
0	575	185	0	644	164
62	575	185	0	644	161
123	575	185	0	649	147
185	575	185	0	659	124
254	575	185	0	673	81
308	575	185	45	681	57
386	575	185	186	673	56
451	575	185	319	662	56
482	575	185	390	658	56
513	575	185	472	651	57
544	575	185	566	643	56
575	575	185	670	635	56
606	575	185	786	623	56
637	575	185	914	612	56
668	575	185	947	596	55
800	575	185	1023	503	46
924	575	185	1023	354	31
0	606	185	0	718	172
62	606	185	0	718	168
123	606	185	0	723	153
185	606	185	0	734	129
254	606	185	0	750	90
308	606	185	13	763	53
386	606	185	163	758	53
451	606	185	293	748	53
482	606	185	362	745	53
513	606	185	443	736	53
544	606	185	535	729	53
575	606	185	637	722	53
606	606	185	750	713	53
637	606	185	884	703	52
668	606	185	935	682	53
800	606	185	1023	581	44
924	606	185	1023	414	30
0	637	185	0	799	176
62	637	185	0	799	171
123	637	185	0	804	160
185	637	185	0	817	137
254	637	185	0	837	100
308	637	185	0	859	56
386	637	185	141	851	49
451	637	185	266	845	49
482	637	185	337	839	50
513	637	185	416	833	49
544	637	185	506	826	49
575	637	185	604	819	50
606	637	185	719	809	49
637	637	185	846	800	48
668	637	185	921	779	43
800	637	185	1023	667	41
924	637	185	1023	480	28
0	668	185	0	893	183
62	668	185	0	893	180
123	668	185	0	899	168
185	668	185	0	906	135
254	668	185	0	913	104
308	668	185	0	918	55
386	668	185	114	918	39
451	668	185	241	915	40
482	668	185	309	914	40
513	668	185	384	913	41
544	668	185	470	911	41
575	668	185	569	904	40
606	668	185	675	898	41
637	668	185	800	890	40
668	668	185	896	874	36
800	668	185	1023	762	38
924	668	185	1023	558	27
0	800	185	0	1016	213
62	800	185	0	1017	208
123	800	185	0	1018	194
185	800	185	0	1021	167
254	800	185	0	1023	127
308	800	185	0	1023	95
386	800	185	0	1023	28
451	800	185	116	1023	17
482	800	185	177	1023	18
513	800	185	238	1023	18
544	800	185	307	1023	19
575	800	185	386	1023	19
606	800	185	474	1023	19
637	800	185	575	1023	19
668	800	185	689	1023	20
800	800	185	1023	1023	21
924	800	185	1023	917	18
0	924	185	0	1023	221
62	924	185	0	1023	217
123	924	185	0	1023	214
185	924	185	0	1023	197
254	924	185	0	1023	166
308	924	185	0	1023	131
386	924	185	0	1023	77
451	924	185	0	1023	4
482	924	185	62	1023	4
513	924	185	124	1023	4
544	924	185	188	1023	4
575	924	185	257	1023	4
606	924	185	330	1023	4
637	924	185	418	1023	4
668	924	185	516	1023	4
800	924	185	966	1023	4
924	924	185	1023	1023	5
0	0	254	0	4	225
62	0	254	0	0	234
123	0	254	68	0	212
185	0	254	133	0	178
254	0	254	205	0	166
308	0	254	266	0	152
386	0	254	369	0	150
451	0	254	477	0	145
482	0	254	545	0	146
513	0	254	620	0	146
544	0	254	701	0	145
575	0	254	792	0	144
606	0	254	887	0	144
637	0	254	962	0	140
668	0	254	978	0	140
800	0	254	1023	0	124
924	0	254	1023	0	112
0	62	254	0	16	206
62	62	254	0	4	222
123	62	254	63	2	209
185	62	254	132	1	192
254	62	254	210	0	177
308	62	254	273	0	154
386	62	254	377	0	150
451	62	254	489	0	145
482	62	254	556	0	145
513	62	254	632	0	144
544	62	254	715	0	144
575	62	254	803	0	143
606	62	254	903	0	142
637	62	254	964	0	139
668	62	254	980	0	138
800	62	254	1023	0	124
924	62	254	1023	0	110
0	123	254	0	67	173
62	123	254	0	64	188
123	123	254	46	57	196
185	123	254	122	49	189
254	123	254	204	37	176
308	123	254	275	24	164
386	123	254	393	2	148
451	123	254	530	0	142
482	123	254	598	0	140
513	123	254	677	0	140
544	123	254	761	0	139
575	123	254	851	0	138
606	123	254	953	0	137
637	123	254	972	0	134
668	123	254	988	0	134
800	123	254	1023	0	120
924	123	254	1023	0	104
0	185	254	0	115	160
62	185	254	0	114	168
123	185	254	15	112	167
185	185	254	103	106	181
254	185	254	189	93	170
308	185	254	262	83	160
386	185	254	384	66	148
451	185	254	522	52	141
482	185	254	600	45	138
513	185	254	690	36	137
544	185	254	789	27	134
575	185	254	897	19	132
606	185	254	965	10	128
637	185	254	983	2	126
668	185	254	1002	0	124
800	185	254	1023	0	110
924	185	254	1023	0	93
0	254	254	0	170	161
62	254	254	0	170	162
123	254	254	0	170	165
185	254	254	71	168	164
254	254	254	162	162	162
308	254	254	236	151	163
386	254	254	365	133	149
451	254	254	505	121	139
482	254	254	582	115	138
513	254	254	673	109	136
544	254	254	768	102	133
575	254	254	880	95	131
606	254	254	963	87	128
637	254	254	981	78	125
668	254	254	999	69	122
800	254	254	1023	15	101
924	254	254	1023	16	90
0	308	254	0	218	154
62	308	254	0	218	153
123	308	254	0	219	146
185	308	254	37	220	152
254	308	254	133	213	149
308	308	254	208	205	142
386	308	254	344	193	145
451	308	254	486	180	139
482	308	254	565	175	137
513	308	254	654	169	136
544	308	254	750	162	134
575	308	254	859	154	128
606	308	254	959	146	126
637	308	254	978	138	124
668	308	254	997	130	121
800	308	254	1023	84	100
924	308	254	1023	68	88
0	386	254	0	305	173
62	386	254	0	305	171
123	386	254	0	307	161
185	386	254	0	313	138
254	386	254	91	311	137
308	386	254	171	308	137
386	386	254	305	296	134
451	386	254	448	285	137
482	386	254	528	279	135
513	386	254	617	274	134
544	386	254	714	265	132
575	386	254	821	256	129
606	386	254	943	247	126
637	386	254	969	237	123
668	386	254	990	228	122
800	386	254	1023	172	103
924	386	254	1023	131	87
0	451	254	0	402	189
62	451	254	0	403	187
123	451	254	0	405	176
185	451	254	0	412	154
254	451	254	48	418	131
308	451	254	135	414	131
386	451	254	269	405	132
451	451	254	410	396	130
482	451	254	488	387	132
513	451	254	575	380	131
544	451	254	672	372	128
575	451	254	779	363	126
606	451	254	895	352	124
637	451	254	955	341	120
668	451	254	979	330	120
800	451	254	1023	262	103
924	451	254	1023	193	84
0	482	254	0	455	194
62	482	254	0	457	190
123	482	254	0	461	182
185	482	254	0	466	160
254	482	254	21	476	129
308	482	254	117	474	129
386	482	254	250	464	128
451	482	254	386	455	127
482	482	254	464	447	126
513	482	254	551	440	125
544	482	254	648	431	126
575	482	254	754	422	124
606	482	254	871	411	121
637	482	254	946	398	117
668	482	254	972	386	116
800	482	254	1023	310	94
924	482	254	1023	225	82
0	513	254	0	512	205
62	513	254	0	514	198
123	513	254	0	518	185
185	513	254	0	526	166
254	513	254	0	539	125
308	513	254	95	537	124
386	513	254	229	529	124
451	513	254	365	518	123
482	513	254	439	513	122
513	513	254	527	505	122
544	513	254	620	495	121
575	513	254	727	486	122
606	513	254	842	474	119
637	513	254	936	463	117
668	513	254	965	450	116
800	513	254	1023	368	96
924	513	254	1023	263	79
0	544	254	0	574	213
62	544	254	0	576	208
123	544	254	0	580	192
185	544	254	0	589	173
254	544	254	0	602	131
308	544	254	71	605	120
386	544	254	207	599	120
451	544	254	341	589	120
482	544	254	415	582	120
513	544	254	497	576	118
544	544	254	592	567	117
575	544	254	696	556	118
606	544	254	811	546	118
637	544	254	926	533	115
668	544	254	956	519	114
800	544	254	1023	432	97
924	544	254	1023	303	76
0	575	254	0	642	220
62	575	254	0	642	216
123	575	254	0	646	199
185	575	254	0	656	174
254	575	254	0	671	138
308	575	254	41	681	116
386	575	254	183	672	116
451	575	254	316	662	116
482	575	254	386	657	115
513	575	254	468	650	116
544	575	254	561	643	115
575	575	254	665	633	114
606	575	254	780	623	114
637	575	254	913	612	114
668	575	254	946	596	113
800	575	254	1023	503	98
924	575	254	1023	354	76
0	606	254	0	715	225
62	606	254	0	715	223
123	606	254	0	720	209
185	606	254	0	731	184
254	606	254	0	747	147
308	606	254	9	763	113
386	606	254	160	757	112
451	606	254	290	748	112
482	606	254	359	742	113
513	606	254	441	736	112
544	606	254	533	729	112
575	606	254	632	719	111
606	606	254	748	710	111
637	606	254	878	701	111
668	606	254	934	682	111
800	606	254	1023	582	97
924	606	254	1023	413	75
0	637	254	0	796	233
62	637	254	0	796	229
123	637	254	0	801	218
185	637	254	0	813	193
254	637	254	0	833	156
308	637	254	0	856	116
386	637	254	138	851	108
451	637	254	263	845	108
482	637	254	334	839	109
513	637	254	412	833	109
544	637	254	501	826	109
575	637	254	602	816	109
606	637	254	713	810	109
637	637	254	843	800	108
668	637	254	920	780	100
800	637	254	1023	668	97
924	637	254	1023	480	75
0	668	254	0	889	240
62	668	254	0	889	237
123	668	254	0	896	226
185	668	254	0	904	184
254	668	254	0	910	161
308	668	254	0	918	107
386	668	254	111	917	101
451	668	254	238	915	101
482	668	254	307	914	102
513	668	254	381	912	102
544	668	254	468	911	102
575	668	254	564	904	102
606	668	254	673	898	103
637	668	254	794	891	101
668	668	254	895	875	93
800	668	254	1023	763	95
924	668	254	1023	558	74
0	800	254	0	1015	255
62	800	254	0	1016	251
123	800	254	0	1018	233
185	800	254	0	1020	244
254	800	254	0	1023	178
308	800	254	0	1023	143
386	800	254	0	1023	88
451	800	254	113	1023	79
482	800	254	174	1023	79
513	800	254	236	1023	80
544	800	254	304	1023	80
575	800	254	383	1023	80
606	800	254	472	1023	80
637	800	254	573	1023	81
668	800	254	687	1023	80
800	800	254	1023	1023	79
924	800	254	1023	917	72
0	924	254	0	1023	285
62	924	254	0	1023	281
123	924	254	0	1023	271
185	924	254	0	1023	250
254	924	254	0	1023	214
308	924	254	0	1023	185
386	924	254	0	1023	127
451	924	254	0	1023	71
482	924	254	58	1023	66
513	924	254	122	1023	67
544	924	254	187	1023	67
575	924	254	254	1023	67
606	924	254	328	1023	67
637	924	254	414	1023	68
668	924	254	514	1023	68
800	924	254	964	1023	70
924	924	254	1023	1023	69
0	0	308	0	2	261
62	0	308	0	0	276
123	0	308	56	0	268
185	0	308	127	0	242
254	0	308	200	0	225
308	0	308	263	0	206
386	0	308	366	0	195
451	0	308	475	0	191
482	0	308	543	0	193
513	0	308	615	0	194
544	0	308	698	0	193
575	0	308	786	0	192
606	0	308	884	0	191
637	0	308	961	0	189
668	0	308	978	0	188
800	0	308	1023	0	173
924	0	308	1023	0	150
0	62	308	0	12	250
62	62	308	0	3	273
123	62	308	49	2	272
185	62	308	124	0	263
254	62	308	204	0	233
308	62	308	268	0	210
386	62	308	374	0	197
451	62	308	487	0	192
482	62	308	554	0	194
513	62	308	627	0	193
544	62	308	712	0	193
575	62	308	800	0	191
606	62	308	897	0	190
637	62	308	964	0	188
668	62	308	980	0	187
800	62	308	1023	0	171
924	62	308	1023	0	148
0	123	308	0	65	227
62	123	308	0	61	245
123	123	308	34	54	265
185	123	308	114	46	258
254	123	308	197	35	242
308	123	308	269	22	226
386	123	308	390	2	207
451	123	308	524	0	196
482	123	308	594	0	194
513	123	308	672	0	192
544	123	308	758	0	189
575	123	308	845	0	189
606	123	308	949	0	187
637	123	308	971	0	184
668	123	308	987	0	183
800	123	308	1023	0	166
924	123	308	1023	0	142
0	185	308	0	114	206
62	185	308	0	112	217
123	185	308	3	109	230
185	185	308	95	103	248
254	185	308	183	92	236
308	185	308	257	83	224
386	185	308	381	65	204
451	185	308	517	51	195
482	185	308	595	44	193
513	185	308	687	35	191
544	185	308	786	26	187
575	185	308	893	18	183
606	185	308	965	8	179
637	185	308	983	2	176
668	185	308	1001	0	173
800	185	308	1023	0	155
924	185	308	1023	0	131
0	254	308	0	169	200
62	254	308	0	169	204
123	254	308	0	170	221
185	254	308	65	167	212
254	254	308	156	159	225
308	254	308	232	149	215
386	254	308	362	133	201
451	254	308	500	121	194
482	254	308	580	116	192
513	254	308	671	109	190
544	254	308	765	102	186
575	254	308	877	94	182
606	254	308	962	86	178
637	254	308	980	78	174
668	254	308	999	68	172
800	254	308	1023	14	145
924	254	308	1023	14	125
0	308	308	0	216	202
62	308	308	0	216	204
123	308	308	0	218	206
185	308	308	31	218	211
254	308	308	130	212	208
308	308	308	204	204	204
386	308	308	341	191	202
451	308	308	480	180	193
482	308	308	562	174	190
513	308	308	651	168	188
544	308	308	747	161	185
575	308	308	856	153	181
606	308	308	958	145	177
637	308	308	977	137	175
668	308	308	996	129	171
800	308	308	1023	83	145
924	308	308	1023	67	124
0	386	308	0	302	210
62	386	308	0	304	209
123	386	308	0	307	204
185	386	308	0	311	191
254	386	308	87	311	193
308	386	308	167	306	193
386	386	308	301	296	189
451	386	308	444	285	193
482	386	308	524	278	189
513	386	308	615	274	187
544	386	308	711	265	185
575	386	308	816	255	181
606	386	308	939	247	179
637	386	308	968	238	173
668	386	308	989	228	172
800	386	308	1023	173	144
924	386	308	1023	130	122
0	451	308	0	400	232
62	451	308	0	402	229
123	451	308	0	403	222
185	451	308	0	410	204
254	451	308	43	418	186
308	451	308	132	414	185
386	451	308	267	405	185
451	451	308	406	394	183
482	451	308	486	387	185
513	451	308	570	380	185
544	451	308	666	371	181
575	451	308	774	363	179
606	451	308	892	353	176
637	451	308	954	342	171
668	451	308	978	329	170
800	451	308	1023	262	149
924	451	308	1023	192	119
0	482	308	0	453	242
62	482	308	0	455	237
123	482	308	0	459	229
185	482	308	0	464	211
254	482	308	14	476	182
308	482	308	113	472	182
386	482	308	248	464	182
451	482	308	383	451	180
482	482	308	460	445	178
513	482	308	549	439	181
544	482	308	643	431	179
575	482	308	748	422	175
606	482	308	867	411	173
637	482	308	946	398	168
668	482	308	972	386	167
800	482	308	1023	310	137
924	482	308	1023	224	117
0	513	308	0	510	251
62	513	308	0	512	246
123	513	308	0	516	236
185	513	308	0	524	217
254	513	308	0	539	181
308	513	308	92	537	177
386	513	308	227	528	176
451	513	308	362	516	176
482	513	308	436	513	176
513	513	308	524	506	174
544	513	308	618	495	172
575	513	308	722	484	175
606	513	308	838	475	171
637	513	308	935	462	167
668	513	308	964	450	167
800	513	308	1023	368	141
924	513	308	1023	263	114
0	544	308	0	574	258
62	544	308	0	574	256
123	544	308	0	578	242
185	544	308	0	587	223
254	544	308	0	602	183
308	544	308	66	605	173
386	544	308	205	597	173
451	544	308	338	587	173
482	544	308	411	583	172
513	544	308	494	576	170
544	544	308	590	567	169
575	544	308	693	556	168
606	544	308	808	546	169
637	544	308	925	533	166
668	544	308	956	519	165
800	544	308	1023	433	143
924	544	308	1023	303	111
0	575	308	0	640	265
62	575	308	0	640	263
123	575	308	0	644	249
185	575	308	0	654	229
254	575	308	0	671	191
308	575	308	35	681	168
386	575	308	179	672	168
451	575	308	313	662	167
482	575	308	385	654	166
513	575	308	466	650	167
544	575	308	559	643	166
575	575	308	662	633	165
606	575	308	777	623	165
637	575	308	910	613	165
668	575	308	945	594	164
800	575	308	1023	504	144
924	575	308	1023	356	112
0	606	308	0	713	267
62	606	308	0	713	268
123	606	308	0	718	259
185	606	308	0	728	237
254	606	308	0	747	200
308	606	308	3	763	163
386	606	308	157	754	163
451	606	308	287	747	163
482	606	308	358	741	163
513	606	308	437	736	163
544	606	308	528	729	163
575	606	308	629	719	163
606	606	308	744	710	162
637	606	308	875	701	161
668	606	308	933	683	161
800	606	308	1023	582	143
924	606	308	1023	414	112
0	637	308	0	793	276
62	637	308	0	793	273
123	637	308	0	799	263
185	637	308	0	810	244
254	637	308	0	829	209
308	637	308	0	851	168
386	637	308	134	851	159
451	637	308	260	842	159
482	637	308	331	839	160
513	637	308	409	833	160
544	637	308	499	826	160
575	637	308	597	816	159
606	637	308	711	806	159
637	637	308	840	797	158
668	637	308	920	777	147
800	637	308	1023	668	143
924	637	308	1023	480	112
0	668	308	0	886	286
62	668	308	0	886	283
123	668	308	0	893	272
185	668	308	0	903	249
254	668	308	0	908	204
308	668	308	0	915	155
386	668	308	109	917	152
451	668	308	235	915	152
482	668	308	304	914	152
513	668	308	379	912	151
544	668	308	464	911	151
575	668	308	562	904	152
606	668	308	668	898	151
637	668	308	790	891	150
668	668	308	894	875	139
800	668	308	1023	763	140
924	668	308	1023	558	112
0	800	308	0	1014	333
62	800	308	0	1015	328
123	800	308	0	1017	313
185	800	308	0	1019	283
254	800	308	0	1023	221
308	800	308	0	1023	195
386	800	308	0	1023	135
451	800	308	110	1023	124
482	800	308	172	1023	124
513	800	308	232	1023	124
544	800	308	301	1023	125
575	800	308	381	1023	125
606	800	308	470	1023	125
637	800	308	569	1023	125
668	800	308	684	1023	124
800	800	308	1023	1023	123
924	800	308	1023	917	112
0	924	308	0	1023	336
62	924	308	0	1023	334
123	924	308	0	1023	321
185	924	308	0	1023	297
254	924	308	0	1023	274
308	924	308	0	1023	233
386	924	308	0	1023	174
451	924	308	0	1023	115
482	924	308	55	1023	108
513	924	308	120	1023	108
544	924	308	184	1023	108
575	924	308	252	1023	110
606	924	308	325	1023	110
637	924	308	413	1023	110
668	924	308	510	1023	111
800	924	308	964	1023	113
924	924	308	1023	1023	112
0	0	386	0	2	347
62	0	386	0	0	367
123	0	386	44	0	373
185	0	386	115	0	346
254	0	386	190	0	327
308	0	386	255	0	303
386	0	386	360	0	287
451	0	386	469	0	285
482	0	386	538	0	280
513	0	386	610	0	280
544	0	386	692	0	277
575	0	386	780	0	274
606	0	386	877	0	271
637	0	386	961	0	272
668	0	386	977	0	270
800	0	386	1023	0	248
924	0	386	1023	0	210
0	62	386	0	10	341
62	62	386	0	3	363
123	62	386	28	1	391
185	62	386	108	0	383
254	62	386	190	0	343
308	62	386	259	0	312
386	62	386	368	0	293
451	62	386	480	0	285
482	62	386	549	0	283
513	62	386	620	0	281
544	62	386	705	0	278
575	62	386	792	0	275
606	62	386	890	0	271
637	62	386	963	0	272
668	62	386	979	0	270
800	62	386	1023	0	247
924	62	386	1023	0	208
0	123	386	0	61	322
62	123	386	0	58	341
123	123	386	10	48	385
185	123	386	99	42	376
254	123	386	185	31	359
308	123	386	258	20	341
386	123	386	383	2	314
451	123	386	515	0	299
482	123	386	585	0	293
513	123	386	664	0	289
544	123	386	747	0	285
575	123	386	839	0	279
606	123	386	943	0	275
637	123	386	970	0	271
668	123	386	986	0	269
800	123	386	1023	0	243
924	123	386	1023	0	203
0	185	386	0	110	295
62	185	386	0	109	309
123	185	386	0	102	367
185	185	386	82	96	362
254	185	386	173	89	351
308	185	386	247	79	338
386	185	386	374	64	312
451	185	386	510	50	300
482	185	386	589	42	296
513	185	386	679	33	292
544	185	386	774	25	286
575	185	386	887	16	279
606	185	386	964	7	274
637	185	386	982	1	270
668	185	386	999	0	264
800	185	386	1023	0	232
924	185	386	1023	0	192
0	254	386	0	168	275
62	254	386	0	168	284
123	254	386	0	167	318
185	254	386	53	163	322
254	254	386	146	155	336
308	254	386	222	146	325
386	254	386	355	131	308
451	254	386	493	120	298
482	254	386	573	114	293
513	254	386	663	108	290
544	254	386	759	100	285
575	254	386	866	93	280
606	254	386	960	85	273
637	254	386	979	76	268
668	254	386	998	68	263
800	254	386	1023	12	222
924	254	386	1023	10	185
0	308	386	0	212	270
62	308	386	0	213	274
123	308	386	0	213	291
185	308	386	15	214	301
254	308	386	121	209	300
308	308	386	196	201	312
386	308	386	333	190	302
451	308	386	474	179	295
482	308	386	555	173	293
513	308	386	643	167	289
544	308	386	742	160	284
575	308	386	848	152	279
606	308	386	954	144	272
637	308	386	974	136	267
668	308	386	994	128	262
800	308	386	1023	83	223
924	308	386	1023	65	185
0	386	386	0	301	282
62	386	386	0	302	283
123	386	386	0	304	288
185	386	386	0	310	295
254	386	386	78	309	298
308	386	386	161	304	297
386	386	386	295	295	295
451	386	386	437	284	297
482	386	386	517	279	294
513	386	386	608	273	287
544	386	386	703	264	282
575	386	386	810	255	276
606	386	386	927	246	271
637	386	386	965	236	265
668	386	386	987	227	261
800	386	386	1023	172	223
924	386	386	1023	128	183
0	451	386	0	398	300
62	451	386	0	398	300
123	451	386	0	402	295
185	451	386	0	409	291
254	451	386	33	416	287
308	451	386	126	412	287
386	451	386	260	402	286
451	451	386	400	394	283
482	451	386	476	388	289
513	451	386	564	379	286
544	451	386	661	371	281
575	451	386	766	362	275
606	451	386	885	351	271
637	451	386	952	340	264
668	451	386	976	329	263
800	451	386	1023	261	224
924	451	386	1023	190	180
0	482	386	0	451	312
62	482	386	0	453	311
123	482	386	0	457	302
185	482	386	0	462	294
254	482	386	2	476	282
308	482	386	107	472	283
386	482	386	242	461	282
451	482	386	378	451	280
482	482	386	454	445	276
513	482	386	542	438	279
544	482	386	638	431	275
575	482	386	742	420	271
606	482	386	861	408	268
637	482	386	944	398	259
668	482	386	970	386	258
800	482	386	1023	311	213
924	482	386	1023	224	178
0	513	386	0	508	321
62	513	386	0	509	321
123	513	386	0	513	311
185	513	386	0	522	301
254	513	386	0	535	280
308	513	386	83	534	276
386	513	386	221	526	275
451	513	386	354	516	273
482	513	386	430	510	272
513	513	386	518	504	269
544	513	386	610	494	273
575	513	386	714	484	271
606	513	386	829	472	265
637	513	386	933	462	258
668	513	386	963	448	257
800	513	386	1023	368	216
924	513	386	1023	260	176
0	544	386	0	572	331
62	544	386	0	572	331
123	544	386	0	576	322
185	544	386	0	585	306
254	544	386	0	598	277
308	544	386	58	605	271
386	544	386	198	597	269
451	544	386	332	587	268
482	544	386	406	581	266
513	544	386	488	574	265
544	544	386	581	564	263
575	544	386	688	555	266
606	544	386	799	544	264
637	544	386	921	533	257
668	544	386	953	518	255
800	544	386	1023	431	220
924	544	386	1023	303	174
0	575	386	0	637	341
62	575	386	0	637	340
123	575	386	0	642	333
185	575	386	0	651	311
254	575	386	0	666	282
308	575	386	24	678	263
386	575	386	174	668	263
451	575	386	307	662	262
482	575	386	378	655	261
513	575	386	460	648	261
544	575	386	552	643	261
575	575	386	653	632	257
606	575	386	771	623	256
637	575	386	903	611	258
668	575	386	943	595	253
800	575	386	1023	503	222
924	575	386	1023	354	175
0	606	386	0	708	349
62	606	386	0	708	347
123	606	386	0	713	339
185	606	386	0	724	319
254	606	386	0	741	290
308	606	386	0	763	258
386	606	386	152	754	258
451	606	386	281	744	256
482	606	386	352	739	256
513	606	386	431	733	255
544	606	386	522	729	256
575	606	386	621	719	255
606	606	386	738	710	252
637	606	386	868	701	251
668	606	386	931	684	252
800	606	386	1023	580	223
924	606	386	1023	414	175
0	637	386	0	790	357
62	637	386	0	790	355
123	637	386	0	796	347
185	637	386	0	807	326
254	637	386	0	826	297
308	637	386	0	848	259
386	637	386	129	848	252
451	637	386	255	842	251
482	637	386	327	837	251
513	637	386	403	830	251
544	637	386	492	825	251
575	637	386	592	816	251
606	637	386	704	806	250
637	637	386	833	798	248
668	637	386	918	778	228
800	637	386	1023	669	223
924	637	386	1023	482	176
0	668	386	0	883	363
62	668	386	0	883	361
123	668	386	0	889	355
185	668	386	0	902	337
254	668	386	0	908	287
308	668	386	0	914	237
386	668	386	103	917	244
451	668	386	230	915	244
482	668	386	298	913	244
513	668	386	372	912	243
544	668	386	459	910	243
575	668	386	555	904	242
606	668	386	663	898	243
637	668	386	785	888	239
668	668	386	892	875	222
800	668	386	1023	764	221
924	668	386	1023	558	177
0	800	386	0	1014	393
62	800	386	0	1014	389
123	800	386	0	1016	366
185	800	386	0	1018	390
254	800	386	0	1023	303
308	800	386	0	1023	278
386	800	386	0	1023	216
451	800	386	105	1023	203
482	800	386	167	1023	203
513	800	386	227	1023	203
544	800	386	297	1023	204
575	800	386	376	1023	203
606	800	386	464	1023	203
637	800	386	564	1023	203
668	800	386	678	1023	202
800	800	386	1023	1023	199
924	800	386	1023	922	181
0	924	386	0	1023	423
62	924	386	0	1023	421
123	924	386	0	1023	407
185	924	386	0	1023	400
254	924	386	0	1023	360
308	924	386	0	1023	320
386	924	386	0	1023	257
451	924	386	0	1023	191
482	924	386	49	1023	183
513	924	386	116	1023	183
544	924	386	181	1023	183
575	924	386	248	1023	184
606	924	386	321	1023	184
637	924	386	407	1023	185
668	924	386	505	1023	185
800	924	386	960	1023	188
924	924	386	1023	1023	185
0	0	451	0	2	430
62	0	451	0	0	449
123	0	451	34	0	464
185	0	451	103	0	445
254	0	451	181	0	428
308	0	451	245	0	401
386	0	451	354	0	383
451	0	451	466	0	380
482	0	451	534	0	376
513	0	451	605	0	371
544	0	451	690	0	368
575	0	451	774	0	365
606	0	451	874	0	360
637	0	451	960	0	338
668	0	451	976	0	340
800	0	451	1023	0	327
924	0	451	1023	0	276
0	62	451	0	11	425
62	62	451	0	4	443
123	62	451	3	0	497
185	62	451	90	0	490
254	62	451	178	0	450
308	62	451	247	0	416
386	62	451	359	0	394
451	62	451	474	0	382
482	62	451	543	0	379
513	62	451	615	0	376
544	62	451	700	0	371
575	62	451	789	0	366
606	62	451	887	0	363
637	62	451	962	0	340
668	62	451	978	0	342
800	62	451	1023	0	326
924	62	451	1023	0	274
0	123	451	0	59	405
62	123	451	0	55	426
123	123	451	0	41	491
185	123	451	83	36	487
254	123	451	171	27	476
308	123	451	245	15	454
386	123	451	374	1	429
451	123	451	505	0	408
482	123	451	576	0	396
513	123	451	656	0	390
544	123	451	739	0	383
575	123	451	830	0	377
606	123	451	933	0	370
637	123	451	969	0	344
668	123	451	985	0	345
800	123	451	1023	0	322
924	123	451	1023	0	268
0	185	451	0	107	375
62	185	451	0	104	392
123	185	451	0	97	463
185	185	451	69	92	481
254	185	451	158	84	470
308	185	451	233	75	450
386	185	451	364	61	424
451	185	451	502	48	410
482	185	451	582	40	405
513	185	451	671	32	402
544	185	451	768	23	393
575	185	451	877	14	386
606	185	451	963	5	375
637	185	451	981	1	369
668	185	451	998	0	361
800	185	451	1023	0	313
924	185	451	1023	0	256
0	254	451	0	165	347
62	254	451	0	164	360
123	254	451	0	161	408
185	254	451	38	157	434
254	254	451	135	150	449
308	254	451	210	142	437
386	254	451	344	129	422
451	254	451	484	119	410
482	254	451	565	113	404
513	254	451	654	106	400
544	254	451	750	99	393
575	254	451	859	91	384
606	254	451	959	83	374
637	254	451	978	75	367
668	254	451	996	66	365
800	254	451	1023	11	305
924	254	451	1023	6	246
0	308	451	0	210	337
62	308	451	0	210	345
123	308	451	0	210	375
185	308	451	1	209	414
254	308	451	110	204	414
308	308	451	188	198	427
386	308	451	326	188	417
451	308	451	466	178	407
482	308	451	546	172	401
513	308	451	637	166	397
544	308	451	732	159	392
575	308	451	839	151	385
606	308	451	953	143	375
637	308	451	973	135	368
668	308	451	993	127	361
800	308	451	1023	82	310
924	308	451	1023	63	246
0	386	451	0	300	350
62	386	451	0	300	354
123	386	451	0	303	366
185	386	451	0	307	392
254	386	451	70	307	399
308	386	451	153	303	398
386	386	451	289	293	406
451	386	451	430	283	400
482	386	451	511	277	397
513	386	451	599	270	393
544	386	451	695	262	386
575	386	451	801	255	382
606	386	451	920	244	374
637	386	451	964	235	366
668	386	451	986	226	359
800	386	451	1023	171	309
924	386	451	1023	127	244
0	451	451	0	396	379
62	451	451	0	398	373
123	451	451	0	402	377
185	451	451	0	407	386
254	451	451	22	414	398
308	451	451	118	410	396
386	451	451	254	402	395
451	451	451	393	393	393
482	451	451	470	385	396
513	451	451	556	379	395
544	451	451	654	370	390
575	451	451	760	361	379
606	451	451	875	351	374
637	451	451	951	338	363
668	451	451	975	327	357
800	451	451	1023	261	309
924	451	451	1023	188	242
0	482	451	0	451	386
62	482	451	0	451	386
123	482	451	0	455	382
185	482	451	0	460	386
254	482	451	0	473	391
308	482	451	99	469	391
386	482	451	235	461	388
451	482	451	371	449	385
482	482	451	448	444	380
513	482	451	535	436	385
544	482	451	630	430	383
575	482	451	734	419	379
606	482	451	850	408	370
637	482	451	943	396	356
668	482	451	969	384	354
800	482	451	1023	310	309
924	482	451	1023	221	240
0	513	451	0	506	388
62	513	451	0	506	388
123	513	451	0	510	390
185	513	451	0	519	381
254	513	451	0	531	384
308	513	451	75	533	381
386	513	451	214	526	379
451	513	451	350	514	379
482	513	451	424	510	378
513	513	451	509	502	374
544	513	451	603	494	378
575	513	451	709	483	375
606	513	451	822	472	366
637	513	451	932	460	355
668	513	451	961	446	353
800	513	451	1023	368	300
924	513	451	1023	259	237
0	544	451	0	570	400
62	544	451	0	572	400
123	544	451	0	574	398
185	544	451	0	583	385
254	544	451	0	596	374
308	544	451	49	602	376
386	544	451	192	593	374
451	544	451	326	584	372
482	544	451	399	580	370
513	544	451	479	572	369
544	544	451	574	564	364
575	544	451	678	555	369
606	544	451	793	545	364
637	544	451	919	532	356
668	544	451	950	518	354
800	544	451	1023	432	305
924	544	451	1023	303	238
0	575	451	0	634	411
62	575	451	0	636	411
123	575	451	0	640	407
185	575	451	0	647	392
254	575	451	0	662	375
308	575	451	17	677	365
386	575	451	168	668	365
451	575	451	300	660	364
482	575	451	372	655	362
513	575	451	454	647	361
544	575	451	545	638	358
575	575	451	647	630	357
606	575	451	762	621	362
637	575	451	893	611	358
668	575	451	942	593	350
800	575	451	1023	504	309
924	575	451	1023	356	238
0	606	451	0	705	422
62	606	451	0	707	422
123	606	451	0	712	418
185	606	451	0	720	399
254	606	451	0	737	379
308	606	451	0	756	358
386	606	451	146	754	357
451	606	451	274	745	356
482	606	451	346	737	356
513	606	451	426	733	354
544	606	451	514	725	354
575	606	451	615	717	353
606	606	451	729	707	350
637	606	451	861	699	353
668	606	451	930	682	350
800	606	451	1023	582	310
924	606	451	1023	414	240
0	637	451	0	787	427
62	637	451	0	790	425
123	637	451	0	796	419
185	637	451	0	804	408
254	637	451	0	823	388
308	637	451	0	845	357
386	637	451	122	848	349
451	637	451	249	842	349
482	637	451	321	834	349
513	637	451	398	830	351
544	637	451	486	822	349
575	637	451	585	813	347
606	637	451	696	807	347
637	637	451	823	798	344
668	637	451	916	779	319
800	637	451	1023	667	310
924	637	451	1023	482	242
0	668	451	0	880	441
62	668	451	0	883	439
123	668	451	0	889	433
185	668	451	0	899	421
254	668	451	0	907	383
308	668	451	0	913	327
386	668	451	97	917	339
451	668	451	225	914	339
482	668	451	292	913	339
513	668	451	367	911	341
544	668	451	453	910	341
575	668	451	549	904	337
606	668	451	655	898	336
637	668	451	775	888	334
668	668	451	890	876	309
800	668	451	1023	762	309
924	668	451	1023	560	244
0	800	451	0	1013	504
62	800	451	0	1013	499
123	800	451	0	1015	481
185	800	451	0	1018	447
254	800	451	0	1023	395
308	800	451	0	1023	355
386	800	451	0	1023	292
451	800	451	99	1023	287
482	800	451	162	1023	287
513	800	451	222	1023	286
544	800	451	292	1023	286
575	800	451	371	1023	286
606	800	451	457	1023	285
637	800	451	557	1023	285
668	800	451	670	1023	284
800	800	451	1023	1023	279
924	800	451	1023	922	252
0	924	451	0	1023	519
62	924	451	0	1023	514
123	924	451	0	1023	503
185	924	451	0	1023	481
254	924	451	0	1023	459
308	924	451	0	1023	409
386	924	451	0	1023	337
451	924	451	0	1023	270
482	924	451	41	1023	257
513	924	451	111	1023	257
544	924	451	176	1023	258
575	924	451	243	1023	259
606	924	451	317	1023	260
637	924	451	402	1023	260
668	924	451	499	1023	262
800	924	451	955	1023	267
924	924	451	1023	1023	262
0	0	482	0	2	471
62	0	482	0	0	491
123	0	482	29	0	513
185	0	482	97	0	501
254	0	482	176	0	481
308	0	482	241	0	461
386	0	482	350	0	437
451	0	482	464	0	429
482	0	482	531	0	426
513	0	482	602	0	423
544	0	482	686	0	418
575	0	482	774	0	414
606	0	482	870	0	411
637	0	482	960	0	391
668	0	482	976	0	391
800	0	482	1023	0	376
924	0	482	1023	0	311
0	62	482	0	11	468
62	62	482	0	5	486
123	62	482	1	0	558
185	62	482	84	0	548
254	62	482	171	0	506
308	62	482	240	0	473
386	62	482	356	0	448
451	62	482	471	0	435
482	62	482	540	0	431
513	62	482	615	0	426
544	62	482	697	0	423
575	62	482	786	0	417
606	62	482	884	0	412
637	62	482	962	0	392
668	62	482	978	0	392
800	62	482	1023	0	374
924	62	482	1023	0	308
0	123	482	0	56	455
62	123	482	0	53	473
123	123	482	0	40	550
185	123	482	76	34	550
254	123	482	163	24	536
308	123	482	236	13	515
386	123	482	368	1	490
451	123	482	499	0	468
482	123	482	570	0	453
513	123	482	650	0	447
544	123	482	736	0	438
575	123	482	827	0	431
606	123	482	930	0	424
637	123	482	968	0	396
668	123	482	984	0	396
800	123	482	1023	0	369
924	123	482	1023	0	301
0	185	482	0	104	429
62	185	482	0	102	447
123	185	482	0	94	513
185	185	482	60	87	541
254	185	482	150	81	529
308	185	482	225	73	511
386	185	482	357	60	486
451	185	482	497	46	473
482	185	482	577	39	467
513	185	482	667	31	463
544	185	482	765	22	453
575	185	482	873	13	445
606	185	482	961	3	433
637	185	482	980	0	425
668	185	482	997	0	418
800	185	482	1023	0	360
924	185	482	1023	0	289
0	254	482	0	163	401
62	254	482	0	162	414
123	254	482	0	158	440
185	254	482	29	152	517
254	254	482	129	147	512
308	254	482	203	140	500
386	254	482	340	128	485
451	254	482	480	118	471
482	254	482	560	112	465
513	254	482	651	106	459
544	254	482	747	98	452
575	254	482	854	90	444
606	254	482	955	83	433
637	254	482	975	74	425
668	254	482	995	65	423
800	254	482	1023	9	352
924	254	482	1023	4	280
0	308	482	0	209	385
62	308	482	0	209	393
123	308	482	0	209	427
185	308	482	0	207	475
254	308	482	106	203	475
308	308	482	184	198	488
386	308	482	319	187	477
451	308	482	462	177	470
482	308	482	542	171	465
513	308	482	631	166	459
544	308	482	728	158	451
575	308	482	836	151	443
606	308	482	952	143	433
637	308	482	972	134	425
668	308	482	992	126	417
800	308	482	1023	82	358
924	308	482	1023	62	279
0	386	482	0	300	390
62	386	482	0	300	394
123	386	482	0	303	400
185	386	482	0	305	439
254	386	482	65	306	460
308	386	482	150	301	459
386	386	482	284	292	466
451	386	482	427	282	463
482	386	482	506	277	459
513	386	482	593	270	454
544	386	482	691	262	447
575	386	482	797	253	440
606	386	482	917	245	433
637	386	482	963	235	425
668	386	482	985	226	417
800	386	482	1023	171	357
924	386	482	1023	126	278
0	451	482	0	396	409
62	451	482	0	398	409
123	451	482	0	399	415
185	451	482	0	406	432
254	451	482	15	412	457
308	451	482	115	408	457
386	451	482	251	402	455
451	451	482	390	393	451
482	451	482	466	385	450
513	451	482	553	377	445
544	451	482	647	370	441
575	451	482	754	361	437
606	451	482	872	349	428
637	451	482	950	338	420
668	451	482	974	328	413
800	451	482	1023	261	359
924	451	482	1023	188	276
0	482	482	0	450	420
62	482	482	0	450	422
123	482	482	0	454	422
185	482	482	0	459	432
254	482	482	0	470	449
308	482	482	95	468	451
386	482	482	233	459	448
451	482	482	368	449	445
482	482	482	444	444	444
513	482	482	530	436	445
544	482	482	625	429	441
575	482	482	729	419	437
606	482	482	846	408	427
637	482	482	940	396	411
668	482	482	967	384	412
800	482	482	1023	310	358
924	482	482	1023	220	274
0	513	482	0	506	432
62	513	482	0	506	432
123	513	482	0	510	429
185	513	482	0	516	433
254	513	482	0	531	440
308	513	482	71	530	442
386	513	482	211	524	439
451	513	482	345	514	436
482	513	482	421	508	436
513	513	482	505	500	431
544	513	482	600	492	436
575	513	482	703	483	434
606	513	482	819	472	430
637	513	482	930	460	412
668	513	482	959	447	410
800	513	482	1023	367	359
924	513	482	1023	258	272
0	544	482	0	570	442
62	544	482	0	570	444
123	544	482	0	574	444
185	544	482	0	582	436
254	544	482	0	595	436
308	544	482	44	600	432
386	544	482	188	593	431
451	544	482	322	583	431
482	544	482	396	577	429
513	544	482	477	571	427
544	544	482	571	564	423
575	544	482	671	555	429
606	544	482	790	543	422
637	544	482	918	532	415
668	544	482	950	517	408
800	544	482	1023	433	353
924	544	482	1023	303	274
0	575	482	0	633	447
62	575	482	0	635	447
123	575	482	0	637	447
185	575	482	0	646	433
254	575	482	0	661	426
308	575	482	12	673	425
386	575	482	165	668	423
451	575	482	296	660	421
482	575	482	369	653	419
513	575	482	450	647	417
544	575	482	541	638	417
575	575	482	642	630	412
606	575	482	759	621	417
637	575	482	889	611	413
668	575	482	941	594	407
800	575	482	1023	502	356
924	575	482	1023	354	275
0	606	482	0	705	458
62	606	482	0	707	458
123	606	482	0	710	456
185	606	482	0	720	441
254	606	482	0	737	427
308	606	482	0	756	415
386	606	482	143	751	413
451	606	482	269	745	411
482	606	482	342	737	411
513	606	482	422	733	410
544	606	482	511	725	410
575	606	482	610	717	408
606	606	482	726	707	406
637	606	482	854	699	410
668	606	482	929	682	405
800	606	482	1023	582	358
924	606	482	1023	416	276
0	637	482	0	787	470
62	637	482	0	790	470
123	637	482	0	796	465
185	637	482	0	804	453
254	637	482	0	823	435
308	637	482	0	845	413
386	637	482	119	848	404
451	637	482	247	839	404
482	637	482	318	834	404
513	637	482	395	826	404
544	637	482	481	823	402
575	637	482	580	813	403
606	637	482	693	804	403
637	637	482	819	795	399
668	637	482	912	777	402
800	637	482	1023	668	359
924	637	482	1023	482	278
0	668	482	0	880	479
62	668	482	0	883	477
123	668	482	0	886	472
185	668	482	0	899	467
254	668	482	0	907	420
308	668	482	0	912	374
386	668	482	94	916	390
451	668	482	222	914	389
482	668	482	290	913	389
513	668	482	364	911	389
544	668	482	449	910	392
575	668	482	546	904	389
606	668	482	653	897	388
637	668	482	772	888	386
668	668	482	888	877	356
800	668	482	1023	763	357
924	668	482	1023	562	280
0	800	482	0	1013	521
62	800	482	0	1013	516
123	800	482	0	1015	497
185	800	482	0	1018	468
254	800	482	0	1023	439
308	800	482	0	1023	398
386	800	482	0	1023	338
451	800	482	96	1023	330
482	800	482	159	1023	330
513	800	482	219	1023	330
544	800	482	289	1023	330
575	800	482	368	1023	330
606	800	482	453	1023	330
637	800	482	555	1023	330
668	800	482	667	1023	329
800	800	482	1023	1023	323
924	800	482	1023	924	290
0	924	482	0	1023	558
62	924	482	0	1023	555
123	924	482	0	1023	543
185	924	482	0	1023	523
254	924	482	0	1023	503
308	924	482	0	1023	458
386	924	482	0	1023	386
451	924	482	0	1023	313
482	924	482	37	1023	297
513	924	482	108	1023	299
544	924	482	174	1023	299
575	924	482	241	1023	300
606	924	482	314	1023	300
637	924	482	400	1023	303
668	924	482	497	1023	304
800	924	482	953	1023	307
924	924	482	1023	1023	304
0	0	513	0	2	517
62	0	513	0	1	539
123	0	513	24	0	568
185	0	513	93	0	555
254	0	513	170	0	537
308	0	513	234	0	517
386	0	513	346	0	492
451	0	513	461	0	485
482	0	513	528	0	481
513	0	513	601	0	479
544	0	513	683	0	474
575	0	513	770	0	469
606	0	513	869	0	465
637	0	513	957	0	446
668	0	513	974	0	445
800	0	513	1023	0	385
924	0	513	1023	0	351
0	62	513	0	12	513
62	62	513	0	6	536
123	62	513	0	0	616
185	62	513	77	0	601
254	62	513	163	0	562
308	62	513	233	0	533
386	62	513	350	0	507
451	62	513	468	0	496
482	62	513	536	0	489
513	62	513	611	0	483
544	62	513	693	0	479
575	62	513	781	0	475
606	62	513	879	0	468
637	62	513	959	0	447
668	62	513	976	0	446
800	62	513	1023	0	385
924	62	513	1023	0	347
0	123	513	0	55	497
62	123	513	0	52	520
123	123	513	0	39	598
185	123	513	66	30	611
254	123	513	153	21	600
308	123	513	228	10	580
386	123	513	360	1	560
451	123	513	494	0	532
482	123	513	565	0	519
513	123	513	644	0	510
544	123	513	729	0	500
575	123	513	822	0	491
606	123	513	923	0	482
637	123	513	965	0	453
668	123	513	982	0	451
800	123	513	1023	0	386
924	123	513	1023	0	339
0	185	513	0	102	464
62	185	513	0	100	486
123	185	513	0	92	562
185	185	513	51	83	600
254	185	513	142	77	590
308	185	513	217	71	578
386	185	513	352	58	558
451	185	513	492	45	543
482	185	513	571	37	537
513	185	513	662	30	531
544	185	513	756	22	522
575	185	513	867	12	510
606	185	513	957	2	500
637	185	513	977	0	488
668	185	513	994	0	478
800	185	513	1023	0	414
924	185	513	1023	0	327
0	254	513	0	160	432
62	254	513	0	160	448
123	254	513	0	155	512
185	254	513	20	147	582
254	254	513	122	143	577
308	254	513	197	137	569
386	254	513	335	126	554
451	254	513	476	117	540
482	254	513	557	111	534
513	254	513	645	105	530
544	254	513	741	98	522
575	254	513	848	90	513
606	254	513	955	82	496
637	254	513	975	74	487
668	254	513	994	65	484
800	254	513	1023	8	407
924	254	513	1023	4	316
0	308	513	0	207	417
62	308	513	0	207	427
123	308	513	0	207	474
185	308	513	0	204	557
254	308	513	100	200	561
308	308	513	180	195	560
386	308	513	315	186	550
451	308	513	457	175	540
482	308	513	537	170	534
513	308	513	625	165	528
544	308	513	723	158	519
575	308	513	829	150	509
606	308	513	951	142	498
637	308	513	971	133	487
668	308	513	991	125	481
800	308	513	1023	81	413
924	308	513	1023	61	316
0	386	513	0	299	428
62	386	513	0	299	434
123	386	513	0	300	455
185	386	513	0	305	496
254	386	513	60	304	531
308	386	513	145	300	530
386	386	513	281	291	538
451	386	513	420	282	532
482	386	513	500	276	527
513	386	513	590	268	522
544	386	513	684	261	514
575	386	513	792	252	505
606	386	513	909	243	495
637	386	513	961	234	485
668	386	513	984	225	480
800	386	513	1023	171	412
924	386	513	1023	125	316
0	451	513	0	395	460
62	451	513	0	396	451
123	451	513	0	398	458
185	451	513	0	403	482
254	451	513	6	412	522
308	451	513	111	408	522
386	451	513	247	400	517
451	451	513	385	390	522
482	451	513	461	384	518
513	451	513	548	376	513
544	451	513	644	368	507
575	451	513	748	359	500
606	451	513	868	349	491
637	451	513	949	338	482
668	451	513	974	326	476
800	451	513	1023	261	414
924	451	513	1023	187	313
0	482	513	0	447	458
62	482	513	0	449	461
123	482	513	0	453	463
185	482	513	0	459	482
254	482	513	0	468	514
308	482	513	90	468	519
386	482	513	229	458	514
451	482	513	365	449	512
482	482	513	437	441	510
513	482	513	524	436	507
544	482	513	621	427	503
575	482	513	726	419	496
606	482	513	843	407	489
637	482	513	940	394	480
668	482	513	967	382	473
800	482	513	1023	309	414
924	482	513	1023	219	311
0	513	513	0	506	473
62	513	513	0	506	473
123	513	513	0	510	476
185	513	513	0	516	481
254	513	513	0	528	500
308	513	513	66	530	508
386	513	513	207	523	508
451	513	513	341	514	505
482	513	513	417	508	503
513	513	513	500	500	500
544	513	513	594	491	503
575	513	513	700	481	497
606	513	513	813	470	492
637	513	513	929	461	473
668	513	513	958	447	470
800	513	513	1023	367	414
924	513	513	1023	259	311
0	544	513	0	568	483
62	544	513	0	568	483
123	544	513	0	572	488
185	544	513	0	578	483
254	544	513	0	591	493
308	544	513	37	599	498
386	544	513	184	593	496
451	544	513	318	583	494
482	544	513	391	577	491
513	544	513	473	569	489
544	544	513	567	562	483
575	544	513	668	552	489
606	544	513	784	543	486
637	544	513	915	532	482
668	544	513	949	517	471
800	544	513	1023	432	405
924	544	513	1023	303	313
0	575	513	0	632	493
62	575	513	0	632	495
123	575	513	0	637	495
185	575	513	0	646	487
254	575	513	0	661	487
308	575	513	6	673	485
386	575	513	161	666	484
451	575	513	293	658	483
482	575	513	363	650	485
513	575	513	445	644	481
544	575	513	536	638	479
575	575	513	638	630	475
606	575	513	755	621	481
637	575	513	886	609	476
668	575	513	939	594	467
800	575	513	1023	503	411
924	575	513	1023	356	313
0	606	513	0	705	496
62	606	513	0	707	496
123	606	513	0	710	496
185	606	513	0	720	486
254	606	513	0	737	481
308	606	513	0	753	479
386	606	513	139	751	476
451	606	513	266	742	475
482	606	513	339	737	475
513	606	513	417	731	473
544	606	513	507	725	471
575	606	513	607	717	471
606	606	513	720	708	467
637	606	513	851	699	471
668	606	513	927	683	466
800	606	513	1023	583	414
924	606	513	1023	416	316
0	637	513	0	787	511
62	637	513	0	790	511
123	637	513	0	793	508
185	637	513	0	804	500
254	637	513	0	823	486
308	637	513	0	842	469
386	637	513	116	848	467
451	637	513	243	839	467
482	637	513	314	834	467
513	637	513	390	826	465
544	637	513	477	822	465
575	637	513	578	813	463
606	637	513	688	804	462
637	637	513	816	796	461
668	637	513	910	778	464
800	637	513	1023	669	414
924	637	513	1023	484	318
0	668	513	0	880	526
62	668	513	0	883	526
123	668	513	0	886	523
185	668	513	0	899	516
254	668	513	0	906	460
308	668	513	0	912	422
386	668	513	89	916	451
451	668	513	219	914	451
482	668	513	286	912	451
513	668	513	360	911	451
544	668	513	445	908	451
575	668	513	541	904	451
606	668	513	647	897	449
637	668	513	770	888	447
668	668	513	888	877	413
800	668	513	1023	763	412
924	668	513	1023	560	321
0	800	513	0	1013	530
62	800	513	0	1013	530
123	800	513	0	1015	602
185	800	513	0	1018	576
254	800	513	0	1023	487
308	800	513	0	1023	444
386	800	513	0	1023	393
451	800	513	93	1023	384
482	800	513	156	1023	383
513	800	513	216	1023	383
544	800	513	287	1023	383
575	800	513	364	1023	383
606	800	513	452	1023	385
637	800	513	551	1023	383
668	800	513	662	1023	382
800	800	513	1023	1023	374
924	800	513	1023	924	333
0	924	513	0	1023	599
62	924	513	0	1023	596
123	924	513	0	1023	586
185	924	513	0	1023	585
254	924	513	0	1023	549
308	924	513	0	1023	510
386	924	513	0	1023	437
451	924	513	0	1023	364
482	924	513	31	1023	344
513	924	513	104	1023	346
544	924	513	171	1023	346
575	924	513	238	1023	347
606	924	513	311	1023	347
637	924	513	398	1023	349
668	924	513	495	1023	351
800	924	513	951	1023	357
924	924	513	1023	1023	351
0	0	544	0	2	568
62	0	544	0	1	588
123	0	544	18	0	621
185	0	544	86	0	609
254	0	544	162	0	581
308	0	544	227	0	559
386	0	544	341	0	556
451	0	544	458	0	547
482	0	544	525	0	544
513	0	544	598	0	540
544	0	544	682	0	534
575	0	544	765	0	530
606	0	544	864	0	525
637	0	544	955	0	508
668	0	544	972	0	505
800	0	544	1023	0	441
924	0	544	1023	0	391
0	62	544	0	12	561
62	62	544	0	7	583
123	62	544	0	0	661
185	62	544	71	0	654
254	62	544	156	0	622
308	62	544	225	0	596
386	62	544	344	0	571
451	62	544	465	0	560
482	62	544	534	0	551
513	62	544	608	0	547
544	62	544	689	0	542
575	62	544	777	0	535
606	62	544	877	0	528
637	62	544	957	0	510
668	62	544	975	0	506
800	62	544	1023	0	440
924	62	544	1023	0	391
0	123	544	0	54	547
62	123	544	0	51	569
123	123	544	0	38	646
185	123	544	56	27	675
254	123	544	143	19	666
308	123	544	220	8	653
386	123	544	355	0	634
451	123	544	488	0	601
482	123	544	560	0	591
513	123	544	640	0	579
544	123	544	725	0	566
575	123	544	815	0	558
606	123	544	919	0	546
637	123	544	964	0	517
668	123	544	981	0	515
800	123	544	1023	0	440
924	123	544	1023	0	384
0	185	544	0	99	539
62	185	544	0	97	534
123	185	544	0	89	610
185	185	544	42	79	669
254	185	544	134	74	662
308	185	544	208	68	651
386	185	544	344	57	634
451	185	544	486	44	620
482	185	544	566	37	613
513	185	544	657	29	606
544	185	544	751	21	595
575	185	544	861	11	584
606	185	544	957	2	574
637	185	544	976	0	561
668	185	544	994	0	549
800	185	544	1023	0	473
924	185	544	1023	0	369
0	254	544	0	157	501
62	254	544	0	156	498
123	254	544	0	152	560
185	254	544	7	145	653
254	254	544	115	140	649
308	254	544	191	135	643
386	254	544	327	125	629
451	254	544	470	115	618
482	254	544	551	110	612
513	254	544	638	104	605
544	254	544	736	97	596
575	254	544	845	89	585
606	254	544	954	81	569
637	254	544	973	73	559
668	254	544	993	64	554
800	254	544	1023	7	465
924	254	544	1023	4	357
0	308	544	0	206	481
62	308	544	0	206	475
123	308	544	0	206	526
185	308	544	0	202	619
254	308	544	94	196	639
308	308	544	174	192	635
386	308	544	309	184	625
451	308	544	452	175	615
482	308	544	530	169	608
513	308	544	621	163	602
544	308	544	716	157	592
575	308	544	825	149	583
606	308	544	944	141	575
637	308	544	970	134	561
668	308	544	990	126	551
800	308	544	1023	81	473
924	308	544	1023	60	357
0	386	544	0	299	470
62	386	544	0	299	478
123	386	544	0	300	507
185	386	544	0	302	557
254	386	544	54	303	606
308	386	544	141	297	603
386	386	544	276	289	614
451	386	544	416	279	606
482	386	544	495	275	602
513	386	544	585	268	597
544	386	544	680	260	587
575	386	544	786	251	582
606	386	544	905	243	571
637	386	544	960	234	559
668	386	544	982	225	550
800	386	544	1023	170	471
924	386	544	1023	124	357
0	451	544	0	394	504
62	451	544	0	396	499
123	451	544	0	398	513
185	451	544	0	403	540
254	451	544	1	410	596
308	451	544	106	405	595
386	451	544	243	399	592
451	451	544	381	390	596
482	451	544	456	382	591
513	451	544	543	375	586
544	451	544	639	367	583
575	451	544	743	358	576
606	451	544	859	347	566
637	451	544	946	337	556
668	451	544	971	326	546
800	451	544	1023	260	473
924	451	544	1023	186	356
0	482	544	0	447	511
62	482	544	0	449	513
123	482	544	0	451	519
185	482	544	0	456	537
254	482	544	0	466	585
308	482	544	85	464	584
386	482	544	223	456	583
451	482	544	359	446	579
482	482	544	434	440	584
513	482	544	519	434	580
544	482	544	616	427	576
575	482	544	720	416	568
606	482	544	835	407	561
637	482	544	937	395	552
668	482	544	965	382	542
800	482	544	1023	310	473
924	482	544	1023	217	354
0	513	544	0	506	513
62	513	544	0	506	515
123	513	544	0	510	524
185	513	544	0	515	535
254	513	544	0	525	567
308	513	544	61	529	581
386	513	544	202	522	579
451	513	544	338	510	576
482	513	544	412	507	576
513	513	544	496	500	573
544	513	544	589	491	570
575	513	544	694	479	564
606	513	544	810	470	558
637	513	544	928	459	549
668	513	544	957	445	540
800	513	544	1023	368	473
924	513	544	1023	258	354
0	544	544	0	567	527
62	544	544	0	567	527
123	544	544	0	571	535
185	544	544	0	577	535
254	544	544	0	591	557
308	544	544	29	597	570
386	544	544	179	591	572
451	544	544	314	581	569
482	544	544	385	577	567
513	544	544	469	569	564
544	544	544	562	562	562
575	544	544	663	551	564
606	544	544	781	542	558
637	544	544	909	531	553
668	544	544	948	517	539
800	544	544	1023	431	475
924	544	544	1023	303	356
0	575	544	0	632	538
62	575	544	0	632	538
123	575	544	0	637	543
185	575	544	0	643	538
254	575	544	0	658	551
308	575	544	1	673	559
386	575	544	158	666	559
451	575	544	288	655	555
482	575	544	360	650	555
513	575	544	441	645	553
544	575	544	532	636	550
575	575	544	633	628	546
606	575	544	748	618	549
637	575	544	876	609	549
668	575	544	936	594	539
800	575	544	1023	503	471
924	575	544	1023	356	359
0	606	544	0	705	551
62	606	544	0	705	551
123	606	544	0	710	551
185	606	544	0	717	545
254	606	544	0	734	549
308	606	544	0	753	547
386	606	544	136	751	546
451	606	544	262	740	545
482	606	544	336	736	545
513	606	544	413	731	546
544	606	544	503	721	543
575	606	544	603	717	541
606	606	544	717	708	539
637	606	544	846	699	542
668	606	544	926	680	534
800	606	544	1023	580	474
924	606	544	1023	414	361
0	637	544	0	787	554
62	637	544	0	787	554
123	637	544	0	793	554
185	637	544	0	801	554
254	637	544	0	820	544
308	637	544	0	842	543
386	637	544	112	845	538
451	637	544	240	839	538
482	637	544	311	831	537
513	637	544	387	826	536
544	637	544	472	819	535
575	637	544	572	813	534
606	637	544	685	804	532
637	637	544	807	794	527
668	637	544	909	778	533
800	637	544	1023	666	474
924	637	544	1023	482	364
0	668	544	0	880	571
62	668	544	0	883	571
123	668	544	0	886	571
185	668	544	0	896	566
254	668	544	0	906	497
308	668	544	0	911	473
386	668	544	86	916	522
451	668	544	215	913	522
482	668	544	283	912	522
513	668	544	355	911	522
544	668	544	442	907	520
575	668	544	537	904	518
606	668	544	644	896	516
637	668	544	764	888	512
668	668	544	883	874	476
800	668	544	1023	761	471
924	668	544	1023	560	368
0	800	544	0	1012	639
62	800	544	0	1013	639
123	800	544	0	1015	622
185	800	544	0	1017	599
254	800	544	0	1022	556
308	800	544	0	1023	514
386	800	544	0	1023	449
451	800	544	90	1023	442
482	800	544	153	1023	442
513	800	544	212	1023	442
544	800	544	284	1023	441
575	800	544	361	1023	441
606	800	544	448	1023	443
637	800	544	549	1023	441
668	800	544	659	1023	441
800	800	544	1023	1023	430
924	800	544	1023	926	384
0	924	544	0	1023	666
62	924	544	0	1023	663
123	924	544	0	1023	652
185	924	544	0	1023	635
254	924	544	0	1023	599
308	924	544	0	1023	567
386	924	544	0	1023	495
451	924	544	0	1023	418
482	924	544	25	1023	398
513	924	544	101	1023	398
544	924	544	168	1023	400
575	924	544	235	1023	400
606	924	544	308	1023	402
637	924	544	395	1023	404
668	924	544	491	1023	406
800	924	544	951	1023	413
924	924	544	1023	1023	407
0	0	575	0	2	616
62	0	575	0	1	636
123	0	575	13	0	673
185	0	575	81	0	664
254	0	575	156	0	642
308	0	575	221	0	623
386	0	575	336	0	611
451	0	575	454	0	610
482	0	575	522	0	609
513	0	575	595	0	606
544	0	575	677	0	604
575	0	575	764	0	595
606	0	575	861	0	591
637	0	575	955	0	576
668	0	575	972	0	572
800	0	575	1023	0	503
924	0	575	1023	0	439
0	62	575	0	13	609
62	62	575	0	8	631
123	62	575	0	0	714
185	62	575	64	0	718
254	62	575	149	0	687
308	62	575	219	0	664
386	62	575	340	0	640
451	62	575	459	0	629
482	62	575	529	0	621
513	62	575	604	0	617
544	62	575	687	0	611
575	62	575	773	0	604
606	62	575	874	0	597
637	62	575	956	0	578
668	62	575	974	0	574
800	62	575	1023	0	503
924	62	575	1023	0	437
0	123	575	0	52	605
62	123	575	0	49	617
123	123	575	0	37	697
185	123	575	47	24	749
254	123	575	136	16	744
308	123	575	211	6	735
386	123	575	348	0	720
451	123	575	480	0	681
482	123	575	552	0	667
513	123	575	634	0	656
544	123	575	718	0	643
575	123	575	812	0	631
606	123	575	913	0	618
637	123	575	963	0	587
668	123	575	981	0	583
800	123	575	1023	0	502
924	123	575	1023	0	429
0	185	575	0	96	582
62	185	575	0	95	582
123	185	575	0	86	665
185	185	575	32	76	745
254	185	575	126	72	742
308	185	575	200	66	734
386	185	575	339	55	720
451	185	575	479	42	704
482	185	575	558	35	697
513	185	575	649	27	689
544	185	575	746	18	682
575	185	575	854	10	668
606	185	575	955	2	655
637	185	575	975	0	638
668	185	575	993	0	625
800	185	575	1023	0	505
924	185	575	1023	0	416
0	254	575	0	154	550
62	254	575	0	153	568
123	254	575	0	150	616
185	254	575	1	141	736
254	254	575	108	137	735
308	254	575	184	133	731
386	254	575	321	124	718
451	254	575	461	114	706
482	254	575	544	109	698
513	254	575	632	103	690
544	254	575	729	96	678
575	254	575	838	88	668
606	254	575	949	80	648
637	254	575	970	71	637
668	254	575	991	62	632
800	254	575	1023	7	548
924	254	575	1023	3	404
0	308	575	0	206	532
62	308	575	0	205	549
123	308	575	0	204	584
185	308	575	0	199	685
254	308	575	87	195	723
308	308	575	168	191	719
386	308	575	302	182	712
451	308	575	445	173	699
482	308	575	525	169	697
513	308	575	615	163	690
544	308	575	712	155	678
575	308	575	818	149	667
606	308	575	938	140	654
637	308	575	967	132	639
668	308	575	988	124	628
800	308	575	1023	80	544
924	308	575	1023	58	404
0	386	575	0	299	534
62	386	575	0	298	528
123	386	575	0	299	562
185	386	575	0	301	619
254	386	575	47	300	689
308	386	575	135	296	689
386	386	575	271	287	699
451	386	575	411	279	694
482	386	575	490	274	690
513	386	575	578	267	682
544	386	575	673	258	672
575	386	575	780	251	663
606	386	575	897	242	651
637	386	575	957	233	639
668	386	575	981	224	628
800	386	575	1023	171	542
924	386	575	1023	123	404
0	451	575	0	394	551
62	451	575	0	394	557
123	451	575	0	398	568
185	451	575	0	403	602
254	451	575	0	409	677
308	451	575	101	405	677
386	451	575	239	397	676
451	451	575	375	386	682
482	451	575	450	381	675
513	451	575	537	374	670
544	451	575	633	368	665
575	451	575	740	358	656
606	451	575	855	347	645
637	451	575	944	337	634
668	451	575	969	327	624
800	451	575	1023	261	545
924	451	575	1023	185	404
0	482	575	0	446	561
62	482	575	0	448	563
123	482	575	0	450	574
185	482	575	0	455	595
254	482	575	0	464	659
308	482	575	79	463	666
386	482	575	219	454	663
451	482	575	356	444	662
482	482	575	429	438	667
513	482	575	514	433	662
544	482	575	608	426	655
575	482	575	714	416	652
606	482	575	829	404	641
637	482	575	936	395	631
668	482	575	963	383	621
800	482	575	1023	309	548
924	482	575	1023	216	402
0	513	575	0	505	571
62	513	575	0	505	574
123	513	575	0	508	578
185	513	575	0	514	590
254	513	575	0	525	640
308	513	575	55	526	655
386	513	575	197	518	655
451	513	575	333	510	651
482	513	575	406	504	649
513	513	575	490	496	656
544	513	575	584	489	650
575	513	575	687	480	644
606	513	575	801	468	635
637	513	575	925	458	627
668	513	575	954	444	616
800	513	575	1023	366	543
924	513	575	1023	258	402
0	544	575	0	567	583
62	544	575	0	567	576
123	544	575	0	571	585
185	544	575	0	577	591
254	544	575	0	588	626
308	544	575	23	597	652
386	544	575	175	588	652
451	544	575	308	579	647
482	544	575	381	573	644
513	544	575	463	567	641
544	544	575	554	559	638
575	544	575	657	551	637
606	544	575	773	540	630
637	544	575	904	530	624
668	544	575	946	514	613
800	544	575	1023	432	543
924	544	575	1023	303	406
0	575	575	0	632	585
62	575	575	0	632	585
123	575	575	0	637	594
185	575	575	0	643	594
254	575	575	0	658	617
308	575	575	0	673	638
386	575	575	154	664	635
451	575	575	284	655	636
482	575	575	357	648	635
513	575	575	438	643	633
544	575	575	527	636	630
575	575	575	628	628	628
606	575	575	742	619	630
637	575	575	873	609	624
668	575	575	935	592	612
800	575	575	1023	501	543
924	575	575	1023	357	409
0	606	575	0	705	597
62	606	575	0	705	597
123	606	575	0	710	603
185	606	575	0	717	603
254	606	575	0	734	612
308	606	575	0	751	623
386	606	575	131	751	625
451	606	575	258	739	625
482	606	575	331	733	623
513	606	575	408	729	622
544	606	575	498	721	619
575	606	575	598	714	617
606	606	575	711	705	613
637	606	575	839	696	617
668	606	575	924	681	612
800	606	575	1023	581	542
924	606	575	1023	416	413
0	637	575	0	787	612
62	637	575	0	787	612
123	637	575	0	793	614
185	637	575	0	801	617
254	637	575	0	820	615
308	637	575	0	839	615
386	637	575	108	845	615
451	637	575	237	837	613
482	637	575	306	830	612
513	637	575	381	826	612
544	637	575	468	817	613
575	637	575	567	809	612
606	637	575	680	804	610
637	637	575	804	794	604
668	637	575	908	779	608
800	637	575	1023	667	542
924	637	575	1023	484	416
0	668	575	0	880	618
62	668	575	0	880	621
123	668	575	0	886	621
185	668	575	0	896	621
254	668	575	0	906	535
308	668	575	0	911	612
386	668	575	81	916	596
451	668	575	212	913	602
482	668	575	278	912	600
513	668	575	352	911	600
544	668	575	437	907	600
575	668	575	531	900	595
606	668	575	639	894	592
637	668	575	761	888	590
668	668	575	881	875	544
800	668	575	1023	762	541
924	668	575	1023	562	418
0	800	575	0	1012	657
62	800	575	0	1013	657
123	800	575	0	1015	645
185	800	575	0	1018	627
254	800	575	0	1022	691
308	800	575	0	1023	570
386	800	575	0	1023	514
451	800	575	87	1023	508
482	800	575	149	1023	508
513	800	575	209	1023	508
544	800	575	280	1023	507
575	800	575	357	1023	507
606	800	575	444	1023	510
637	800	575	544	1023	507
668	800	575	654	1023	507
800	800	575	1023	1023	495
924	800	575	1023	928	439
0	924	575	0	1023	715
62	924	575	0	1023	711
123	924	575	0	1023	703
185	924	575	0	1023	685
254	924	575	0	1023	677
308	924	575	0	1023	642
386	924	575	0	1023	558
451	924	575	0	1023	480
482	924	575	18	1023	455
513	924	575	99	1023	458
544	924	575	165	1023	458
575	924	575	231	1023	460
606	924	575	306	1023	462
637	924	575	391	1023	464
668	924	575	488	1023	466
800	924	575	949	1023	474
924	924	575	1023	1023	468
0	0	606	0	2	667
62	0	606	0	1	689
123	0	606	8	0	736
185	0	606	76	0	726
254	0	606	150	0	710
308	0	606	215	0	698
386	0	606	332	0	688
451	0	606	451	0	686
482	0	606	517	0	680
513	0	606	590	0	679
544	0	606	674	0	677
575	0	606	759	0	671
606	0	606	860	0	662
637	0	606	954	0	650
668	0	606	971	0	644
800	0	606	1023	0	573
924	0	606	1023	0	493
0	62	606	0	13	665
62	62	606	0	8	685
123	62	606	0	1	770
185	62	606	59	0	788
254	62	606	143	0	763
308	62	606	212	0	740
386	62	606	335	0	719
451	62	606	456	0	704
482	62	606	523	0	698
513	62	606	600	0	693
544	62	606	684	0	686
575	62	606	768	0	678
606	62	606	870	0	671
637	62	606	955	0	653
668	62	606	973	0	646
800	62	606	1023	0	573
924	62	606	1023	0	491
0	123	606	0	50	657
62	123	606	0	47	671
123	123	606	0	35	752
185	123	606	37	21	836
254	123	606	129	13	831
308	123	606	202	3	828
386	123	606	340	0	817
451	123	606	474	0	770
482	123	606	546	0	757
513	123	606	627	0	739
544	123	606	712	0	726
575	123	606	804	0	713
606	123	606	908	0	697
637	123	606	961	0	665
668	123	606	979	0	660
800	123	606	1023	0	571
924	123	606	1023	0	482
0	185	606	0	94	633
62	185	606	0	91	655
123	185	606	0	84	725
185	185	606	21	73	833
254	185	606	119	69	831
308	185	606	193	64	826
386	185	606	331	53	814
451	185	606	471	40	803
482	185	606	553	33	796
513	185	606	642	26	787
544	185	606	739	17	775
575	185	606	847	8	763
606	185	606	951	1	744
637	185	606	972	0	726
668	185	606	990	0	709
800	185	606	1023	0	574
924	185	606	1023	0	468
0	254	606	0	153	608
62	254	606	0	151	625
123	254	606	0	147	679
185	254	606	0	137	824
254	254	606	101	134	826
308	254	606	179	131	822
386	254	606	313	122	812
451	254	606	455	113	799
482	254	606	536	108	793
513	254	606	625	102	783
544	254	606	722	95	770
575	254	606	830	87	759
606	254	606	947	79	748
637	254	606	969	70	728
668	254	606	990	61	723
800	254	606	1023	6	625
924	254	606	1023	3	453
0	308	606	0	204	590
62	308	606	0	204	604
123	308	606	0	202	646
185	308	606	0	198	761
254	308	606	80	192	815
308	308	606	162	189	813
386	308	606	295	181	808
451	308	606	439	171	797
482	308	606	519	168	792
513	308	606	608	162	783
544	308	606	705	154	771
575	308	606	810	148	759
606	308	606	930	139	744
637	308	606	965	131	727
668	308	606	987	123	714
800	308	606	1023	80	621
924	308	606	1023	57	455
0	386	606	0	297	589
62	386	606	0	297	600
123	386	606	0	298	622
185	386	606	0	300	689
254	386	606	38	297	786
308	386	606	130	292	785
386	386	606	264	285	796
451	386	606	405	277	789
482	386	606	484	271	782
513	386	606	571	265	774
544	386	606	667	258	763
575	386	606	772	249	755
606	386	606	891	241	742
637	386	606	955	233	727
668	386	606	978	224	715
800	386	606	1023	170	618
924	386	606	1023	121	455
0	451	606	0	394	603
62	451	606	0	396	608
123	451	606	0	397	627
185	451	606	0	400	676
254	451	606	0	405	771
308	451	606	94	403	772
386	451	606	233	395	768
451	451	606	368	385	775
482	451	606	444	380	767
513	451	606	531	373	761
544	451	606	626	365	755
575	451	606	731	355	746
606	451	606	848	345	734
637	451	606	943	334	725
668	451	606	969	324	713
800	451	606	1023	260	621
924	451	606	1023	184	455
0	482	606	0	446	613
62	482	606	0	447	619
123	482	606	0	449	632
185	482	606	0	455	668
254	482	606	0	461	742
308	482	606	73	459	757
386	482	606	213	452	759
451	482	606	349	442	764
482	482	606	423	437	761
513	482	606	508	431	757
544	482	606	603	424	750
575	482	606	707	415	741
606	482	606	823	404	730
637	482	606	935	391	720
668	482	606	962	380	708
800	482	606	1023	309	630
924	482	606	1023	215	453
0	513	606	0	504	621
62	513	606	0	504	627
123	513	606	0	508	635
185	513	606	0	512	663
254	513	606	0	521	717
308	513	606	48	524	745
386	513	606	193	517	744
451	513	606	328	508	740
482	513	606	403	502	737
513	513	606	485	495	745
544	513	606	577	487	738
575	513	606	680	478	733
606	513	606	795	467	728
637	513	606	924	456	716
668	513	606	953	444	704
800	513	606	1023	367	620
924	513	606	1023	258	458
0	544	606	0	567	634
62	544	606	0	567	637
123	544	606	0	571	648
185	544	606	0	577	651
254	544	606	0	587	699
308	544	606	17	595	741
386	544	606	171	587	730
451	544	606	303	579	729
482	544	606	375	573	726
513	544	606	458	565	725
544	544	606	550	557	730
575	544	606	650	548	725
606	544	606	766	539	719
637	544	606	897	530	713
668	544	606	945	515	699
800	544	606	1023	430	621
924	544	606	1023	303	460
0	575	606	0	632	646
62	575	606	0	632	649
123	575	606	0	636	647
185	575	606	0	643	654
254	575	606	0	654	687
308	575	606	0	669	726
386	575	606	150	663	727
451	575	606	278	653	724
482	575	606	351	646	723
513	575	606	430	640	720
544	575	606	523	634	717
575	575	606	620	625	714
606	575	606	735	617	714
637	575	606	866	607	708
668	575	606	934	593	696
800	575	606	1023	502	619
924	575	606	1023	356	466
0	606	606	0	705	648
62	606	606	0	707	648
123	606	606	0	710	658
185	606	606	0	717	665
254	606	606	0	734	682
308	606	606	0	748	707
386	606	606	126	745	711
451	606	606	255	739	714
482	606	606	326	732	712
513	606	606	404	725	711
544	606	606	492	721	708
575	606	606	593	712	705
606	606	606	705	705	705
637	606	606	831	697	708
668	606	606	921	681	697
800	606	606	1023	581	618
924	606	606	1023	416	468
0	637	606	0	787	663
62	637	606	0	787	666
123	637	606	0	793	669
185	637	606	0	801	679
254	637	606	0	820	681
308	637	606	0	836	693
386	637	606	103	844	702
451	637	606	233	833	702
482	637	606	301	830	701
513	637	606	377	823	700
544	637	606	464	817	700
575	637	606	562	809	697
606	637	606	672	800	694
637	637	606	798	791	688
668	637	606	906	773	693
800	637	606	1023	666	620
924	637	606	1023	484	472
0	668	606	0	880	681
62	668	606	0	880	681
123	668	606	0	886	684
185	668	606	0	896	687
254	668	606	0	906	673
308	668	606	0	910	685
386	668	606	76	915	685
451	668	606	208	913	685
482	668	606	273	912	685
513	668	606	347	910	685
544	668	606	433	906	682
575	668	606	526	900	685
606	668	606	633	893	679
637	668	606	752	888	677
668	668	606	880	875	622
800	668	606	1023	761	615
924	668	606	1023	565	478
0	800	606	0	1013	787
62	800	606	0	1013	787
123	800	606	0	1015	780
185	800	606	0	1018	760
254	800	606	0	1022	734
308	800	606	0	1023	629
386	800	606	0	1023	582
451	800	606	83	1023	582
482	800	606	145	1023	582
513	800	606	207	1023	582
544	800	606	277	1023	581
575	800	606	352	1023	580
606	800	606	441	1023	580
637	800	606	538	1023	579
668	800	606	652	1023	581
800	800	606	1023	1023	567
924	800	606	1023	928	503
0	924	606	0	1023	753
62	924	606	0	1023	753
123	924	606	0	1023	749
185	924	606	0	1023	764
254	924	606	0	1023	737
308	924	606	0	1023	703
386	924	606	0	1023	627
451	924	606	0	1023	549
482	924	606	11	1023	523
513	924	606	95	1023	523
544	924	606	161	1023	526
575	924	606	227	1023	528
606	924	606	303	1023	530
637	924	606	386	1023	532
668	924	606	484	1023	535
800	924	606	945	1023	544
924	924	606	1023	1023	537
0	0	637	0	2	725
62	0	637	0	1	746
123	0	637	2	0	808
185	0	637	71	0	802
254	0	637	146	0	789
308	0	637	210	0	777
386	0	637	328	0	768
451	0	637	447	0	765
482	0	637	513	0	760
513	0	637	588	0	763
544	0	637	669	0	755
575	0	637	756	0	750
606	0	637	855	0	730
637	0	637	950	0	732
668	0	637	968	0	724
800	0	637	1023	0	651
924	0	637	1023	0	549
0	62	637	0	13	722
62	62	637	0	9	741
123	62	637	0	1	837
185	62	637	54	0	869
254	62	637	138	0	843
308	62	637	206	0	825
386	62	637	329	0	794
451	62	637	450	0	785
482	62	637	519	0	781
513	62	637	595	0	778
544	62	637	676	0	769
575	62	637	765	0	761
606	62	637	864	0	753
637	62	637	952	0	736
668	62	637	970	0	729
800	62	637	1023	0	650
924	62	637	1023	0	549
0	123	637	0	49	712
62	123	637	0	46	733
123	123	637	0	35	821
185	123	637	28	19	938
254	123	637	121	11	937
308	123	637	195	2	934
386	123	637	332	0	919
451	123	637	464	0	868
482	123	637	540	0	852
513	123	637	620	0	832
544	123	637	703	0	818
575	123	637	799	0	800
606	123	637	902	0	786
637	123	637	958	0	750
668	123	637	977	0	743
800	123	637	1023	0	648
924	123	637	1023	0	539
0	185	637	0	92	695
62	185	637	0	90	718
123	185	637	0	83	795
185	185	637	8	71	934
254	185	637	111	67	932
308	185	637	187	62	932
386	185	637	323	51	924
451	185	637	463	38	909
482	185	637	546	31	904
513	185	637	633	24	893
544	185	637	731	15	880
575	185	637	837	6	864
606	185	637	950	1	843
637	185	637	970	0	823
668	185	637	989	0	802
800	185	637	1023	0	651
924	185	637	1023	0	526
0	254	637	0	151	670
62	254	637	0	149	688
123	254	637	0	145	753
185	254	637	0	137	910
254	254	637	94	132	928
308	254	637	172	129	926
386	254	637	306	120	919
451	254	637	447	112	907
482	254	637	529	106	899
513	254	637	617	100	891
544	254	637	714	93	878
575	254	637	820	86	865
606	254	637	941	77	849
637	254	637	966	69	826
668	254	637	988	60	820
800	254	637	1023	6	710
924	254	637	1023	3	510
0	308	637	0	202	653
62	308	637	0	202	669
123	308	637	0	201	715
185	308	637	0	195	841
254	308	637	73	189	925
308	308	637	156	186	921
386	308	637	289	179	915
451	308	637	431	171	904
482	308	637	512	166	899
513	308	637	599	160	886
544	308	637	696	153	873
575	308	637	803	146	860
606	308	637	921	139	846
637	308	637	962	130	825
668	308	637	984	122	814
800	308	637	1023	79	707
924	308	637	1023	55	512
0	386	637	0	296	650
62	386	637	0	297	659
123	386	637	0	298	689
185	386	637	0	298	780
254	386	637	30	294	892
308	386	637	124	291	890
386	386	637	260	283	901
451	386	637	397	276	896
482	386	637	476	270	889
513	386	637	562	263	878
544	386	637	659	257	867
575	386	637	766	249	860
606	386	637	882	240	845
637	386	637	952	231	829
668	386	637	977	222	815
800	386	637	1023	169	704
924	386	637	1023	119	514
0	451	637	0	394	675
62	451	637	0	395	671
123	451	637	0	396	690
185	451	637	0	399	748
254	451	637	0	401	868
308	451	637	88	399	873
386	451	637	227	391	872
451	451	637	362	383	875
482	451	637	436	376	875
513	451	637	522	370	869
544	451	637	618	364	862
575	451	637	723	354	851
606	451	637	839	345	838
637	451	637	938	334	823
668	451	637	965	324	810
800	451	637	1023	260	707
924	451	637	1023	183	514
0	482	637	0	446	676
62	482	637	0	447	682
123	482	637	0	449	698
185	482	637	0	454	739
254	482	637	0	459	829
308	482	637	66	458	862
386	482	637	207	451	861
451	482	637	343	440	867
482	482	637	416	435	864
513	482	637	503	429	859
544	482	637	596	423	850
575	482	637	699	413	841
606	482	637	814	403	829
637	482	637	929	392	820
668	482	637	958	380	807
800	482	637	1023	308	716
924	482	637	1023	215	516
0	513	637	0	504	679
62	513	637	0	504	683
123	513	637	0	505	706
185	513	637	0	510	733
254	513	637	0	520	799
308	513	637	39	524	844
386	513	637	186	516	848
451	513	637	322	506	844
482	513	637	396	499	854
513	513	637	478	494	849
544	513	637	570	483	842
575	513	637	674	476	835
606	513	637	788	467	827
637	513	637	918	456	815
668	513	637	951	442	800
800	513	637	1023	365	707
924	513	637	1023	258	516
0	544	637	0	566	691
62	544	637	0	566	694
123	544	637	0	570	710
185	544	637	0	576	728
254	544	637	0	583	779
308	544	637	10	591	832
386	544	637	166	584	829
451	544	637	298	575	827
482	544	637	371	571	824
513	544	637	452	563	823
544	544	637	544	555	829
575	544	637	644	548	823
606	544	637	760	538	816
637	544	637	888	527	813
668	544	637	941	514	799
800	544	637	1023	431	707
924	544	637	1023	304	523
0	575	637	0	630	702
62	575	637	0	630	705
123	575	637	0	634	718
185	575	637	0	641	729
254	575	637	0	653	766
308	575	637	0	665	821
386	575	637	145	658	816
451	575	637	274	650	814
482	575	637	346	646	814
513	575	637	426	638	811
544	575	637	514	632	809
575	575	637	616	623	814
606	575	637	733	615	810
637	575	637	859	606	806
668	575	637	931	591	793
800	575	637	1023	502	707
924	575	637	1023	357	528
0	606	637	0	704	716
62	606	637	0	707	719
123	606	637	0	709	729
185	606	637	0	717	732
254	606	637	0	730	757
308	606	637	0	745	795
386	606	637	121	745	813
451	606	637	250	736	810
482	606	637	321	732	810
513	606	637	399	725	807
544	606	637	486	717	804
575	606	637	587	712	804
606	606	637	698	703	800
637	606	637	825	697	800
668	606	637	919	679	790
800	606	637	1023	579	703
924	606	637	1023	416	532
0	637	637	0	787	719
62	637	637	0	789	722
123	637	637	0	792	729
185	637	637	0	800	743
254	637	637	0	815	757
308	637	637	0	833	780
386	637	637	99	840	797
451	637	637	228	833	797
482	637	637	297	829	800
513	637	637	372	821	798
544	637	637	458	816	797
575	637	637	557	809	794
606	637	637	666	800	794
637	637	637	791	791	791
668	637	637	902	774	790
800	637	637	1023	667	704
924	637	637	1023	484	537
0	668	637	0	880	737
62	668	637	0	883	741
123	668	637	0	886	744
185	668	637	0	896	754
254	668	637	0	905	727
308	668	637	0	910	760
386	668	637	70	915	785
451	668	637	203	913	784
482	668	637	269	911	784
513	668	637	344	907	784
544	668	637	427	903	782
575	668	637	522	900	778
606	668	637	628	894	772
637	668	637	747	884	768
668	668	637	878	875	710
800	668	637	1023	761	703
924	668	637	1023	562	542
0	800	637	0	1013	812
62	800	637	0	1013	812
123	800	637	0	1015	805
185	800	637	0	1018	798
254	800	637	0	1022	783
308	800	637	0	1023	696
386	800	637	0	1023	659
451	800	637	79	1023	666
482	800	637	141	1023	666
513	800	637	204	1023	666
544	800	637	274	1023	664
575	800	637	349	1023	664
606	800	637	435	1023	664
637	800	637	533	1023	661
668	800	637	647	1023	661
800	800	637	1023	1023	647
924	800	637	1023	930	574
0	924	637	0	1023	799
62	924	637	0	1023	799
123	924	637	0	1023	794
185	924	637	0	1023	788
254	924	637	0	1023	774
308	924	637	0	1023	758
386	924	637	0	1023	701
451	924	637	0	1023	624
482	924	637	4	1023	596
513	924	637	91	1023	596
544	924	637	158	1023	599
575	924	637	224	1023	604
606	924	637	299	1023	604
637	924	637	383	1023	607
668	924	637	480	1023	609
800	924	637	943	1023	619
924	924	637	1023	1023	617
0	0	668	0	2	789
62	0	668	0	1	813
123	0	668	2	0	892
185	0	668	68	0	885
254	0	668	140	0	875
308	0	668	206	0	867
386	0	668	322	0	858
451	0	668	442	0	854
482	0	668	509	0	850
513	0	668	584	0	851
544	0	668	663	0	843
575	0	668	751	0	838
606	0	668	848	0	819
637	0	668	950	0	770
668	0	668	968	0	772
800	0	668	1023	0	738
924	0	668	1023	0	614
0	62	668	0	14	789
62	62	668	0	10	811
123	62	668	0	1	914
185	62	668	49	0	959
254	62	668	133	0	934
308	62	668	201	0	909
386	62	668	323	0	889
451	62	668	445	0	880
482	62	668	515	0	873
513	62	668	591	0	870
544	62	668	669	0	859
575	62	668	759	0	839
606	62	668	857	0	830
637	62	668	951	0	829
668	62	668	970	0	818
800	62	668	1023	0	737
924	62	668	1023	0	612
0	123	668	0	47	778
62	123	668	0	44	804
123	123	668	0	34	898
185	123	668	16	16	1023
254	123	668	115	8	1023
308	123	668	188	2	1023
386	123	668	322	0	1021
451	123	668	456	0	982
482	123	668	530	0	957
513	123	668	612	0	935
544	123	668	695	0	917
575	123	668	790	0	901
606	123	668	893	0	882
637	123	668	956	0	848
668	123	668	975	0	838
800	123	668	1023	0	734
924	123	668	1023	0	601
0	185	668	0	90	762
62	185	668	0	89	787
123	185	668	0	82	869
185	185	668	1	68	1023
254	185	668	104	64	1023
308	185	668	180	59	1023
386	185	668	313	48	1021
451	185	668	454	37	1009
482	185	668	535	30	1003
513	185	668	624	22	991
544	185	668	722	14	977
575	185	668	828	4	964
606	185	668	944	1	945
637	185	668	966	0	928
668	185	668	986	0	911
800	185	668	1023	0	738
924	185	668	1023	0	589
0	254	668	0	148	740
62	254	668	0	148	763
123	254	668	0	143	831
185	254	668	0	136	993
254	254	668	86	130	1023
308	254	668	165	126	1023
386	254	668	298	118	1020
451	254	668	440	110	1010
482	254	668	519	104	1005
513	254	668	608	98	989
544	254	668	705	91	978
575	254	668	810	84	964
606	254	668	933	76	945
637	254	668	964	68	932
668	254	668	986	59	915
800	254	668	1023	6	791
924	254	668	1023	3	574
0	308	668	0	202	722
62	308	668	0	201	740
123	308	668	0	200	807
185	308	668	0	193	928
254	308	668	65	188	1023
308	308	668	149	183	1020
386	308	668	281	175	1017
451	308	668	423	169	1007
482	308	668	502	164	998
513	308	668	588	158	989
544	308	668	684	152	975
575	308	668	795	144	964
606	308	668	910	137	948
637	308	668	958	129	929
668	308	668	981	121	913
800	308	668	1023	79	791
924	308	668	1023	53	576
0	386	668	0	296	717
62	386	668	0	296	731
123	386	668	0	296	777
185	386	668	0	295	867
254	386	668	20	292	992
308	386	668	118	287	1012
386	386	668	254	282	1009
451	386	668	391	273	1001
482	386	668	469	267	990
513	386	668	554	260	983
544	386	668	651	254	975
575	386	668	757	247	960
606	386	668	874	238	946
637	386	668	949	230	930
668	386	668	974	221	914
800	386	668	1023	169	794
924	386	668	1023	119	579
0	451	668	0	394	732
62	451	668	0	394	738
123	451	668	0	395	768
185	451	668	0	397	830
254	451	668	0	399	970
308	451	668	81	397	981
386	451	668	219	388	980
451	451	668	355	380	984
482	451	668	429	374	978
513	451	668	515	369	973
544	451	668	611	361	966
575	451	668	715	351	953
606	451	668	829	343	942
637	451	668	936	332	926
668	451	668	964	322	910
800	451	668	1023	259	801
924	451	668	1023	181	579
0	482	668	0	447	742
62	482	668	0	446	751
123	482	668	0	448	769
185	482	668	0	451	819
254	482	668	0	454	928
308	482	668	59	453	970
386	482	668	201	446	969
451	482	668	337	439	974
482	482	668	411	433	971
513	482	668	494	427	966
544	482	668	589	419	960
575	482	668	691	411	950
606	482	668	806	400	936
637	482	668	928	390	925
668	482	668	957	378	909
800	482	668	1023	308	804
924	482	668	1023	215	581
0	513	668	0	502	752
62	513	668	0	502	759
123	513	668	0	505	769
185	513	668	0	509	810
254	513	668	0	517	895
308	513	668	30	519	957
386	513	668	181	511	953
451	513	668	315	503	952
482	513	668	388	497	960
513	513	668	472	490	955
544	513	668	563	482	949
575	513	668	666	474	939
606	513	668	780	464	929
637	513	668	909	455	919
668	513	668	949	441	904
800	513	668	1023	366	802
924	513	668	1023	258	584
0	544	668	0	564	752
62	544	668	0	564	755
123	544	668	0	568	777
185	544	668	0	572	804
254	544	668	0	582	868
308	544	668	2	589	937
386	544	668	160	582	937
451	544	668	292	572	937
482	544	668	365	566	934
513	544	668	445	559	944
544	544	668	537	555	939
575	544	668	636	543	933
606	544	668	751	536	924
637	544	668	883	527	917
668	544	668	939	511	901
800	544	668	1023	429	801
924	544	668	1023	303	589
0	575	668	0	629	765
62	575	668	0	629	768
123	575	668	0	634	783
185	575	668	0	640	802
254	575	668	0	650	849
308	575	668	0	661	924
386	575	668	139	657	921
451	575	668	268	648	921
482	575	668	340	641	921
513	575	668	418	637	918
544	575	668	510	629	916
575	575	668	611	623	922
606	575	668	721	614	917
637	575	668	852	605	912
668	575	668	930	589	899
800	575	668	1023	499	800
924	575	668	1023	356	596
0	606	668	0	703	777
62	606	668	0	705	781
123	606	668	0	707	795
185	606	668	0	714	807
254	606	668	0	728	840
308	606	668	0	742	896
386	606	668	117	745	921
451	606	668	246	734	910
482	606	668	316	728	910
513	606	668	394	723	910
544	606	668	481	716	906
575	606	668	579	708	905
606	606	668	692	701	910
637	606	668	821	691	905
668	606	668	918	677	895
800	606	668	1023	579	798
924	606	668	1023	416	601
0	637	668	0	784	792
62	637	668	0	787	795
123	637	668	0	789	806
185	637	668	0	797	812
254	637	668	0	813	838
308	637	668	0	830	875
386	637	668	93	839	909
451	637	668	223	832	909
482	637	668	292	825	909
513	637	668	366	820	909
544	637	668	453	813	906
575	637	668	550	806	902
606	637	668	661	800	902
637	637	668	785	791	898
668	637	668	900	775	888
800	637	668	1023	665	794
924	637	668	1023	484	607
0	668	668	0	879	801
62	668	668	0	882	805
123	668	668	0	886	812
185	668	668	0	895	827
254	668	668	0	905	783
308	668	668	0	910	834
386	668	668	64	915	894
451	668	668	199	911	891
482	668	668	263	908	890
513	668	668	338	907	898
544	668	668	422	901	894
575	668	668	516	897	891
606	668	668	621	890	884
637	668	668	741	884	880
668	668	668	872	872	872
800	668	668	1023	759	795
924	668	668	1023	565	617
0	800	668	0	1013	795
62	800	668	0	1013	795
123	800	668	0	1015	795
185	800	668	0	1017	795
254	800	668	0	1022	792
308	800	668	0	1023	756
386	800	668	0	1023	772
451	800	668	75	1023	760
482	800	668	137	1023	760
513	800	668	200	1023	758
544	800	668	268	1023	757
575	800	668	343	1023	757
606	800	668	430	1023	757
637	800	668	528	1023	755
668	800	668	640	1023	752
800	800	668	1023	1023	735
924	800	668	1023	930	652
0	924	668	0	1023	843
62	924	668	0	1023	843
123	924	668	0	1023	839
185	924	668	0	1023	834
254	924	668	0	1023	826
308	924	668	0	1023	812
386	924	668	0	1023	769
451	924	668	0	1023	712
482	924	668	3	1023	678
513	924	668	87	1023	681
544	924	668	155	1023	681
575	924	668	220	1023	684
606	924	668	294	1023	689
637	924	668	381	1023	692
668	924	668	474	1023	695
800	924	668	938	1023	707
924	924	668	1023	1023	704
0	0	800	0	5	1023
62	0	800	0	2	1023
123	0	800	0	0	1023
185	0	800	51	0	1023
254	0	800	125	0	1023
308	0	800	185	0	1023
386	0	800	299	0	1021
451	0	800	417	0	1018
482	0	800	482	0	1015
513	0	800	554	0	1011
544	0	800	632	0	1007
575	0	800	722	0	1002
606	0	800	817	0	998
637	0	800	926	0	993
668	0	800	952	0	977
800	0	800	1023	0	945
924	0	800	1023	0	877
0	62	800	0	16	1023
62	62	800	0	13	1023
123	62	800	0	2	1023
185	62	800	27	0	1023
254	62	800	114	0	1023
308	62	800	179	0	1023
386	62	800	296	0	1021
451	62	800	417	0	1019
482	62	800	483	0	1016
513	62	800	558	0	1013
544	62	800	636	0	1008
575	62	800	727	0	1005
606	62	800	822	0	1001
637	62	800	929	0	981
668	62	800	953	0	980
800	62	800	1023	0	950
924	62	800	1023	0	875
0	123	800	0	45	1023
62	123	800	0	42	1023
123	123	800	0	32	1023
185	123	800	0	13	1023
254	123	800	76	1	1023
308	123	800	152	0	1023
386	123	800	283	0	1023
451	123	800	416	0	1022
482	123	800	488	0	1020
513	123	800	567	0	1018
544	123	800	652	0	1013
575	123	800	746	0	1010
606	123	800	849	0	1006
637	123	800	933	0	994
668	123	800	958	0	992
800	123	800	1023	0	964
924	123	800	1023	0	873
0	185	800	0	86	1023
62	185	800	0	85	1023
123	185	800	0	78	1023
185	185	800	0	65	1023
254	185	800	65	51	1023
308	185	800	143	45	1023
386	185	800	269	34	1023
451	185	800	407	23	1023
482	185	800	481	18	1023
513	185	800	568	12	1023
544	185	800	662	4	1023
575	185	800	768	1	1023
606	185	800	888	0	1023
637	185	800	940	0	1023
668	185	800	967	0	1019
800	185	800	1023	0	996
924	185	800	1023	0	869
0	254	800	0	143	1023
62	254	800	0	143	1023
123	254	800	0	139	1023
185	254	800	0	129	1023
254	254	800	44	117	1023
308	254	800	129	113	1023
386	254	800	257	105	1023
451	254	800	392	97	1023
482	254	800	467	93	1023
513	254	800	551	88	1023
544	254	800	644	82	1023
575	254	800	752	76	1023
606	254	800	872	68	1023
637	254	800	933	60	1023
668	254	800	965	51	1023
800	254	800	1023	5	1023
924	254	800	1023	1	860
0	308	800	0	196	1016
62	308	800	0	195	1017
123	308	800	0	192	1019
185	308	800	0	184	1023
254	308	800	20	172	1023
308	308	800	113	168	1023
386	308	800	243	162	1023
451	308	800	375	155	1023
482	308	800	451	151	1023
513	308	800	535	146	1023
544	308	800	627	140	1023
575	308	800	734	134	1023
606	308	800	852	128	1023
637	308	800	928	121	1023
668	308	800	960	114	1023
800	308	800	1023	75	1023
924	308	800	1023	42	862
0	386	800	0	290	1003
62	386	800	0	290	1004
123	386	800	0	288	1008
185	386	800	0	285	1015
254	386	800	0	275	1023
308	386	800	82	268	1023
386	386	800	215	261	1023
451	386	800	347	254	1023
482	386	800	419	250	1023
513	386	800	503	245	1023
544	386	800	594	241	1023
575	386	800	699	235	1023
606	386	800	815	228	1023
637	386	800	920	221	1023
668	386	800	953	213	1023
800	386	800	1023	165	1023
924	386	800	1023	111	869
0	451	800	0	387	992
62	451	800	0	387	993
123	451	800	0	387	997
185	451	800	0	386	1005
254	451	800	0	380	1018
308	451	800	41	373	1023
386	451	800	184	366	1023
451	451	800	316	359	1023
482	451	800	386	353	1023
513	451	800	469	350	1023
544	451	800	559	345	1023
575	451	800	662	338	1023
606	451	800	775	330	1023
637	451	800	907	323	1023
668	451	800	942	311	1023
800	451	800	1023	254	1023
924	451	800	1023	179	875
0	482	800	0	438	990
62	482	800	0	437	991
123	482	800	0	438	991
185	482	800	0	438	999
254	482	800	0	438	1013
308	482	800	16	431	1023
386	482	800	167	424	1023
451	482	800	299	416	1023
482	482	800	370	411	1023
513	482	800	449	407	1023
544	482	800	540	401	1023
575	482	800	644	393	1023
606	482	800	756	388	1023
637	482	800	885	379	1023
668	482	800	936	367	1023
800	482	800	1023	302	1023
924	482	800	1023	214	879
0	513	800	0	496	987
62	513	800	0	496	988
123	513	800	0	497	990
185	513	800	0	498	992
254	513	800	0	498	1008
308	513	800	0	495	1023
386	513	800	151	487	1023
451	513	800	279	480	1023
482	513	800	350	474	1023
513	513	800	430	470	1023
544	513	800	520	465	1023
575	513	800	617	459	1023
606	513	800	734	451	1023
637	513	800	862	442	1023
668	513	800	929	431	1023
800	513	800	1023	359	1023
924	513	800	1023	258	886
0	544	800	0	558	979
62	544	800	0	558	980
123	544	800	0	559	985
185	544	800	0	561	983
254	544	800	0	564	1001
308	544	800	0	567	1019
386	544	800	132	559	1023
451	544	800	259	552	1023
482	544	800	332	546	1023
513	544	800	409	541	1023
544	544	800	497	538	1023
575	544	800	596	528	1023
606	544	800	709	523	1023
637	544	800	835	515	1023
668	544	800	922	501	1023
800	544	800	1023	423	1023
924	544	800	1023	304	890
0	575	800	0	624	969
62	575	800	0	624	970
123	575	800	0	625	975
185	575	800	0	628	980
254	575	800	0	637	994
308	575	800	0	642	1014
386	575	800	112	637	1023
451	575	800	241	630	1023
482	575	800	311	626	1023
513	575	800	385	620	1023
544	575	800	473	615	1023
575	575	800	573	607	1023
606	575	800	682	601	1023
637	575	800	809	593	1023
668	575	800	913	580	1023
800	575	800	1023	492	1023
924	575	800	1023	357	896
0	606	800	0	700	964
62	606	800	0	699	965
123	606	800	0	702	970
185	606	800	0	708	975
254	606	800	0	715	989
308	606	800	0	725	1008
386	606	800	90	727	1023
451	606	800	221	719	1023
482	606	800	288	715	1023
513	606	800	364	708	1023
544	606	800	448	701	1023
575	606	800	546	697	1023
606	606	800	656	690	1023
637	606	800	777	678	1023
668	606	800	897	665	1023
800	606	800	1023	571	1023
924	606	800	1023	420	905
0	637	800	0	783	960
62	637	800	0	783	962
123	637	800	0	786	966
185	637	800	0	794	975
254	637	800	0	805	985
308	637	800	0	816	1003
386	637	800	62	825	1023
451	637	800	198	815	1023
482	637	800	263	812	1023
513	637	800	339	804	1023
544	637	800	423	800	1023
575	637	800	517	792	1023
606	637	800	621	781	1023
637	637	800	741	772	1023
668	637	800	873	759	1023
800	637	800	1023	657	1023
924	637	800	1023	488	909
0	668	800	0	876	961
62	668	800	0	876	961
123	668	800	0	879	966
185	668	800	0	887	973
254	668	800	0	894	971
308	668	800	0	896	995
386	668	800	23	898	1023
451	668	800	171	893	1023
482	668	800	237	891	1023
513	668	800	309	889	1023
544	668	800	389	885	1023
575	668	800	484	882	1023
606	668	800	585	877	1023
637	668	800	700	865	1023
668	668	800	826	849	1023
800	668	800	1023	751	1023
924	668	800	1023	569	917
0	800	800	0	1013	979
62	800	800	0	1013	979
123	800	800	0	1014	982
185	800	800	0	1017	987
254	800	800	0	1021	994
308	800	800	0	1023	986
386	800	800	0	1023	1008
451	800	800	48	1023	1021
482	800	800	115	1023	1021
513	800	800	180	1023	1021
544	800	800	248	1023	1021
575	800	800	320	1023	1021
606	800	800	406	1023	1021
637	800	800	503	1023	1021
668	800	800	611	1023	1023
800	800	800	1023	1023	1023
924	800	800	1023	938	955
0	924	800	0	1023	1017
62	924	800	0	1023	1017
123	924	800	0	1023	1019
185	924	800	0	1023	1019
254	924	800	0	1023	1021
308	924	800	0	1023	1023
386	924	800	0	1023	1010
451	924	800	0	1023	989
482	924	800	0	1023	979
513	924	800	68	1023	979
544	924	800	135	1023	981
575	924	800	203	1023	983
606	924	800	276	1023	985
637	924	800	359	1023	987
668	924	800	453	1023	989
800	924	800	926	1023	1000
924	924	800	1023	1023	1006
0	0	924	0	9	1023
62	0	924	0	6	1023
123	0	924	0	1	1023
185	0	924	23	0	1023
254	0	924	99	0	1023
308	0	924	155	0	1023
386	0	924	253	0	1023
451	0	924	360	0	1023
482	0	924	417	0	1023
513	0	924	483	0	1023
544	0	924	554	0	1023
575	0	924	635	0	1023
606	0	924	722	0	1023
637	0	924	820	0	1023
668	0	924	874	0	1023
800	0	924	1023	0	1023
924	0	924	1023	0	1023
0	62	924	0	17	1023
62	62	924	0	14	1023
123	62	924	0	4	1023
185	62	924	6	0	1023
254	62	924	85	0	1023
308	62	924	144	0	1023
386	62	924	244	0	1023
451	62	924	353	0	1023
482	62	924	411	0	1023
513	62	924	477	0	1023
544	62	924	551	0	1023
575	62	924	630	0	1023
606	62	924	721	0	1023
637	62	924	818	0	1023
668	62	924	873	0	1023
800	62	924	1023	0	1023
924	62	924	1023	0	1023
0	123	924	0	42	1023
62	123	924	0	39	1023
123	123	924	0	26	1023
185	123	924	0	8	1023
254	123	924	13	0	1023
308	123	924	98	0	1023
386	123	924	210	0	1023
451	123	924	324	0	1023
482	123	924	385	0	1023
513	123	924	454	0	1023
544	123	924	532	0	1023
575	123	924	617	0	1023
606	123	924	710	0	1023
637	123	924	810	0	1023
668	123	924	866	0	1023
800	123	924	1023	0	1023
924	123	924	1023	0	1023
0	185	924	0	83	1023
62	185	924	0	81	1023
123	185	924	0	72	1023
185	185	924	0	53	1023
254	185	924	3	20	1023
308	185	924	83	14	1023
386	185	924	185	4	1023
451	185	924	288	3	1023
482	185	924	346	2	1023
513	185	924	414	1	1023
544	185	924	493	0	1023
575	185	924	581	0	1023
606	185	924	688	0	1023
637	185	924	783	0	1023
668	185	924	859	0	1023
800	185	924	1023	0	1023
924	185	924	1023	0	1023
0	254	924	0	138	1023
62	254	924	0	136	1023
123	254	924	0	127	1023
185	254	924	0	110	1023
254	254	924	1	80	1023
308	254	924	71	77	1023
386	254	924	174	72	1023
451	254	924	278	66	1023
482	254	924	334	63	1023
513	254	924	404	59	1023
544	254	924	480	55	1023
575	254	924	565	51	1023
606	254	924	664	44	1023
637	254	924	765	37	1023
668	254	924	848	29	1023
800	254	924	1023	2	1023
924	254	924	1023	0	1023
0	308	924	0	189	1023
62	308	924	0	186	1023
123	308	924	0	178	1023
185	308	924	0	161	1023
254	308	924	0	131	1023
308	308	924	58	123	1023
386	308	924	164	118	1023
451	308	924	267	112	1023
482	308	924	324	110	1023
513	308	924	393	106	1023
544	308	924	466	103	1023
575	308	924	551	99	1023
606	308	924	647	95	1023
637	308	924	755	91	1023
668	308	924	837	87	1023
800	308	924	1023	65	1023
924	308	924	1023	23	1023
0	386	924	0	280	1023
62	386	924	0	280	1023
123	386	924	0	271	1023
185	386	924	0	254	1023
254	386	924	0	222	1023
308	386	924	21	203	1023
386	386	924	143	198	1023
451	386	924	246	193	1023
482	386	924	303	191	1023
513	386	924	369	188	1023
544	386	924	441	185	1023
575	386	924	526	182	1023
606	386	924	624	178	1023
637	386	924	733	174	1023
668	386	924	816	171	1023
800	386	924	1023	150	1023
924	386	924	1023	105	1023
0	451	924	0	376	1023
62	451	924	0	375	1023
123	451	924	0	366	1023
185	451	924	0	351	1023
254	451	924	0	322	1023
308	451	924	0	286	1023
386	451	924	120	283	1023
451	451	924	224	278	1023
482	451	924	281	274	1023
513	451	924	344	270	1023
544	451	924	418	268	1023
575	451	924	499	264	1023
606	451	924	594	260	1023
637	451	924	704	257	1023
668	451	924	797	252	1023
800	451	924	1023	231	1023
924	451	924	1023	178	1023
0	482	924	0	429	1023
62	482	924	0	427	1023
123	482	924	0	419	1023
185	482	924	0	404	1023
254	482	924	0	376	1023
308	482	924	0	340	1023
386	482	924	108	327	1023
451	482	924	210	323	1023
482	482	924	270	320	1023
513	482	924	331	316	1023
544	482	924	406	313	1023
575	482	924	486	310	1023
606	482	924	581	306	1023
637	482	924	687	303	1023
668	482	924	786	297	1023
800	482	924	1023	278	1023
924	482	924	1023	214	1023
0	513	924	0	484	1023
62	513	924	0	482	1023
123	513	924	0	476	1023
185	513	924	0	462	1023
254	513	924	0	436	1023
308	513	924	0	403	1023
386	513	924	93	383	1023
451	513	924	199	376	1023
482	513	924	257	373	1023
513	513	924	317	369	1023
544	513	924	390	366	1023
575	513	924	472	363	1023
606	513	924	565	359	1023
637	513	924	669	354	1023
668	513	924	774	349	1023
800	513	924	1023	327	1023
924	513	924	1023	258	1023
0	544	924	0	544	1023
62	544	924	0	543	1023
123	544	924	0	536	1023
185	544	924	0	523	1023
254	544	924	0	499	1023
308	544	924	0	469	1023
386	544	924	80	441	1023
451	544	924	187	436	1023
482	544	924	243	432	1023
513	544	924	304	429	1023
544	544	924	374	425	1023
575	544	924	455	421	1023
606	544	924	549	418	1023
637	544	924	652	413	1023
668	544	924	761	409	1023
800	544	924	1023	386	1023
924	544	924	1023	306	1023
0	575	924	0	611	1023
62	575	924	0	609	1023
123	575	924	0	603	1023
185	575	924	0	593	1023
254	575	924	0	571	1023
308	575	924	0	545	1023
386	575	924	63	512	1023
451	575	924	174	505	1023
482	575	924	227	501	1023
513	575	924	289	499	1023
544	575	924	359	495	1023
575	575	924	439	491	1023
606	575	924	528	486	1023
637	575	924	632	480	1023
668	575	924	746	474	1023
800	575	924	1023	449	1023
924	575	924	1023	361	1023
0	606	924	0	684	1023
62	606	924	0	682	1023
123	606	924	0	677	1023
185	606	924	0	667	1023
254	606	924	0	650	1023
308	606	924	0	625	1023
386	606	924	39	586	1023
451	606	924	158	579	1023
482	606	924	210	576	1023
513	606	924	274	571	1023
544	606	924	342	567	1023
575	606	924	421	565	1023
606	606	924	512	560	1023
637	606	924	612	553	1023
668	606	924	727	549	1023
800	606	924	1023	523	1023
924	606	924	1023	421	1023
0	637	924	0	766	1023
62	637	924	0	763	1023
123	637	924	0	759	1023
185	637	924	0	751	1023
254	637	924	0	734	1023
308	637	924	0	714	1023
386	637	924	4	675	1023
451	637	924	140	664	1023
482	637	924	195	661	1023
513	637	924	257	655	1023
544	637	924	324	652	1023
575	637	924	402	647	1023
606	637	924	491	642	1023
637	637	924	589	637	1023
668	637	924	704	632	1023
800	637	924	1023	607	1023
924	637	924	1023	493	1023
0	668	924	0	848	1023
62	668	924	0	847	1023
123	668	924	0	843	1023
185	668	924	0	836	1023
254	668	924	0	822	1023
308	668	924	0	802	1023
386	668	924	0	763	1023
451	668	924	121	757	1023
482	668	924	179	755	1023
513	668	924	240	750	1023
544	668	924	306	748	1023
575	668	924	383	744	1023
606	668	924	470	741	1023
637	668	924	569	735	1023
668	668	924	681	730	1023
800	668	924	1023	698	1023
924	668	924	1023	574	1023
0	800	924	0	1009	1023
62	800	924	0	1010	1023
123	800	924	0	1011	1023
185	800	924	0	1014	1023
254	800	924	0	1020	1023
308	800	924	0	1023	1023
386	800	924	0	1023	1023
451	800	924	4	1023	1023
482	800	924	89	1023	1023
513	800	924	154	1023	1023
544	800	924	219	1023	1023
575	800	924	290	1023	1023
606	800	924	371	1023	1023
637	800	924	462	1023	1023
668	800	924	567	1023	1023
800	800	924	1002	1017	1023
924	800	924	1023	947	1023
0	924	924	0	1023	1023
62	924	924	0	1023	1023
123	924	924	0	1023	1023
185	924	924	0	1023	1023
254	924	924	0	1023	1023
308	924	924	0	1023	1023
386	924	924	0	1023	1023
451	924	924	0	1023	1023
482	924	924	0	1023	1023
513	924	924	38	1023	1023
544	924	924	114	1023	1023
575	924	924	184	1023	1023
606	924	924	258	1023	1023
637	924	924	336	1023	1023
668	924	924	430	1023	1023
800	924	924	909	1023	1023
924	924	924	1023	1023	1023